// 'angy20000', 128x50px
const unsigned char epd_bitmap_angy20000 [] PROGMEM = {
	0xff, 0xff, 0xff, 0xff, 0xff, 0xff, 0xff, 0xff, 0xff, 0xff, 0xff, 0xff, 0xff, 0xff, 0xff, 0xff, 
	0xff, 0xff, 0xff, 0xff, 0xff, 0xff, 0xff, 0xff, 0xff, 0xff, 0xff, 0xff, 0xff, 0xff, 0xff, 0xff, 
	0xff, 0xff, 0xff, 0xff, 0xff, 0xff, 0xff, 0xff, 0xff, 0xff, 0xff, 0xff, 0xff, 0xff, 0xff, 0xff, 
	0xff, 0xff, 0xff, 0xff, 0xff, 0xff, 0xff, 0xff, 0xff, 0xff, 0xff, 0xff, 0xff, 0xff, 0xff, 0xff, 
	0xff, 0xff, 0xff, 0xff, 0xff, 0xff, 0xff, 0xff, 0xff, 0xff, 0xff, 0xff, 0xff, 0xff, 0xff, 0xff, 
	0xff, 0xff, 0xff, 0xff, 0xff, 0xff, 0xff, 0xff, 0xff, 0xff, 0xff, 0xff, 0xff, 0xff, 0xff, 0xff, 
	0xff, 0xff, 0xff, 0xff, 0xff, 0xff, 0xff, 0xff, 0xff, 0xff, 0xff, 0xff, 0xff, 0xff, 0xff, 0xff, 
	0xff, 0xff, 0xff, 0xff, 0xff, 0xff, 0xff, 0xff, 0xff, 0xff, 0xff, 0x07, 0xe0, 0xff, 0xff, 0xff, 
	0xff, 0xff, 0x03, 0xbc, 0xff, 0xff, 0xff, 0xff, 0xff, 0xff, 0xff, 0x03, 0xe0, 0xff, 0xff, 0xff, 
	0xff, 0xff, 0x03, 0x00, 0xff, 0xff, 0xff, 0xff, 0xff, 0xff, 0xff, 0xff, 0xff, 0xff, 0xff, 0xff, 
	0xff, 0xff, 0xff, 0xff, 0xff, 0xff, 0xff, 0xff, 0xff, 0xff, 0xff, 0xff, 0xff, 0xff, 0xff, 0xff, 
	0xff, 0xff, 0xff, 0xff, 0xff, 0xff, 0xff, 0xff, 0xff, 0xff, 0xff, 0xff, 0xff, 0xff, 0xff, 0xff, 
	0xff, 0xff, 0xff, 0xff, 0xf1, 0xff, 0xff, 0xff, 0xff, 0xff, 0x01, 0x0c, 0x00, 0x00, 0xfe, 0xff, 
	0xff, 0x01, 0x00, 0x00, 0xc0, 0xf0, 0xff, 0xff, 0xff, 0x3f, 0x00, 0x00, 0x00, 0x00, 0xff, 0xff, 
	0xff, 0x00, 0x00, 0x00, 0x00, 0xf0, 0xff, 0xff, 0xff, 0xff, 0xff, 0x00, 0x00, 0xf0, 0xff, 0xff, 
	0xff, 0x7e, 0x00, 0x00, 0xe0, 0xff, 0xff, 0xff, 0xff, 0xff, 0x7f, 0x3c, 0xc0, 0xff, 0xff, 0xff, 
	0xff, 0xff, 0x8f, 0x1f, 0xfc, 0xff, 0xff, 0xff, 0xff, 0xff, 0x1f, 0x1f, 0x80, 0xff, 0xff, 0xff, 
	0xff, 0xff, 0xe7, 0x1f, 0xf0, 0xff, 0xff, 0xff, 0xff, 0xff, 0x9f, 0x1f, 0x00, 0xff, 0xff, 0xff, 
	0xff, 0xff, 0xf3, 0x0f, 0xe0, 0xff, 0xff, 0xff, 0xff, 0xff, 0xcf, 0x1f, 0x00, 0xff, 0xff, 0xff, 
	0xff, 0xff, 0xf9, 0x0f, 0xc0, 0xff, 0xff, 0xff, 0xff, 0xff, 0xe7, 0x0f, 0x00, 0xfe, 0xff, 0xff, 
	0xff, 0xff, 0xfc, 0x07, 0x80, 0xff, 0xff, 0xff, 0xff, 0xff, 0xe7, 0x0f, 0x00, 0xfc, 0xff, 0xff, 
	0xff, 0xff, 0xfc, 0x03, 0x88, 0xff, 0xff, 0xff, 0xff, 0xff, 0xf7, 0x07, 0x00, 0xf9, 0xff, 0xff, 
	0xff, 0xff, 0xfe, 0x01, 0x00, 0xff, 0xff, 0xff, 0xff, 0xff, 0xf3, 0x07, 0x00, 0xf9, 0xff, 0xff, 
	0xff, 0x7f, 0xfe, 0x01, 0x10, 0xff, 0xff, 0xff, 0xff, 0xff, 0xf3, 0x03, 0x00, 0xf9, 0xff, 0xff, 
	0xff, 0x7f, 0xfe, 0x00, 0x10, 0xff, 0xff, 0xff, 0xff, 0xff, 0xf3, 0x00, 0x00, 0xfb, 0xff, 0xff, 
	0xff, 0x7f, 0x1e, 0x00, 0x90, 0xfe, 0xff, 0xff, 0xff, 0xff, 0x73, 0x00, 0x00, 0xf9, 0xff, 0xff, 
	0xff, 0x7f, 0x0e, 0x00, 0x90, 0xfe, 0xff, 0xff, 0xff, 0xff, 0x13, 0x00, 0x00, 0xf9, 0xff, 0xff, 
	0xff, 0x7f, 0x06, 0x00, 0x10, 0xff, 0xff, 0xff, 0xff, 0xff, 0x03, 0x00, 0x80, 0xfc, 0xff, 0xff, 
	0xff, 0x7f, 0x02, 0x00, 0x10, 0xff, 0xff, 0xff, 0xff, 0xff, 0x07, 0x00, 0x80, 0xf8, 0xff, 0xff, 
	0xff, 0x7f, 0x00, 0x00, 0x10, 0xff, 0xff, 0xff, 0xff, 0xff, 0x07, 0x00, 0x80, 0xfc, 0xff, 0xff, 
	0xff, 0xff, 0x00, 0x00, 0x98, 0xff, 0xff, 0xff, 0xff, 0xff, 0x07, 0x00, 0xc0, 0xfc, 0xff, 0xff, 
	0xff, 0xff, 0x00, 0x00, 0x8c, 0xff, 0xff, 0xff, 0xff, 0xff, 0x07, 0x00, 0x40, 0xfe, 0xff, 0xff, 
	0xff, 0xff, 0x00, 0x00, 0x86, 0xff, 0xff, 0xff, 0xff, 0xff, 0x0f, 0x00, 0x60, 0xfe, 0xff, 0xff, 
	0xff, 0xff, 0x01, 0x00, 0x86, 0xff, 0xff, 0xff, 0xff, 0xff, 0x3f, 0x00, 0x3e, 0xff, 0xff, 0xff, 
	0xff, 0xff, 0x03, 0x00, 0xe3, 0xff, 0xff, 0xff, 0xff, 0xff, 0x7f, 0x00, 0x87, 0xff, 0xff, 0xff, 
	0xff, 0xff, 0x03, 0x00, 0xf3, 0xff, 0xff, 0xff, 0xff, 0xff, 0x01, 0x00, 0x00, 0x00, 0xff, 0xff, 
	0xff, 0xc7, 0x07, 0x00, 0xf8, 0xff, 0xff, 0xff, 0xff, 0x3f, 0x00, 0x00, 0x00, 0x80, 0xff, 0xff, 
	0xff, 0x07, 0x00, 0x00, 0x00, 0xfe, 0xff, 0xff, 0xff, 0x7f, 0xf8, 0xff, 0xff, 0xff, 0xff, 0xff, 
	0xff, 0xff, 0x3f, 0x00, 0xff, 0xff, 0xff, 0xff, 0xff, 0xff, 0xff, 0xff, 0xff, 0xff, 0xff, 0xff, 
	0xff, 0xff, 0xff, 0xff, 0xff, 0xff, 0xff, 0xff, 0xff, 0xff, 0xff, 0xff, 0xff, 0xff, 0xff, 0xff, 
	0xff, 0xff, 0xff, 0xff, 0xff, 0xff, 0xff, 0xff, 0xff, 0xff, 0xff, 0xff, 0x3f, 0xf8, 0xff, 0xff, 
	0x3f, 0xc0, 0xff, 0xff, 0xff, 0xff, 0xff, 0xff, 0xff, 0xff, 0xff, 0xff, 0x83, 0x83, 0xff, 0xff, 
	0x07, 0x00, 0xf0, 0xff, 0xff, 0xff, 0xff, 0xff, 0xff, 0xff, 0xff, 0xff, 0xfd, 0x3f, 0xff, 0xff, 
	0xe3, 0xff, 0xe7, 0xff, 0xff, 0xff, 0xff, 0xff, 0xff, 0xff, 0xff, 0xff, 0xfc, 0x7f, 0xff, 0xff, 
	0xf3, 0xff, 0xe7, 0xff, 0xff, 0xff, 0xff, 0xff, 0xff, 0xff, 0xff, 0xff, 0xf1, 0x8f, 0xff, 0xff, 
	0x07, 0x7e, 0xe0, 0xff, 0xff, 0xff, 0xff, 0xff, 0xff, 0xff, 0xff, 0xff, 0x07, 0xc0, 0xff, 0xff, 
	0x1f, 0x00, 0xf8, 0xff, 0xff, 0xff, 0xff, 0xff, 0xff, 0xff, 0xff, 0xff, 0xff, 0xff, 0xff, 0xff, 
	0xff, 0xff, 0xff, 0xff, 0xff, 0xff, 0xff, 0xff, 0xff, 0xff, 0xff, 0xff, 0xff, 0xff, 0xff, 0xff, 
	0xff, 0xff, 0xff, 0xff, 0xff, 0xff, 0xff, 0xff, 0xff, 0xff, 0xff, 0xff, 0xff, 0xff, 0xff, 0xff, 
	0xff, 0xff, 0xff, 0xff, 0xff, 0xff, 0xff, 0xff, 0xff, 0xff, 0xff, 0xff, 0xff, 0xff, 0xff, 0xff
};
// 'angy20001', 128x50px
const unsigned char epd_bitmap_angy20001 [] PROGMEM = {
	0xff, 0xff, 0xff, 0xff, 0xff, 0xff, 0xff, 0xff, 0xff, 0xff, 0xff, 0xff, 0xff, 0xff, 0xff, 0xff, 
	0xff, 0xff, 0xff, 0xff, 0xff, 0xff, 0xff, 0xff, 0xff, 0xff, 0xff, 0xff, 0xff, 0xff, 0xff, 0xff, 
	0xff, 0xff, 0xff, 0xff, 0xff, 0xff, 0xff, 0xff, 0xff, 0xff, 0xff, 0xff, 0xff, 0xff, 0xff, 0xff, 
	0xff, 0xff, 0xff, 0xff, 0xff, 0xff, 0xff, 0xff, 0xff, 0xff, 0xff, 0xff, 0xff, 0xff, 0xff, 0xff, 
	0xff, 0xff, 0xff, 0xff, 0xff, 0xff, 0xff, 0xff, 0xff, 0xff, 0xff, 0xff, 0xff, 0xff, 0xff, 0xff, 
	0xff, 0xff, 0xff, 0xff, 0xff, 0xff, 0xff, 0xff, 0xff, 0xff, 0xff, 0xff, 0xff, 0xff, 0xff, 0xff, 
	0xff, 0xff, 0xff, 0xff, 0xff, 0xff, 0xff, 0xff, 0xff, 0xff, 0xff, 0xff, 0xff, 0xff, 0xff, 0xff, 
	0xff, 0xff, 0xff, 0xff, 0xff, 0xff, 0xff, 0xff, 0xff, 0xff, 0xff, 0x07, 0xe0, 0xff, 0xff, 0xff, 
	0xff, 0xff, 0x03, 0xbc, 0xff, 0xff, 0xff, 0xff, 0xff, 0xff, 0xff, 0x03, 0xe0, 0xff, 0xff, 0xff, 
	0xff, 0xff, 0x03, 0x00, 0xff, 0xff, 0xff, 0xff, 0xff, 0xff, 0xff, 0xff, 0xff, 0xff, 0xff, 0xff, 
	0xff, 0xff, 0xff, 0xff, 0xff, 0xff, 0xff, 0xff, 0xff, 0xff, 0xff, 0xff, 0xff, 0xff, 0xff, 0xff, 
	0xff, 0xff, 0xff, 0xff, 0xff, 0xff, 0xff, 0xff, 0xff, 0xff, 0xff, 0xff, 0xff, 0xff, 0xff, 0xff, 
	0xff, 0xff, 0xff, 0xff, 0xf1, 0xff, 0xff, 0xff, 0xff, 0xff, 0x01, 0x0c, 0x00, 0x00, 0xfe, 0xff, 
	0xff, 0x01, 0x00, 0x00, 0xc0, 0xf0, 0xff, 0xff, 0xff, 0x3f, 0x00, 0x00, 0x00, 0x00, 0xff, 0xff, 
	0xff, 0x00, 0x00, 0x00, 0x00, 0xf0, 0xff, 0xff, 0xff, 0xff, 0xff, 0x00, 0x00, 0xf0, 0xff, 0xff, 
	0xff, 0x7e, 0x00, 0x00, 0xe0, 0xff, 0xff, 0xff, 0xff, 0xff, 0x7f, 0x3c, 0xc0, 0xff, 0xff, 0xff, 
	0xff, 0xff, 0x8f, 0x1f, 0xfc, 0xff, 0xff, 0xff, 0xff, 0xff, 0x1f, 0x1f, 0x80, 0xff, 0xff, 0xff, 
	0xff, 0xff, 0xe7, 0x1f, 0xf0, 0xff, 0xff, 0xff, 0xff, 0xff, 0x9f, 0x1f, 0x00, 0xff, 0xff, 0xff, 
	0xff, 0xff, 0xf3, 0x0f, 0xe0, 0xff, 0xff, 0xff, 0xff, 0xff, 0xcf, 0x1f, 0x00, 0xff, 0xff, 0xff, 
	0xff, 0xff, 0xf9, 0x0f, 0xc0, 0xff, 0xff, 0xff, 0xff, 0xff, 0xe7, 0x0f, 0x00, 0xfe, 0xff, 0xff, 
	0xff, 0xff, 0xfc, 0x07, 0x80, 0xff, 0xff, 0xff, 0xff, 0xff, 0xe7, 0x0f, 0x00, 0xfc, 0xff, 0xff, 
	0xff, 0xff, 0xfc, 0x03, 0x88, 0xff, 0xff, 0xff, 0xff, 0xff, 0xf7, 0x07, 0x00, 0xf9, 0xff, 0xff, 
	0xff, 0xff, 0xfe, 0x01, 0x00, 0xff, 0xff, 0xff, 0xff, 0xff, 0xf3, 0x07, 0x00, 0xf9, 0xff, 0xff, 
	0xff, 0x7f, 0xfe, 0x01, 0x10, 0xff, 0xff, 0xff, 0xff, 0xff, 0xf3, 0x03, 0x00, 0xf9, 0xff, 0xff, 
	0xff, 0x7f, 0xfe, 0x00, 0x10, 0xff, 0xff, 0xff, 0xff, 0xff, 0xf3, 0x00, 0x00, 0xfb, 0xff, 0xff, 
	0xff, 0x7f, 0x1e, 0x00, 0x90, 0xfe, 0xff, 0xff, 0xff, 0xff, 0x73, 0x00, 0x00, 0xf9, 0xff, 0xff, 
	0xff, 0x7f, 0x0e, 0x00, 0x90, 0xfe, 0xff, 0xff, 0xff, 0xff, 0x13, 0x00, 0x00, 0xf9, 0xff, 0xff, 
	0xff, 0x7f, 0x06, 0x00, 0x10, 0xff, 0xff, 0xff, 0xff, 0xff, 0x03, 0x00, 0x80, 0xfc, 0xff, 0xff, 
	0xff, 0x7f, 0x02, 0x00, 0x10, 0xff, 0xff, 0xff, 0xff, 0xff, 0x07, 0x00, 0x80, 0xf8, 0xff, 0xff, 
	0xff, 0x7f, 0x00, 0x00, 0x10, 0xff, 0xff, 0xff, 0xff, 0xff, 0x07, 0x00, 0x80, 0xfc, 0xff, 0xff, 
	0xff, 0xff, 0x00, 0x00, 0x98, 0xff, 0xff, 0xff, 0xff, 0xff, 0x07, 0x00, 0xc0, 0xfc, 0xff, 0xff, 
	0xff, 0xff, 0x00, 0x00, 0x8c, 0xff, 0xff, 0xff, 0xff, 0xff, 0x07, 0x00, 0x40, 0xfe, 0xff, 0xff, 
	0xff, 0xff, 0x00, 0x00, 0x86, 0xff, 0xff, 0xff, 0xff, 0xff, 0x0f, 0x00, 0x60, 0xfe, 0xff, 0xff, 
	0xff, 0xff, 0x01, 0x00, 0x86, 0xff, 0xff, 0xff, 0xff, 0xff, 0x3f, 0x00, 0x3e, 0xff, 0xff, 0xff, 
	0xff, 0xff, 0x03, 0x00, 0xe3, 0xff, 0xff, 0xff, 0xff, 0xff, 0x7f, 0x00, 0x87, 0xff, 0xff, 0xff, 
	0xff, 0xff, 0x03, 0x00, 0xf3, 0xff, 0xff, 0xff, 0xff, 0xff, 0x01, 0x00, 0x00, 0x00, 0xff, 0xff, 
	0xff, 0xc7, 0x07, 0x00, 0xf8, 0xff, 0xff, 0xff, 0xff, 0x3f, 0x00, 0x00, 0x00, 0x80, 0xff, 0xff, 
	0xff, 0x07, 0x00, 0x00, 0x00, 0xfe, 0xff, 0xff, 0xff, 0x7f, 0xf8, 0xff, 0xff, 0xff, 0xff, 0xff, 
	0xff, 0xff, 0x3f, 0x00, 0xff, 0xff, 0xff, 0xff, 0xff, 0xff, 0xff, 0xff, 0xff, 0xff, 0xff, 0xff, 
	0xff, 0xff, 0xff, 0xff, 0xff, 0xff, 0xff, 0xff, 0xff, 0xff, 0xff, 0xff, 0xff, 0xff, 0xff, 0xff, 
	0xff, 0xff, 0xff, 0xff, 0xff, 0xff, 0xff, 0xff, 0xff, 0xff, 0xff, 0xff, 0x3f, 0xf8, 0xff, 0xff, 
	0x3f, 0xc0, 0xff, 0xff, 0xff, 0xff, 0xff, 0xff, 0xff, 0xff, 0xff, 0xff, 0x83, 0x83, 0xff, 0xff, 
	0x07, 0x00, 0xf0, 0xff, 0xff, 0xff, 0xff, 0xff, 0xff, 0xff, 0xff, 0xff, 0xfd, 0x3f, 0xff, 0xff, 
	0xe3, 0xff, 0xe7, 0xff, 0xff, 0xff, 0xff, 0xff, 0xff, 0xff, 0xff, 0xff, 0xfc, 0x7f, 0xff, 0xff, 
	0xf3, 0xff, 0xe7, 0xff, 0xff, 0xff, 0xff, 0xff, 0xff, 0xff, 0xff, 0xff, 0xf1, 0x8f, 0xff, 0xff, 
	0x07, 0x7e, 0xe0, 0xff, 0xff, 0xff, 0xff, 0xff, 0xff, 0xff, 0xff, 0xff, 0x07, 0xc0, 0xff, 0xff, 
	0x1f, 0x00, 0xf8, 0xff, 0xff, 0xff, 0xff, 0xff, 0xff, 0xff, 0xff, 0xff, 0xff, 0xff, 0xff, 0xff, 
	0xff, 0xff, 0xff, 0xff, 0xff, 0xff, 0xff, 0xff, 0xff, 0xff, 0xff, 0xff, 0xff, 0xff, 0xff, 0xff, 
	0xff, 0xff, 0xff, 0xff, 0xff, 0xff, 0xff, 0xff, 0xff, 0xff, 0xff, 0xff, 0xff, 0xff, 0xff, 0xff, 
	0xff, 0xff, 0xff, 0xff, 0xff, 0xff, 0xff, 0xff, 0xff, 0xff, 0xff, 0xff, 0xff, 0xff, 0xff, 0xff
};
// 'angy200010', 128x50px
const unsigned char epd_bitmap_angy200010 [] PROGMEM = {
	0xff, 0xff, 0xff, 0xff, 0xff, 0xff, 0xff, 0xff, 0xff, 0xff, 0xff, 0xff, 0xff, 0xff, 0xff, 0xff, 
	0xff, 0xff, 0xff, 0xdf, 0xff, 0xff, 0xff, 0xff, 0xff, 0xff, 0xff, 0xff, 0xff, 0xff, 0xff, 0xff, 
	0xff, 0xff, 0xff, 0x9f, 0xff, 0xff, 0xff, 0xff, 0xff, 0xff, 0xff, 0xff, 0xf9, 0xff, 0xff, 0xff, 
	0xff, 0xff, 0xff, 0x1f, 0xfe, 0xff, 0xff, 0xff, 0xff, 0xff, 0xff, 0xff, 0xf9, 0xff, 0xff, 0xff, 
	0xff, 0xff, 0xff, 0x7f, 0xfc, 0xff, 0xff, 0xff, 0xff, 0xff, 0xff, 0x7f, 0xf8, 0xff, 0xff, 0xff, 
	0xff, 0xff, 0xff, 0xff, 0xf8, 0xff, 0xff, 0xff, 0xff, 0xff, 0xff, 0x3f, 0xfc, 0xff, 0xff, 0xff, 
	0xff, 0xff, 0xff, 0xff, 0xf1, 0xff, 0xff, 0xff, 0xff, 0xff, 0xff, 0x1f, 0xff, 0xff, 0xff, 0xff, 
	0xff, 0xff, 0xff, 0xff, 0xc3, 0xff, 0xff, 0xff, 0xff, 0xff, 0xff, 0x8f, 0xff, 0xff, 0xff, 0xff, 
	0xff, 0xff, 0xff, 0xff, 0x01, 0xfe, 0xff, 0xff, 0xff, 0xff, 0xff, 0xc1, 0xff, 0xff, 0xff, 0xff, 
	0xff, 0xff, 0xff, 0x7f, 0x00, 0xfc, 0xff, 0xff, 0xff, 0xff, 0xff, 0x00, 0xff, 0xff, 0xff, 0xff, 
	0xff, 0xff, 0xff, 0x3f, 0x3c, 0xf0, 0xff, 0xff, 0xff, 0xff, 0xff, 0x00, 0xfe, 0xff, 0xff, 0xff, 
	0xff, 0xff, 0xff, 0x0f, 0x1f, 0xf8, 0xff, 0xff, 0xff, 0xff, 0x7f, 0x08, 0xfc, 0xff, 0xff, 0xff, 
	0xff, 0xff, 0xff, 0x8f, 0x1f, 0xe0, 0xff, 0xff, 0xff, 0xff, 0x1f, 0x06, 0xf8, 0xff, 0xff, 0xff, 
	0xff, 0xff, 0xff, 0xc7, 0x1f, 0xc0, 0xff, 0xff, 0xff, 0xff, 0x1f, 0x06, 0xf0, 0xff, 0xff, 0xff, 
	0xff, 0xff, 0xff, 0xe3, 0x1f, 0x00, 0xfe, 0xff, 0xff, 0xff, 0x0f, 0x07, 0xf0, 0xff, 0xff, 0xff, 
	0xff, 0xff, 0xff, 0xf3, 0x0f, 0x00, 0xfc, 0xff, 0xff, 0xff, 0x87, 0x07, 0xe0, 0xff, 0xff, 0xff, 
	0xff, 0xff, 0xff, 0xf1, 0x0f, 0x00, 0xf8, 0xff, 0xff, 0xff, 0xe1, 0x03, 0xe0, 0xff, 0xff, 0xff, 
	0xff, 0xff, 0xff, 0xf9, 0x07, 0x00, 0xf8, 0xff, 0xff, 0xff, 0xf0, 0x03, 0xe0, 0xff, 0xff, 0xff, 
	0xff, 0xff, 0xff, 0xf9, 0x01, 0x00, 0xf0, 0xff, 0xff, 0x7f, 0xf8, 0x01, 0xe8, 0xff, 0xff, 0xff, 
	0xff, 0xff, 0xff, 0x39, 0x00, 0x00, 0xf0, 0xff, 0xff, 0x7f, 0xfc, 0x00, 0xcc, 0xff, 0xff, 0xff, 
	0xff, 0xff, 0xff, 0x01, 0x00, 0x00, 0xf0, 0xff, 0xff, 0x3f, 0x7c, 0x00, 0xcc, 0xff, 0xff, 0xff, 
	0xff, 0xff, 0xff, 0x01, 0x00, 0x00, 0xf3, 0xff, 0xff, 0x1f, 0x1e, 0x00, 0xcc, 0xff, 0xff, 0xff, 
	0xff, 0xff, 0xff, 0x01, 0x00, 0x00, 0xfb, 0xff, 0xff, 0x1f, 0x06, 0x00, 0xe4, 0xff, 0xff, 0xff, 
	0xff, 0xff, 0xff, 0x03, 0x00, 0x00, 0xf9, 0xff, 0xff, 0x1f, 0x00, 0x00, 0xe4, 0xff, 0xff, 0xff, 
	0xff, 0xff, 0xff, 0x03, 0x00, 0x80, 0xf9, 0xff, 0xff, 0x5f, 0x00, 0x00, 0xe4, 0xff, 0xff, 0xff, 
	0xff, 0xff, 0xff, 0x03, 0x00, 0xc0, 0xfc, 0xff, 0xff, 0xff, 0x00, 0x00, 0xe6, 0xff, 0xff, 0xff, 
	0xff, 0xff, 0xff, 0x07, 0x00, 0x60, 0xfe, 0xff, 0xff, 0xff, 0x00, 0x00, 0xf3, 0xff, 0xff, 0xff, 
	0xff, 0xff, 0xff, 0x0f, 0x00, 0x38, 0xff, 0xff, 0xff, 0xff, 0x01, 0x00, 0xf9, 0xff, 0xff, 0xff, 
	0xff, 0xff, 0xff, 0x1f, 0xc0, 0x8f, 0xff, 0xff, 0xff, 0xff, 0x03, 0xc0, 0xf9, 0xff, 0xff, 0xff, 
	0xff, 0xff, 0xff, 0x7f, 0xc0, 0xc0, 0xff, 0xff, 0xff, 0xff, 0x07, 0x78, 0xfc, 0xff, 0xff, 0xff, 
	0xff, 0xff, 0xff, 0xff, 0x00, 0xf0, 0xff, 0xff, 0xff, 0xff, 0x0f, 0x3c, 0xfe, 0xff, 0xff, 0xff, 
	0xff, 0xff, 0xff, 0x00, 0x10, 0xff, 0xff, 0xff, 0xff, 0xff, 0x1f, 0x80, 0xff, 0xff, 0xff, 0xff, 
	0xff, 0xff, 0x1f, 0x70, 0x80, 0xff, 0xff, 0xff, 0xff, 0xff, 0xff, 0x01, 0xe0, 0xff, 0xff, 0xff, 
	0xff, 0xff, 0xc7, 0xff, 0x3f, 0xff, 0xff, 0xff, 0xff, 0xff, 0xff, 0xc0, 0x81, 0xff, 0xff, 0xff, 
	0xff, 0xff, 0x0f, 0xff, 0x0f, 0xff, 0xff, 0xff, 0xff, 0xff, 0x7f, 0xfc, 0x9f, 0xff, 0xff, 0xff, 
	0xff, 0xff, 0x3f, 0x00, 0xe0, 0xff, 0xff, 0x7f, 0xff, 0xff, 0xff, 0x01, 0xc0, 0xff, 0xff, 0xff, 
	0xff, 0xff, 0xff, 0xff, 0xff, 0xff, 0xff, 0x7f, 0xff, 0xff, 0xff, 0xff, 0xff, 0xff, 0xff, 0xff, 
	0xff, 0xff, 0xff, 0xff, 0xff, 0xff, 0xff, 0x7f, 0xfe, 0xff, 0xff, 0xff, 0xff, 0xff, 0xff, 0xff, 
	0xff, 0xff, 0xff, 0xff, 0xff, 0xff, 0xff, 0xff, 0x7e, 0xfe, 0xfd, 0xff, 0xff, 0xff, 0xff, 0xff, 
	0xff, 0xff, 0x07, 0xf0, 0xff, 0xff, 0xff, 0xff, 0x3e, 0x78, 0x3c, 0xfe, 0xff, 0xff, 0xff, 0xff, 
	0xff, 0xff, 0xff, 0xfc, 0xe3, 0xef, 0xff, 0xe1, 0x9c, 0x7b, 0x1f, 0xfe, 0xff, 0xff, 0xff, 0xff, 
	0xff, 0xff, 0xff, 0xfc, 0x89, 0x83, 0xff, 0xf9, 0xdd, 0x7b, 0xdf, 0xfe, 0xff, 0xff, 0xff, 0xff, 
	0xff, 0xff, 0xff, 0xfc, 0x3d, 0x9b, 0xff, 0xfd, 0xd9, 0x7b, 0x0e, 0xff, 0xff, 0xff, 0xff, 0xff, 
	0xff, 0xff, 0xff, 0xfd, 0x7c, 0x99, 0xff, 0xfd, 0x99, 0xfb, 0xcd, 0xff, 0xff, 0xff, 0xff, 0xff, 
	0xff, 0xff, 0xff, 0xf9, 0x1d, 0x9d, 0xff, 0xbd, 0x3b, 0xf8, 0xdb, 0xff, 0xff, 0xff, 0xff, 0xff, 
	0xff, 0xff, 0xff, 0xfb, 0xc1, 0xd9, 0xff, 0x83, 0xf3, 0x7f, 0x98, 0xff, 0xff, 0xff, 0xff, 0xff, 
	0xff, 0xff, 0xff, 0xfb, 0xff, 0xc3, 0xff, 0xff, 0xff, 0xff, 0x3f, 0xff, 0xff, 0xff, 0xff, 0xff, 
	0xff, 0xff, 0xff, 0xff, 0xff, 0xe7, 0xff, 0xff, 0xff, 0xff, 0x7f, 0xf0, 0xff, 0xff, 0xff, 0xff, 
	0xff, 0xff, 0xff, 0xff, 0xff, 0xff, 0xff, 0xff, 0xff, 0xff, 0xff, 0xff, 0xff, 0xff, 0xff, 0xff, 
	0xff, 0xff, 0xff, 0xff, 0xff, 0xff, 0xff, 0xff, 0xff, 0xff, 0xff, 0xff, 0xff, 0xff, 0xff, 0xff
};
// 'angy200011', 128x50px
const unsigned char epd_bitmap_angy200011 [] PROGMEM = {
	0xff, 0xff, 0xff, 0xff, 0xff, 0xff, 0xff, 0xff, 0xff, 0xff, 0xff, 0xff, 0xff, 0xff, 0xff, 0xff, 
	0xff, 0xff, 0xff, 0xdf, 0xff, 0xff, 0xff, 0xff, 0xff, 0xff, 0xff, 0xff, 0xff, 0xff, 0xff, 0xff, 
	0xff, 0xff, 0xff, 0x9f, 0xff, 0xff, 0xff, 0xff, 0xff, 0xff, 0xff, 0xff, 0xf9, 0xff, 0xff, 0xff, 
	0xff, 0xff, 0xff, 0x1f, 0xfe, 0xff, 0xff, 0xff, 0xff, 0xff, 0xff, 0xff, 0xf9, 0xff, 0xff, 0xff, 
	0xff, 0xff, 0xff, 0x7f, 0xfc, 0xff, 0xff, 0xff, 0xff, 0xff, 0xff, 0x7f, 0xf8, 0xff, 0xff, 0xff, 
	0xff, 0xff, 0xff, 0xff, 0xf8, 0xff, 0xff, 0xff, 0xff, 0xff, 0xff, 0x3f, 0xfc, 0xff, 0xff, 0xff, 
	0xff, 0xff, 0xff, 0xff, 0xf1, 0xff, 0xff, 0xff, 0xff, 0xff, 0xff, 0x1f, 0xff, 0xff, 0xff, 0xff, 
	0xff, 0xff, 0xff, 0xff, 0xc3, 0xff, 0xff, 0xff, 0xff, 0xff, 0xff, 0x8f, 0xff, 0xff, 0xff, 0xff, 
	0xff, 0xff, 0xff, 0xff, 0x01, 0xfe, 0xff, 0xff, 0xff, 0xff, 0xff, 0xc1, 0xff, 0xff, 0xff, 0xff, 
	0xff, 0xff, 0xff, 0x7f, 0x00, 0xfc, 0xff, 0xff, 0xff, 0xff, 0xff, 0x00, 0xff, 0xff, 0xff, 0xff, 
	0xff, 0xff, 0xff, 0x3f, 0x3c, 0xf0, 0xff, 0xff, 0xff, 0xff, 0xff, 0x00, 0xfe, 0xff, 0xff, 0xff, 
	0xff, 0xff, 0xff, 0x0f, 0x1f, 0xf8, 0xff, 0xff, 0xff, 0xff, 0x7f, 0x08, 0xfc, 0xff, 0xff, 0xff, 
	0xff, 0xff, 0xff, 0x8f, 0x1f, 0xe0, 0xff, 0xff, 0xff, 0xff, 0x1f, 0x06, 0xf8, 0xff, 0xff, 0xff, 
	0xff, 0xff, 0xff, 0xc7, 0x1f, 0xc0, 0xff, 0xff, 0xff, 0xff, 0x1f, 0x06, 0xf0, 0xff, 0xff, 0xff, 
	0xff, 0xff, 0xff, 0xe3, 0x1f, 0x00, 0xfe, 0xff, 0xff, 0xff, 0x0f, 0x07, 0xf0, 0xff, 0xff, 0xff, 
	0xff, 0xff, 0xff, 0xf3, 0x0f, 0x00, 0xfc, 0xff, 0xff, 0xff, 0x87, 0x07, 0xe0, 0xff, 0xff, 0xff, 
	0xff, 0xff, 0xff, 0xf1, 0x0f, 0x00, 0xf8, 0xff, 0xff, 0xff, 0xe1, 0x03, 0xe0, 0xff, 0xff, 0xff, 
	0xff, 0xff, 0xff, 0xf9, 0x07, 0x00, 0xf8, 0xff, 0xff, 0xff, 0xf0, 0x03, 0xe0, 0xff, 0xff, 0xff, 
	0xff, 0xff, 0xff, 0xf9, 0x01, 0x00, 0xf0, 0xff, 0xff, 0x7f, 0xf8, 0x01, 0xe8, 0xff, 0xff, 0xff, 
	0xff, 0xff, 0xff, 0x39, 0x00, 0x00, 0xf0, 0xff, 0xff, 0x7f, 0xfc, 0x00, 0xcc, 0xff, 0xff, 0xff, 
	0xff, 0xff, 0xff, 0x01, 0x00, 0x00, 0xf0, 0xff, 0xff, 0x3f, 0x7c, 0x00, 0xcc, 0xff, 0xff, 0xff, 
	0xff, 0xff, 0xff, 0x01, 0x00, 0x00, 0xf3, 0xff, 0xff, 0x1f, 0x1e, 0x00, 0xcc, 0xff, 0xff, 0xff, 
	0xff, 0xff, 0xff, 0x01, 0x00, 0x00, 0xfb, 0xff, 0xff, 0x1f, 0x06, 0x00, 0xe4, 0xff, 0xff, 0xff, 
	0xff, 0xff, 0xff, 0x03, 0x00, 0x00, 0xf9, 0xff, 0xff, 0x1f, 0x00, 0x00, 0xe4, 0xff, 0xff, 0xff, 
	0xff, 0xff, 0xff, 0x03, 0x00, 0x80, 0xf9, 0xff, 0xff, 0x5f, 0x00, 0x00, 0xe4, 0xff, 0xff, 0xff, 
	0xff, 0xff, 0xff, 0x03, 0x00, 0xc0, 0xfc, 0xff, 0xff, 0xff, 0x00, 0x00, 0xe6, 0xff, 0xff, 0xff, 
	0xff, 0xff, 0xff, 0x07, 0x00, 0x60, 0xfe, 0xff, 0xff, 0xff, 0x00, 0x00, 0xf3, 0xff, 0xff, 0xff, 
	0xff, 0xff, 0xff, 0x0f, 0x00, 0x38, 0xff, 0xff, 0xff, 0xff, 0x01, 0x00, 0xf9, 0xff, 0xff, 0xff, 
	0xff, 0xff, 0xff, 0x1f, 0xc0, 0x8f, 0xff, 0xff, 0xff, 0xff, 0x03, 0xc0, 0xf9, 0xff, 0xff, 0xff, 
	0xff, 0xff, 0xff, 0x7f, 0xc0, 0xc0, 0xff, 0xff, 0xff, 0xff, 0x07, 0x78, 0xfc, 0xff, 0xff, 0xff, 
	0xff, 0xff, 0xff, 0xff, 0x00, 0xf0, 0xff, 0xff, 0xff, 0xff, 0x0f, 0x3c, 0xfe, 0xff, 0xff, 0xff, 
	0xff, 0xff, 0xff, 0x00, 0x10, 0xff, 0xff, 0xff, 0xff, 0xff, 0x1f, 0x80, 0xff, 0xff, 0xff, 0xff, 
	0xff, 0xff, 0x1f, 0x70, 0x80, 0xff, 0xff, 0xff, 0xff, 0xff, 0xff, 0x01, 0xe0, 0xff, 0xff, 0xff, 
	0xff, 0xff, 0xc7, 0xff, 0x3f, 0xff, 0xff, 0xff, 0xff, 0xff, 0xff, 0xc0, 0x81, 0xff, 0xff, 0xff, 
	0xff, 0xff, 0x0f, 0xff, 0x0f, 0xff, 0xff, 0xff, 0xff, 0xff, 0x7f, 0xfc, 0x9f, 0xff, 0xff, 0xff, 
	0xff, 0xff, 0x3f, 0x00, 0xe0, 0xff, 0xff, 0x7f, 0xff, 0xff, 0xff, 0x01, 0xc0, 0xff, 0xff, 0xff, 
	0xff, 0xff, 0xff, 0xff, 0xff, 0xff, 0xff, 0x7f, 0xff, 0xff, 0xff, 0xff, 0xff, 0xff, 0xff, 0xff, 
	0xff, 0xff, 0xff, 0xff, 0xff, 0xff, 0xff, 0x7f, 0xfe, 0xff, 0xff, 0xff, 0xff, 0xff, 0xff, 0xff, 
	0xff, 0xff, 0xff, 0xff, 0xff, 0xff, 0xff, 0xff, 0x7e, 0xfe, 0xfd, 0xff, 0xff, 0xff, 0xff, 0xff, 
	0xff, 0xff, 0x07, 0xf0, 0xff, 0xff, 0xff, 0xff, 0x3e, 0x78, 0x3c, 0xfe, 0xff, 0xff, 0xff, 0xff, 
	0xff, 0xff, 0xff, 0xfc, 0xe3, 0xef, 0xff, 0xe1, 0x9c, 0x7b, 0x1f, 0xfe, 0xff, 0xff, 0xff, 0xff, 
	0xff, 0xff, 0xff, 0xfc, 0x89, 0x83, 0xff, 0xf9, 0xdd, 0x7b, 0xdf, 0xfe, 0xff, 0xff, 0xff, 0xff, 
	0xff, 0xff, 0xff, 0xfc, 0x3d, 0x9b, 0xff, 0xfd, 0xd9, 0x7b, 0x0e, 0xff, 0xff, 0xff, 0xff, 0xff, 
	0xff, 0xff, 0xff, 0xfd, 0x7c, 0x99, 0xff, 0xfd, 0x99, 0xfb, 0xcd, 0xff, 0xff, 0xff, 0xff, 0xff, 
	0xff, 0xff, 0xff, 0xf9, 0x1d, 0x9d, 0xff, 0xbd, 0x3b, 0xf8, 0xdb, 0xff, 0xff, 0xff, 0xff, 0xff, 
	0xff, 0xff, 0xff, 0xfb, 0xc1, 0xd9, 0xff, 0x83, 0xf3, 0x7f, 0x98, 0xff, 0xff, 0xff, 0xff, 0xff, 
	0xff, 0xff, 0xff, 0xfb, 0xff, 0xc3, 0xff, 0xff, 0xff, 0xff, 0x3f, 0xff, 0xff, 0xff, 0xff, 0xff, 
	0xff, 0xff, 0xff, 0xff, 0xff, 0xe7, 0xff, 0xff, 0xff, 0xff, 0x7f, 0xf0, 0xff, 0xff, 0xff, 0xff, 
	0xff, 0xff, 0xff, 0xff, 0xff, 0xff, 0xff, 0xff, 0xff, 0xff, 0xff, 0xff, 0xff, 0xff, 0xff, 0xff, 
	0xff, 0xff, 0xff, 0xff, 0xff, 0xff, 0xff, 0xff, 0xff, 0xff, 0xff, 0xff, 0xff, 0xff, 0xff, 0xff
};
// 'angy200012', 128x50px
const unsigned char epd_bitmap_angy200012 [] PROGMEM = {
	0xff, 0xff, 0xff, 0xff, 0xff, 0xff, 0xff, 0xff, 0xff, 0xff, 0xff, 0xff, 0xff, 0xff, 0xff, 0xff, 
	0xff, 0xff, 0xff, 0xdf, 0xff, 0xff, 0xff, 0xff, 0xff, 0xff, 0xff, 0xff, 0xff, 0xff, 0xff, 0xff, 
	0xff, 0xff, 0xff, 0x9f, 0xff, 0xff, 0xff, 0xff, 0xff, 0xff, 0xff, 0xff, 0xf9, 0xff, 0xff, 0xff, 
	0xff, 0xff, 0xff, 0x1f, 0xfe, 0xff, 0xff, 0xff, 0xff, 0xff, 0xff, 0xff, 0xf9, 0xff, 0xff, 0xff, 
	0xff, 0xff, 0xff, 0x7f, 0xfc, 0xff, 0xff, 0xff, 0xff, 0xff, 0xff, 0x7f, 0xf8, 0xff, 0xff, 0xff, 
	0xff, 0xff, 0xff, 0xff, 0xf8, 0xff, 0xff, 0xff, 0xff, 0xff, 0xff, 0x3f, 0xfc, 0xff, 0xff, 0xff, 
	0xff, 0xff, 0xff, 0xff, 0xf1, 0xff, 0xff, 0xff, 0xff, 0xff, 0xff, 0x1f, 0xff, 0xff, 0xff, 0xff, 
	0xff, 0xff, 0xff, 0xff, 0xc3, 0xff, 0xff, 0xff, 0xff, 0xff, 0xff, 0x8f, 0xff, 0xff, 0xff, 0xff, 
	0xff, 0xff, 0xff, 0xff, 0x01, 0xfe, 0xff, 0xff, 0xff, 0xff, 0xff, 0xc1, 0xff, 0xff, 0xff, 0xff, 
	0xff, 0xff, 0xff, 0x7f, 0x00, 0xfc, 0xff, 0xff, 0xff, 0xff, 0xff, 0x00, 0xff, 0xff, 0xff, 0xff, 
	0xff, 0xff, 0xff, 0x3f, 0x3c, 0xf0, 0xff, 0xff, 0xff, 0xff, 0xff, 0x00, 0xfe, 0xff, 0xff, 0xff, 
	0xff, 0xff, 0xff, 0x0f, 0x1f, 0xf8, 0xff, 0xff, 0xff, 0xff, 0x7f, 0x08, 0xfc, 0xff, 0xff, 0xff, 
	0xff, 0xff, 0xff, 0x8f, 0x1f, 0xe0, 0xff, 0xff, 0xff, 0xff, 0x1f, 0x06, 0xf8, 0xff, 0xff, 0xff, 
	0xff, 0xff, 0xff, 0xc7, 0x1f, 0xc0, 0xff, 0xff, 0xff, 0xff, 0x1f, 0x06, 0xf0, 0xff, 0xff, 0xff, 
	0xff, 0xff, 0xff, 0xe3, 0x1f, 0x00, 0xfe, 0xff, 0xff, 0xff, 0x0f, 0x07, 0xf0, 0xff, 0xff, 0xff, 
	0xff, 0xff, 0xff, 0xf3, 0x0f, 0x00, 0xfc, 0xff, 0xff, 0xff, 0x87, 0x07, 0xe0, 0xff, 0xff, 0xff, 
	0xff, 0xff, 0xff, 0xf1, 0x0f, 0x00, 0xf8, 0xff, 0xff, 0xff, 0xe1, 0x03, 0xe0, 0xff, 0xff, 0xff, 
	0xff, 0xff, 0xff, 0xf9, 0x07, 0x00, 0xf8, 0xff, 0xff, 0xff, 0xf0, 0x03, 0xe0, 0xff, 0xff, 0xff, 
	0xff, 0xff, 0xff, 0xf9, 0x01, 0x00, 0xf0, 0xff, 0xff, 0x7f, 0xf8, 0x01, 0xe8, 0xff, 0xff, 0xff, 
	0xff, 0xff, 0xff, 0x39, 0x00, 0x00, 0xf0, 0xff, 0xff, 0x7f, 0xfc, 0x00, 0xcc, 0xff, 0xff, 0xff, 
	0xff, 0xff, 0xff, 0x01, 0x00, 0x00, 0xf0, 0xff, 0xff, 0x3f, 0x7c, 0x00, 0xcc, 0xff, 0xff, 0xff, 
	0xff, 0xff, 0xff, 0x01, 0x00, 0x00, 0xf3, 0xff, 0xff, 0x1f, 0x1e, 0x00, 0xcc, 0xff, 0xff, 0xff, 
	0xff, 0xff, 0xff, 0x01, 0x00, 0x00, 0xfb, 0xff, 0xff, 0x1f, 0x06, 0x00, 0xe4, 0xff, 0xff, 0xff, 
	0xff, 0xff, 0xff, 0x03, 0x00, 0x00, 0xf9, 0xff, 0xff, 0x1f, 0x00, 0x00, 0xe4, 0xff, 0xff, 0xff, 
	0xff, 0xff, 0xff, 0x03, 0x00, 0x80, 0xf9, 0xff, 0xff, 0x5f, 0x00, 0x00, 0xe4, 0xff, 0xff, 0xff, 
	0xff, 0xff, 0xff, 0x03, 0x00, 0xc0, 0xfc, 0xff, 0xff, 0xff, 0x00, 0x00, 0xe6, 0xff, 0xff, 0xff, 
	0xff, 0xff, 0xff, 0x07, 0x00, 0x60, 0xfe, 0xff, 0xff, 0xff, 0x00, 0x00, 0xf3, 0xff, 0xff, 0xff, 
	0xff, 0xff, 0xff, 0x0f, 0x00, 0x38, 0xff, 0xff, 0xff, 0xff, 0x01, 0x00, 0xf9, 0xff, 0xff, 0xff, 
	0xff, 0xff, 0xff, 0x1f, 0xc0, 0x8f, 0xff, 0xff, 0xff, 0xff, 0x03, 0xc0, 0xf9, 0xff, 0xff, 0xff, 
	0xff, 0xff, 0xff, 0x7f, 0xc0, 0xc0, 0xff, 0xff, 0xff, 0xff, 0x07, 0x78, 0xfc, 0xff, 0xff, 0xff, 
	0xff, 0xff, 0xff, 0xff, 0x00, 0xf0, 0xff, 0xff, 0xff, 0xff, 0x0f, 0x3c, 0xfe, 0xff, 0xff, 0xff, 
	0xff, 0xff, 0xff, 0x00, 0x10, 0xff, 0xff, 0xff, 0xff, 0xff, 0x1f, 0x80, 0xff, 0xff, 0xff, 0xff, 
	0xff, 0xff, 0x1f, 0x70, 0x80, 0xff, 0xff, 0xff, 0xff, 0xff, 0xff, 0x01, 0xe0, 0xff, 0xff, 0xff, 
	0xff, 0xff, 0xc7, 0xff, 0x3f, 0xff, 0xff, 0xff, 0xff, 0xff, 0xff, 0xc0, 0x81, 0xff, 0xff, 0xff, 
	0xff, 0xff, 0x0f, 0xff, 0x0f, 0xff, 0xff, 0xff, 0xff, 0xff, 0x7f, 0xfc, 0x9f, 0xff, 0xff, 0xff, 
	0xff, 0xff, 0x3f, 0x00, 0xe0, 0xff, 0xff, 0x7f, 0xff, 0xff, 0xff, 0x01, 0xc0, 0xff, 0xff, 0xff, 
	0xff, 0xff, 0xff, 0xff, 0xff, 0xff, 0xff, 0x7f, 0xff, 0xff, 0xff, 0xff, 0xff, 0xff, 0xff, 0xff, 
	0xff, 0xff, 0xff, 0xff, 0xff, 0xff, 0xff, 0x7f, 0xfe, 0xff, 0xff, 0xff, 0xff, 0xff, 0xff, 0xff, 
	0xff, 0xff, 0xff, 0xff, 0xff, 0xff, 0xff, 0xff, 0x7e, 0xfe, 0xfd, 0xff, 0xff, 0xff, 0xff, 0xff, 
	0xff, 0xff, 0x07, 0xf0, 0xff, 0xff, 0xff, 0xff, 0x3e, 0x78, 0x3c, 0xfe, 0xff, 0xff, 0xff, 0xff, 
	0xff, 0xff, 0xff, 0xfc, 0xe3, 0xef, 0xff, 0xe1, 0x9c, 0x7b, 0x1f, 0xfe, 0xff, 0xff, 0xff, 0xff, 
	0xff, 0xff, 0xff, 0xfc, 0x89, 0x83, 0xff, 0xf9, 0xdd, 0x7b, 0xdf, 0xfe, 0xff, 0xff, 0xff, 0xff, 
	0xff, 0xff, 0xff, 0xfc, 0x3d, 0x9b, 0xff, 0xfd, 0xd9, 0x7b, 0x0e, 0xff, 0xff, 0xff, 0xff, 0xff, 
	0xff, 0xff, 0xff, 0xfd, 0x7c, 0x99, 0xff, 0xfd, 0x99, 0xfb, 0xcd, 0xff, 0xff, 0xff, 0xff, 0xff, 
	0xff, 0xff, 0xff, 0xf9, 0x1d, 0x9d, 0xff, 0xbd, 0x3b, 0xf8, 0xdb, 0xff, 0xff, 0xff, 0xff, 0xff, 
	0xff, 0xff, 0xff, 0xfb, 0xc1, 0xd9, 0xff, 0x83, 0xf3, 0x7f, 0x98, 0xff, 0xff, 0xff, 0xff, 0xff, 
	0xff, 0xff, 0xff, 0xfb, 0xff, 0xc3, 0xff, 0xff, 0xff, 0xff, 0x3f, 0xff, 0xff, 0xff, 0xff, 0xff, 
	0xff, 0xff, 0xff, 0xff, 0xff, 0xe7, 0xff, 0xff, 0xff, 0xff, 0x7f, 0xf0, 0xff, 0xff, 0xff, 0xff, 
	0xff, 0xff, 0xff, 0xff, 0xff, 0xff, 0xff, 0xff, 0xff, 0xff, 0xff, 0xff, 0xff, 0xff, 0xff, 0xff, 
	0xff, 0xff, 0xff, 0xff, 0xff, 0xff, 0xff, 0xff, 0xff, 0xff, 0xff, 0xff, 0xff, 0xff, 0xff, 0xff
};
// 'angy200013', 128x50px
const unsigned char epd_bitmap_angy200013 [] PROGMEM = {
	0xff, 0xff, 0xff, 0xff, 0xff, 0xff, 0xff, 0xff, 0xff, 0xff, 0xff, 0xff, 0xff, 0xff, 0xff, 0xff, 
	0xff, 0xff, 0xff, 0xdf, 0xff, 0xff, 0xff, 0xff, 0xff, 0xff, 0xff, 0xff, 0xff, 0xff, 0xff, 0xff, 
	0xff, 0xff, 0xff, 0x9f, 0xff, 0xff, 0xff, 0xff, 0xff, 0xff, 0xff, 0xff, 0xf9, 0xff, 0xff, 0xff, 
	0xff, 0xff, 0xff, 0x1f, 0xfe, 0xff, 0xff, 0xff, 0xff, 0xff, 0xff, 0xff, 0xf9, 0xff, 0xff, 0xff, 
	0xff, 0xff, 0xff, 0x7f, 0xfc, 0xff, 0xff, 0xff, 0xff, 0xff, 0xff, 0x7f, 0xf8, 0xff, 0xff, 0xff, 
	0xff, 0xff, 0xff, 0xff, 0xf8, 0xff, 0xff, 0xff, 0xff, 0xff, 0xff, 0x3f, 0xfc, 0xff, 0xff, 0xff, 
	0xff, 0xff, 0xff, 0xff, 0xf1, 0xff, 0xff, 0xff, 0xff, 0xff, 0xff, 0x1f, 0xff, 0xff, 0xff, 0xff, 
	0xff, 0xff, 0xff, 0xff, 0xc3, 0xff, 0xff, 0xff, 0xff, 0xff, 0xff, 0x8f, 0xff, 0xff, 0xff, 0xff, 
	0xff, 0xff, 0xff, 0xff, 0x01, 0xfe, 0xff, 0xff, 0xff, 0xff, 0xff, 0xc1, 0xff, 0xff, 0xff, 0xff, 
	0xff, 0xff, 0xff, 0x7f, 0x00, 0xfc, 0xff, 0xff, 0xff, 0xff, 0xff, 0x00, 0xff, 0xff, 0xff, 0xff, 
	0xff, 0xff, 0xff, 0x3f, 0x3c, 0xf0, 0xff, 0xff, 0xff, 0xff, 0xff, 0x00, 0xfe, 0xff, 0xff, 0xff, 
	0xff, 0xff, 0xff, 0x0f, 0x1f, 0xf8, 0xff, 0xff, 0xff, 0xff, 0x7f, 0x08, 0xfc, 0xff, 0xff, 0xff, 
	0xff, 0xff, 0xff, 0x8f, 0x1f, 0xe0, 0xff, 0xff, 0xff, 0xff, 0x1f, 0x06, 0xf8, 0xff, 0xff, 0xff, 
	0xff, 0xff, 0xff, 0xc7, 0x1f, 0xc0, 0xff, 0xff, 0xff, 0xff, 0x1f, 0x06, 0xf0, 0xff, 0xff, 0xff, 
	0xff, 0xff, 0xff, 0xe3, 0x1f, 0x00, 0xfe, 0xff, 0xff, 0xff, 0x0f, 0x07, 0xf0, 0xff, 0xff, 0xff, 
	0xff, 0xff, 0xff, 0xf3, 0x0f, 0x00, 0xfc, 0xff, 0xff, 0xff, 0x87, 0x07, 0xe0, 0xff, 0xff, 0xff, 
	0xff, 0xff, 0xff, 0xf1, 0x0f, 0x00, 0xf8, 0xff, 0xff, 0xff, 0xe1, 0x03, 0xe0, 0xff, 0xff, 0xff, 
	0xff, 0xff, 0xff, 0xf9, 0x07, 0x00, 0xf8, 0xff, 0xff, 0xff, 0xf0, 0x03, 0xe0, 0xff, 0xff, 0xff, 
	0xff, 0xff, 0xff, 0xf9, 0x01, 0x00, 0xf0, 0xff, 0xff, 0x7f, 0xf8, 0x01, 0xe8, 0xff, 0xff, 0xff, 
	0xff, 0xff, 0xff, 0x39, 0x00, 0x00, 0xf0, 0xff, 0xff, 0x7f, 0xfc, 0x00, 0xcc, 0xff, 0xff, 0xff, 
	0xff, 0xff, 0xff, 0x01, 0x00, 0x00, 0xf0, 0xff, 0xff, 0x3f, 0x7c, 0x00, 0xcc, 0xff, 0xff, 0xff, 
	0xff, 0xff, 0xff, 0x01, 0x00, 0x00, 0xf3, 0xff, 0xff, 0x1f, 0x1e, 0x00, 0xcc, 0xff, 0xff, 0xff, 
	0xff, 0xff, 0xff, 0x01, 0x00, 0x00, 0xfb, 0xff, 0xff, 0x1f, 0x06, 0x00, 0xe4, 0xff, 0xff, 0xff, 
	0xff, 0xff, 0xff, 0x03, 0x00, 0x00, 0xf9, 0xff, 0xff, 0x1f, 0x00, 0x00, 0xe4, 0xff, 0xff, 0xff, 
	0xff, 0xff, 0xff, 0x03, 0x00, 0x80, 0xf9, 0xff, 0xff, 0x5f, 0x00, 0x00, 0xe4, 0xff, 0xff, 0xff, 
	0xff, 0xff, 0xff, 0x03, 0x00, 0xc0, 0xfc, 0xff, 0xff, 0xff, 0x00, 0x00, 0xe6, 0xff, 0xff, 0xff, 
	0xff, 0xff, 0xff, 0x07, 0x00, 0x60, 0xfe, 0xff, 0xff, 0xff, 0x00, 0x00, 0xf3, 0xff, 0xff, 0xff, 
	0xff, 0xff, 0xff, 0x0f, 0x00, 0x38, 0xff, 0xff, 0xff, 0xff, 0x01, 0x00, 0xf9, 0xff, 0xff, 0xff, 
	0xff, 0xff, 0xff, 0x1f, 0xc0, 0x8f, 0xff, 0xff, 0xff, 0xff, 0x03, 0xc0, 0xf9, 0xff, 0xff, 0xff, 
	0xff, 0xff, 0xff, 0x7f, 0xc0, 0xc0, 0xff, 0xff, 0xff, 0xff, 0x07, 0x78, 0xfc, 0xff, 0xff, 0xff, 
	0xff, 0xff, 0xff, 0xff, 0x00, 0xf0, 0xff, 0xff, 0xff, 0xff, 0x0f, 0x3c, 0xfe, 0xff, 0xff, 0xff, 
	0xff, 0xff, 0xff, 0x00, 0x10, 0xff, 0xff, 0xff, 0xff, 0xff, 0x1f, 0x80, 0xff, 0xff, 0xff, 0xff, 
	0xff, 0xff, 0x1f, 0x70, 0x80, 0xff, 0xff, 0xff, 0xff, 0xff, 0xff, 0x01, 0xe0, 0xff, 0xff, 0xff, 
	0xff, 0xff, 0xc7, 0xff, 0x3f, 0xff, 0xff, 0xff, 0xff, 0xff, 0xff, 0xc0, 0x81, 0xff, 0xff, 0xff, 
	0xff, 0xff, 0x0f, 0xff, 0x0f, 0xff, 0xff, 0xff, 0xff, 0xff, 0x7f, 0xfc, 0x9f, 0xff, 0xff, 0xff, 
	0xff, 0xff, 0x3f, 0x00, 0xe0, 0xff, 0xff, 0x7f, 0xff, 0xff, 0xff, 0x01, 0xc0, 0xff, 0xff, 0xff, 
	0xff, 0xff, 0xff, 0xff, 0xff, 0xff, 0xff, 0x7f, 0xff, 0xff, 0xff, 0xff, 0xff, 0xff, 0xff, 0xff, 
	0xff, 0xff, 0xff, 0xff, 0xff, 0xff, 0xff, 0x7f, 0xfe, 0xff, 0xff, 0xff, 0xff, 0xff, 0xff, 0xff, 
	0xff, 0xff, 0xff, 0xff, 0xff, 0xff, 0xff, 0xff, 0x7e, 0xfe, 0xfd, 0xff, 0xff, 0xff, 0xff, 0xff, 
	0xff, 0xff, 0x07, 0xf0, 0xff, 0xff, 0xff, 0xff, 0x3e, 0x78, 0x3c, 0xfe, 0xff, 0xff, 0xff, 0xff, 
	0xff, 0xff, 0xff, 0xfc, 0xe3, 0xef, 0xff, 0xe1, 0x9c, 0x7b, 0x1f, 0xfe, 0xff, 0xff, 0xff, 0xff, 
	0xff, 0xff, 0xff, 0xfc, 0x89, 0x83, 0xff, 0xf9, 0xdd, 0x7b, 0xdf, 0xfe, 0xff, 0xff, 0xff, 0xff, 
	0xff, 0xff, 0xff, 0xfc, 0x3d, 0x9b, 0xff, 0xfd, 0xd9, 0x7b, 0x0e, 0xff, 0xff, 0xff, 0xff, 0xff, 
	0xff, 0xff, 0xff, 0xfd, 0x7c, 0x99, 0xff, 0xfd, 0x99, 0xfb, 0xcd, 0xff, 0xff, 0xff, 0xff, 0xff, 
	0xff, 0xff, 0xff, 0xf9, 0x1d, 0x9d, 0xff, 0xbd, 0x3b, 0xf8, 0xdb, 0xff, 0xff, 0xff, 0xff, 0xff, 
	0xff, 0xff, 0xff, 0xfb, 0xc1, 0xd9, 0xff, 0x83, 0xf3, 0x7f, 0x98, 0xff, 0xff, 0xff, 0xff, 0xff, 
	0xff, 0xff, 0xff, 0xfb, 0xff, 0xc3, 0xff, 0xff, 0xff, 0xff, 0x3f, 0xff, 0xff, 0xff, 0xff, 0xff, 
	0xff, 0xff, 0xff, 0xff, 0xff, 0xe7, 0xff, 0xff, 0xff, 0xff, 0x7f, 0xf0, 0xff, 0xff, 0xff, 0xff, 
	0xff, 0xff, 0xff, 0xff, 0xff, 0xff, 0xff, 0xff, 0xff, 0xff, 0xff, 0xff, 0xff, 0xff, 0xff, 0xff, 
	0xff, 0xff, 0xff, 0xff, 0xff, 0xff, 0xff, 0xff, 0xff, 0xff, 0xff, 0xff, 0xff, 0xff, 0xff, 0xff
};
// 'angy200014', 128x50px
const unsigned char epd_bitmap_angy200014 [] PROGMEM = {
	0xff, 0xff, 0xff, 0xff, 0xff, 0xff, 0xff, 0xff, 0xff, 0xff, 0xff, 0xff, 0xff, 0xff, 0xff, 0xff, 
	0xff, 0xff, 0xff, 0xdf, 0xff, 0xff, 0xff, 0xff, 0xff, 0xff, 0xff, 0xff, 0xff, 0xff, 0xff, 0xff, 
	0xff, 0xff, 0xff, 0x9f, 0xff, 0xff, 0xff, 0xff, 0xff, 0xff, 0xff, 0xff, 0xf9, 0xff, 0xff, 0xff, 
	0xff, 0xff, 0xff, 0x1f, 0xfe, 0xff, 0xff, 0xff, 0xff, 0xff, 0xff, 0xff, 0xf9, 0xff, 0xff, 0xff, 
	0xff, 0xff, 0xff, 0x7f, 0xfc, 0xff, 0xff, 0xff, 0xff, 0xff, 0xff, 0x7f, 0xf8, 0xff, 0xff, 0xff, 
	0xff, 0xff, 0xff, 0xff, 0xf8, 0xff, 0xff, 0xff, 0xff, 0xff, 0xff, 0x3f, 0xfc, 0xff, 0xff, 0xff, 
	0xff, 0xff, 0xff, 0xff, 0xf1, 0xff, 0xff, 0xff, 0xff, 0xff, 0xff, 0x1f, 0xff, 0xff, 0xff, 0xff, 
	0xff, 0xff, 0xff, 0xff, 0xc3, 0xff, 0xff, 0xff, 0xff, 0xff, 0xff, 0x8f, 0xff, 0xff, 0xff, 0xff, 
	0xff, 0xff, 0xff, 0xff, 0x01, 0xfe, 0xff, 0xff, 0xff, 0xff, 0xff, 0xc1, 0xff, 0xff, 0xff, 0xff, 
	0xff, 0xff, 0xff, 0x7f, 0x00, 0xfc, 0xff, 0xff, 0xff, 0xff, 0xff, 0x00, 0xff, 0xff, 0xff, 0xff, 
	0xff, 0xff, 0xff, 0x3f, 0x3c, 0xf0, 0xff, 0xff, 0xff, 0xff, 0xff, 0x00, 0xfe, 0xff, 0xff, 0xff, 
	0xff, 0xff, 0xff, 0x0f, 0x1f, 0xf8, 0xff, 0xff, 0xff, 0xff, 0x7f, 0x08, 0xfc, 0xff, 0xff, 0xff, 
	0xff, 0xff, 0xff, 0x8f, 0x1f, 0xe0, 0xff, 0xff, 0xff, 0xff, 0x1f, 0x06, 0xf8, 0xff, 0xff, 0xff, 
	0xff, 0xff, 0xff, 0xc7, 0x1f, 0xc0, 0xff, 0xff, 0xff, 0xff, 0x1f, 0x06, 0xf0, 0xff, 0xff, 0xff, 
	0xff, 0xff, 0xff, 0xe3, 0x1f, 0x00, 0xfe, 0xff, 0xff, 0xff, 0x0f, 0x07, 0xf0, 0xff, 0xff, 0xff, 
	0xff, 0xff, 0xff, 0xf3, 0x0f, 0x00, 0xfc, 0xff, 0xff, 0xff, 0x87, 0x07, 0xe0, 0xff, 0xff, 0xff, 
	0xff, 0xff, 0xff, 0xf1, 0x0f, 0x00, 0xf8, 0xff, 0xff, 0xff, 0xe1, 0x03, 0xe0, 0xff, 0xff, 0xff, 
	0xff, 0xff, 0xff, 0xf9, 0x07, 0x00, 0xf8, 0xff, 0xff, 0xff, 0xf0, 0x03, 0xe0, 0xff, 0xff, 0xff, 
	0xff, 0xff, 0xff, 0xf9, 0x01, 0x00, 0xf0, 0xff, 0xff, 0x7f, 0xf8, 0x01, 0xe8, 0xff, 0xff, 0xff, 
	0xff, 0xff, 0xff, 0x39, 0x00, 0x00, 0xf0, 0xff, 0xff, 0x7f, 0xfc, 0x00, 0xcc, 0xff, 0xff, 0xff, 
	0xff, 0xff, 0xff, 0x01, 0x00, 0x00, 0xf0, 0xff, 0xff, 0x3f, 0x7c, 0x00, 0xcc, 0xff, 0xff, 0xff, 
	0xff, 0xff, 0xff, 0x01, 0x00, 0x00, 0xf3, 0xff, 0xff, 0x1f, 0x1e, 0x00, 0xcc, 0xff, 0xff, 0xff, 
	0xff, 0xff, 0xff, 0x01, 0x00, 0x00, 0xfb, 0xff, 0xff, 0x1f, 0x06, 0x00, 0xe4, 0xff, 0xff, 0xff, 
	0xff, 0xff, 0xff, 0x03, 0x00, 0x00, 0xf9, 0xff, 0xff, 0x1f, 0x00, 0x00, 0xe4, 0xff, 0xff, 0xff, 
	0xff, 0xff, 0xff, 0x03, 0x00, 0x80, 0xf9, 0xff, 0xff, 0x5f, 0x00, 0x00, 0xe4, 0xff, 0xff, 0xff, 
	0xff, 0xff, 0xff, 0x03, 0x00, 0xc0, 0xfc, 0xff, 0xff, 0xff, 0x00, 0x00, 0xe6, 0xff, 0xff, 0xff, 
	0xff, 0xff, 0xff, 0x07, 0x00, 0x60, 0xfe, 0xff, 0xff, 0xff, 0x00, 0x00, 0xf3, 0xff, 0xff, 0xff, 
	0xff, 0xff, 0xff, 0x0f, 0x00, 0x38, 0xff, 0xff, 0xff, 0xff, 0x01, 0x00, 0xf9, 0xff, 0xff, 0xff, 
	0xff, 0xff, 0xff, 0x1f, 0xc0, 0x8f, 0xff, 0xff, 0xff, 0xff, 0x03, 0xc0, 0xf9, 0xff, 0xff, 0xff, 
	0xff, 0xff, 0xff, 0x7f, 0xc0, 0xc0, 0xff, 0xff, 0xff, 0xff, 0x07, 0x78, 0xfc, 0xff, 0xff, 0xff, 
	0xff, 0xff, 0xff, 0xff, 0x00, 0xf0, 0xff, 0xff, 0xff, 0xff, 0x0f, 0x3c, 0xfe, 0xff, 0xff, 0xff, 
	0xff, 0xff, 0xff, 0x00, 0x10, 0xff, 0xff, 0xff, 0xff, 0xff, 0x1f, 0x80, 0xff, 0xff, 0xff, 0xff, 
	0xff, 0xff, 0x1f, 0x70, 0x80, 0xff, 0xff, 0xff, 0xff, 0xff, 0xff, 0x01, 0xe0, 0xff, 0xff, 0xff, 
	0xff, 0xff, 0xc7, 0xff, 0x3f, 0xff, 0xff, 0xff, 0xff, 0xff, 0xff, 0xc0, 0x81, 0xff, 0xff, 0xff, 
	0xff, 0xff, 0x0f, 0xff, 0x0f, 0xff, 0xff, 0xff, 0xff, 0xff, 0x7f, 0xfc, 0x9f, 0xff, 0xff, 0xff, 
	0xff, 0xff, 0x3f, 0x00, 0xe0, 0xff, 0xff, 0x7f, 0xff, 0xff, 0xff, 0x01, 0xc0, 0xff, 0xff, 0xff, 
	0xff, 0xff, 0xff, 0xff, 0xff, 0xff, 0xff, 0x7f, 0xff, 0xff, 0xff, 0xff, 0xff, 0xff, 0xff, 0xff, 
	0xff, 0xff, 0xff, 0xff, 0xff, 0xff, 0xff, 0x7f, 0xfe, 0xff, 0xff, 0xff, 0xff, 0xff, 0xff, 0xff, 
	0xff, 0xff, 0xff, 0xff, 0xff, 0xff, 0xff, 0xff, 0x7e, 0xfe, 0xfd, 0xff, 0xff, 0xff, 0xff, 0xff, 
	0xff, 0xff, 0x07, 0xf0, 0xff, 0xff, 0xff, 0xff, 0x3e, 0x78, 0x3c, 0xfe, 0xff, 0xff, 0xff, 0xff, 
	0xff, 0xff, 0xff, 0xfc, 0xe3, 0xef, 0xff, 0xe1, 0x9c, 0x7b, 0x1f, 0xfe, 0xff, 0xff, 0xff, 0xff, 
	0xff, 0xff, 0xff, 0xfc, 0x89, 0x83, 0xff, 0xf9, 0xdd, 0x7b, 0xdf, 0xfe, 0xff, 0xff, 0xff, 0xff, 
	0xff, 0xff, 0xff, 0xfc, 0x3d, 0x9b, 0xff, 0xfd, 0xd9, 0x7b, 0x0e, 0xff, 0xff, 0xff, 0xff, 0xff, 
	0xff, 0xff, 0xff, 0xfd, 0x7c, 0x99, 0xff, 0xfd, 0x99, 0xfb, 0xcd, 0xff, 0xff, 0xff, 0xff, 0xff, 
	0xff, 0xff, 0xff, 0xf9, 0x1d, 0x9d, 0xff, 0xbd, 0x3b, 0xf8, 0xdb, 0xff, 0xff, 0xff, 0xff, 0xff, 
	0xff, 0xff, 0xff, 0xfb, 0xc1, 0xd9, 0xff, 0x83, 0xf3, 0x7f, 0x98, 0xff, 0xff, 0xff, 0xff, 0xff, 
	0xff, 0xff, 0xff, 0xfb, 0xff, 0xc3, 0xff, 0xff, 0xff, 0xff, 0x3f, 0xff, 0xff, 0xff, 0xff, 0xff, 
	0xff, 0xff, 0xff, 0xff, 0xff, 0xe7, 0xff, 0xff, 0xff, 0xff, 0x7f, 0xf0, 0xff, 0xff, 0xff, 0xff, 
	0xff, 0xff, 0xff, 0xff, 0xff, 0xff, 0xff, 0xff, 0xff, 0xff, 0xff, 0xff, 0xff, 0xff, 0xff, 0xff, 
	0xff, 0xff, 0xff, 0xff, 0xff, 0xff, 0xff, 0xff, 0xff, 0xff, 0xff, 0xff, 0xff, 0xff, 0xff, 0xff
};
// 'angy200015', 128x50px
const unsigned char epd_bitmap_angy200015 [] PROGMEM = {
	0xff, 0xff, 0xff, 0xff, 0xff, 0xff, 0xff, 0xff, 0xff, 0xff, 0xff, 0xff, 0xff, 0xff, 0xff, 0xff, 
	0xff, 0xff, 0xff, 0xdf, 0xff, 0xff, 0xff, 0xff, 0xff, 0xff, 0xff, 0xff, 0xff, 0xff, 0xff, 0xff, 
	0xff, 0xff, 0xff, 0x9f, 0xff, 0xff, 0xff, 0xff, 0xff, 0xff, 0xff, 0xff, 0xf9, 0xff, 0xff, 0xff, 
	0xff, 0xff, 0xff, 0x1f, 0xfe, 0xff, 0xff, 0xff, 0xff, 0xff, 0xff, 0xff, 0xf9, 0xff, 0xff, 0xff, 
	0xff, 0xff, 0xff, 0x7f, 0xfc, 0xff, 0xff, 0xff, 0xff, 0xff, 0xff, 0x7f, 0xf8, 0xff, 0xff, 0xff, 
	0xff, 0xff, 0xff, 0xff, 0xf8, 0xff, 0xff, 0xff, 0xff, 0xff, 0xff, 0x3f, 0xfc, 0xff, 0xff, 0xff, 
	0xff, 0xff, 0xff, 0xff, 0xf1, 0xff, 0xff, 0xff, 0xff, 0xff, 0xff, 0x1f, 0xff, 0xff, 0xff, 0xff, 
	0xff, 0xff, 0xff, 0xff, 0xc3, 0xff, 0xff, 0xff, 0xff, 0xff, 0xff, 0x8f, 0xff, 0xff, 0xff, 0xff, 
	0xff, 0xff, 0xff, 0xff, 0x01, 0xfe, 0xff, 0xff, 0xff, 0xff, 0xff, 0xc1, 0xff, 0xff, 0xff, 0xff, 
	0xff, 0xff, 0xff, 0x7f, 0x00, 0xfc, 0xff, 0xff, 0xff, 0xff, 0xff, 0x00, 0xff, 0xff, 0xff, 0xff, 
	0xff, 0xff, 0xff, 0x3f, 0x3c, 0xf0, 0xff, 0xff, 0xff, 0xff, 0xff, 0x00, 0xfe, 0xff, 0xff, 0xff, 
	0xff, 0xff, 0xff, 0x0f, 0x1f, 0xf8, 0xff, 0xff, 0xff, 0xff, 0x7f, 0x08, 0xfc, 0xff, 0xff, 0xff, 
	0xff, 0xff, 0xff, 0x8f, 0x1f, 0xe0, 0xff, 0xff, 0xff, 0xff, 0x1f, 0x06, 0xf8, 0xff, 0xff, 0xff, 
	0xff, 0xff, 0xff, 0xc7, 0x1f, 0xc0, 0xff, 0xff, 0xff, 0xff, 0x1f, 0x06, 0xf0, 0xff, 0xff, 0xff, 
	0xff, 0xff, 0xff, 0xe3, 0x1f, 0x00, 0xfe, 0xff, 0xff, 0xff, 0x0f, 0x07, 0xf0, 0xff, 0xff, 0xff, 
	0xff, 0xff, 0xff, 0xf3, 0x0f, 0x00, 0xfc, 0xff, 0xff, 0xff, 0x87, 0x07, 0xe0, 0xff, 0xff, 0xff, 
	0xff, 0xff, 0xff, 0xf1, 0x0f, 0x00, 0xf8, 0xff, 0xff, 0xff, 0xe1, 0x03, 0xe0, 0xff, 0xff, 0xff, 
	0xff, 0xff, 0xff, 0xf9, 0x07, 0x00, 0xf8, 0xff, 0xff, 0xff, 0xf0, 0x03, 0xe0, 0xff, 0xff, 0xff, 
	0xff, 0xff, 0xff, 0xf9, 0x01, 0x00, 0xf0, 0xff, 0xff, 0x7f, 0xf8, 0x01, 0xe8, 0xff, 0xff, 0xff, 
	0xff, 0xff, 0xff, 0x39, 0x00, 0x00, 0xf0, 0xff, 0xff, 0x7f, 0xfc, 0x00, 0xcc, 0xff, 0xff, 0xff, 
	0xff, 0xff, 0xff, 0x01, 0x00, 0x00, 0xf0, 0xff, 0xff, 0x3f, 0x7c, 0x00, 0xcc, 0xff, 0xff, 0xff, 
	0xff, 0xff, 0xff, 0x01, 0x00, 0x00, 0xf3, 0xff, 0xff, 0x1f, 0x1e, 0x00, 0xcc, 0xff, 0xff, 0xff, 
	0xff, 0xff, 0xff, 0x01, 0x00, 0x00, 0xfb, 0xff, 0xff, 0x1f, 0x06, 0x00, 0xe4, 0xff, 0xff, 0xff, 
	0xff, 0xff, 0xff, 0x03, 0x00, 0x00, 0xf9, 0xff, 0xff, 0x1f, 0x00, 0x00, 0xe4, 0xff, 0xff, 0xff, 
	0xff, 0xff, 0xff, 0x03, 0x00, 0x80, 0xf9, 0xff, 0xff, 0x5f, 0x00, 0x00, 0xe4, 0xff, 0xff, 0xff, 
	0xff, 0xff, 0xff, 0x03, 0x00, 0xc0, 0xfc, 0xff, 0xff, 0xff, 0x00, 0x00, 0xe6, 0xff, 0xff, 0xff, 
	0xff, 0xff, 0xff, 0x07, 0x00, 0x60, 0xfe, 0xff, 0xff, 0xff, 0x00, 0x00, 0xf3, 0xff, 0xff, 0xff, 
	0xff, 0xff, 0xff, 0x0f, 0x00, 0x38, 0xff, 0xff, 0xff, 0xff, 0x01, 0x00, 0xf9, 0xff, 0xff, 0xff, 
	0xff, 0xff, 0xff, 0x1f, 0xc0, 0x8f, 0xff, 0xff, 0xff, 0xff, 0x03, 0xc0, 0xf9, 0xff, 0xff, 0xff, 
	0xff, 0xff, 0xff, 0x7f, 0xc0, 0xc0, 0xff, 0xff, 0xff, 0xff, 0x07, 0x78, 0xfc, 0xff, 0xff, 0xff, 
	0xff, 0xff, 0xff, 0xff, 0x00, 0xf0, 0xff, 0xff, 0xff, 0xff, 0x0f, 0x3c, 0xfe, 0xff, 0xff, 0xff, 
	0xff, 0xff, 0xff, 0x00, 0x10, 0xff, 0xff, 0xff, 0xff, 0xff, 0x1f, 0x80, 0xff, 0xff, 0xff, 0xff, 
	0xff, 0xff, 0x1f, 0x70, 0x80, 0xff, 0xff, 0xff, 0xff, 0xff, 0xff, 0x01, 0xe0, 0xff, 0xff, 0xff, 
	0xff, 0xff, 0xc7, 0xff, 0x3f, 0xff, 0xff, 0xff, 0xff, 0xff, 0xff, 0xc0, 0x81, 0xff, 0xff, 0xff, 
	0xff, 0xff, 0x0f, 0xff, 0x0f, 0xff, 0xff, 0xff, 0xff, 0xff, 0x7f, 0xfc, 0x9f, 0xff, 0xff, 0xff, 
	0xff, 0xff, 0x3f, 0x00, 0xe0, 0xff, 0xff, 0x7f, 0xff, 0xff, 0xff, 0x01, 0xc0, 0xff, 0xff, 0xff, 
	0xff, 0xff, 0xff, 0xff, 0xff, 0xff, 0xff, 0x7f, 0xff, 0xff, 0xff, 0xff, 0xff, 0xff, 0xff, 0xff, 
	0xff, 0xff, 0xff, 0xff, 0xff, 0xff, 0xff, 0x7f, 0xfe, 0xff, 0xff, 0xff, 0xff, 0xff, 0xff, 0xff, 
	0xff, 0xff, 0xff, 0xff, 0xff, 0xff, 0xff, 0xff, 0x7e, 0xfe, 0xfd, 0xff, 0xff, 0xff, 0xff, 0xff, 
	0xff, 0xff, 0x07, 0xf0, 0xff, 0xff, 0xff, 0xff, 0x3e, 0x78, 0x3c, 0xfe, 0xff, 0xff, 0xff, 0xff, 
	0xff, 0xff, 0xff, 0xfc, 0xe3, 0xef, 0xff, 0xe1, 0x9c, 0x7b, 0x1f, 0xfe, 0xff, 0xff, 0xff, 0xff, 
	0xff, 0xff, 0xff, 0xfc, 0x89, 0x83, 0xff, 0xf9, 0xdd, 0x7b, 0xdf, 0xfe, 0xff, 0xff, 0xff, 0xff, 
	0xff, 0xff, 0xff, 0xfc, 0x3d, 0x9b, 0xff, 0xfd, 0xd9, 0x7b, 0x0e, 0xff, 0xff, 0xff, 0xff, 0xff, 
	0xff, 0xff, 0xff, 0xfd, 0x7c, 0x99, 0xff, 0xfd, 0x99, 0xfb, 0xcd, 0xff, 0xff, 0xff, 0xff, 0xff, 
	0xff, 0xff, 0xff, 0xf9, 0x1d, 0x9d, 0xff, 0xbd, 0x3b, 0xf8, 0xdb, 0xff, 0xff, 0xff, 0xff, 0xff, 
	0xff, 0xff, 0xff, 0xfb, 0xc1, 0xd9, 0xff, 0x83, 0xf3, 0x7f, 0x98, 0xff, 0xff, 0xff, 0xff, 0xff, 
	0xff, 0xff, 0xff, 0xfb, 0xff, 0xc3, 0xff, 0xff, 0xff, 0xff, 0x3f, 0xff, 0xff, 0xff, 0xff, 0xff, 
	0xff, 0xff, 0xff, 0xff, 0xff, 0xe7, 0xff, 0xff, 0xff, 0xff, 0x7f, 0xf0, 0xff, 0xff, 0xff, 0xff, 
	0xff, 0xff, 0xff, 0xff, 0xff, 0xff, 0xff, 0xff, 0xff, 0xff, 0xff, 0xff, 0xff, 0xff, 0xff, 0xff, 
	0xff, 0xff, 0xff, 0xff, 0xff, 0xff, 0xff, 0xff, 0xff, 0xff, 0xff, 0xff, 0xff, 0xff, 0xff, 0xff
};
// 'angy200016', 128x50px
const unsigned char epd_bitmap_angy200016 [] PROGMEM = {
	0xff, 0xff, 0xff, 0xff, 0xff, 0xff, 0xff, 0xff, 0xff, 0xff, 0xff, 0xff, 0xff, 0xff, 0xff, 0xff, 
	0xff, 0xff, 0xff, 0xdf, 0xff, 0xff, 0xff, 0xff, 0xff, 0xff, 0xff, 0xff, 0xff, 0xff, 0xff, 0xff, 
	0xff, 0xff, 0xff, 0x9f, 0xff, 0xff, 0xff, 0xff, 0xff, 0xff, 0xff, 0xff, 0xf9, 0xff, 0xff, 0xff, 
	0xff, 0xff, 0xff, 0x1f, 0xfe, 0xff, 0xff, 0xff, 0xff, 0xff, 0xff, 0xff, 0xf9, 0xff, 0xff, 0xff, 
	0xff, 0xff, 0xff, 0x7f, 0xfc, 0xff, 0xff, 0xff, 0xff, 0xff, 0xff, 0x7f, 0xf8, 0xff, 0xff, 0xff, 
	0xff, 0xff, 0xff, 0xff, 0xf8, 0xff, 0xff, 0xff, 0xff, 0xff, 0xff, 0x3f, 0xfc, 0xff, 0xff, 0xff, 
	0xff, 0xff, 0xff, 0xff, 0xf1, 0xff, 0xff, 0xff, 0xff, 0xff, 0xff, 0x1f, 0xff, 0xff, 0xff, 0xff, 
	0xff, 0xff, 0xff, 0xff, 0xc3, 0xff, 0xff, 0xff, 0xff, 0xff, 0xff, 0x8f, 0xff, 0xff, 0xff, 0xff, 
	0xff, 0xff, 0xff, 0xff, 0x01, 0xfe, 0xff, 0xff, 0xff, 0xff, 0xff, 0xc1, 0xff, 0xff, 0xff, 0xff, 
	0xff, 0xff, 0xff, 0x7f, 0x00, 0xfc, 0xff, 0xff, 0xff, 0xff, 0xff, 0x00, 0xff, 0xff, 0xff, 0xff, 
	0xff, 0xff, 0xff, 0x3f, 0x3c, 0xf0, 0xff, 0xff, 0xff, 0xff, 0xff, 0x00, 0xfe, 0xff, 0xff, 0xff, 
	0xff, 0xff, 0xff, 0x0f, 0x1f, 0xf8, 0xff, 0xff, 0xff, 0xff, 0x7f, 0x08, 0xfc, 0xff, 0xff, 0xff, 
	0xff, 0xff, 0xff, 0x8f, 0x1f, 0xe0, 0xff, 0xff, 0xff, 0xff, 0x1f, 0x06, 0xf8, 0xff, 0xff, 0xff, 
	0xff, 0xff, 0xff, 0xc7, 0x1f, 0xc0, 0xff, 0xff, 0xff, 0xff, 0x1f, 0x06, 0xf0, 0xff, 0xff, 0xff, 
	0xff, 0xff, 0xff, 0xe3, 0x1f, 0x00, 0xfe, 0xff, 0xff, 0xff, 0x0f, 0x07, 0xf0, 0xff, 0xff, 0xff, 
	0xff, 0xff, 0xff, 0xf3, 0x0f, 0x00, 0xfc, 0xff, 0xff, 0xff, 0x87, 0x07, 0xe0, 0xff, 0xff, 0xff, 
	0xff, 0xff, 0xff, 0xf1, 0x0f, 0x00, 0xf8, 0xff, 0xff, 0xff, 0xe1, 0x03, 0xe0, 0xff, 0xff, 0xff, 
	0xff, 0xff, 0xff, 0xf9, 0x07, 0x00, 0xf8, 0xff, 0xff, 0xff, 0xf0, 0x03, 0xe0, 0xff, 0xff, 0xff, 
	0xff, 0xff, 0xff, 0xf9, 0x01, 0x00, 0xf0, 0xff, 0xff, 0x7f, 0xf8, 0x01, 0xe8, 0xff, 0xff, 0xff, 
	0xff, 0xff, 0xff, 0x39, 0x00, 0x00, 0xf0, 0xff, 0xff, 0x7f, 0xfc, 0x00, 0xcc, 0xff, 0xff, 0xff, 
	0xff, 0xff, 0xff, 0x01, 0x00, 0x00, 0xf0, 0xff, 0xff, 0x3f, 0x7c, 0x00, 0xcc, 0xff, 0xff, 0xff, 
	0xff, 0xff, 0xff, 0x01, 0x00, 0x00, 0xf3, 0xff, 0xff, 0x1f, 0x1e, 0x00, 0xcc, 0xff, 0xff, 0xff, 
	0xff, 0xff, 0xff, 0x01, 0x00, 0x00, 0xfb, 0xff, 0xff, 0x1f, 0x06, 0x00, 0xe4, 0xff, 0xff, 0xff, 
	0xff, 0xff, 0xff, 0x03, 0x00, 0x00, 0xf9, 0xff, 0xff, 0x1f, 0x00, 0x00, 0xe4, 0xff, 0xff, 0xff, 
	0xff, 0xff, 0xff, 0x03, 0x00, 0x80, 0xf9, 0xff, 0xff, 0x5f, 0x00, 0x00, 0xe4, 0xff, 0xff, 0xff, 
	0xff, 0xff, 0xff, 0x03, 0x00, 0xc0, 0xfc, 0xff, 0xff, 0xff, 0x00, 0x00, 0xe6, 0xff, 0xff, 0xff, 
	0xff, 0xff, 0xff, 0x07, 0x00, 0x60, 0xfe, 0xff, 0xff, 0xff, 0x00, 0x00, 0xf3, 0xff, 0xff, 0xff, 
	0xff, 0xff, 0xff, 0x0f, 0x00, 0x38, 0xff, 0xff, 0xff, 0xff, 0x01, 0x00, 0xf9, 0xff, 0xff, 0xff, 
	0xff, 0xff, 0xff, 0x1f, 0xc0, 0x8f, 0xff, 0xff, 0xff, 0xff, 0x03, 0xc0, 0xf9, 0xff, 0xff, 0xff, 
	0xff, 0xff, 0xff, 0x7f, 0xc0, 0xc0, 0xff, 0xff, 0xff, 0xff, 0x07, 0x78, 0xfc, 0xff, 0xff, 0xff, 
	0xff, 0xff, 0xff, 0xff, 0x00, 0xf0, 0xff, 0xff, 0xff, 0xff, 0x0f, 0x3c, 0xfe, 0xff, 0xff, 0xff, 
	0xff, 0xff, 0xff, 0x00, 0x10, 0xff, 0xff, 0xff, 0xff, 0xff, 0x1f, 0x80, 0xff, 0xff, 0xff, 0xff, 
	0xff, 0xff, 0x1f, 0x70, 0x80, 0xff, 0xff, 0xff, 0xff, 0xff, 0xff, 0x01, 0xe0, 0xff, 0xff, 0xff, 
	0xff, 0xff, 0xc7, 0xff, 0x3f, 0xff, 0xff, 0xff, 0xff, 0xff, 0xff, 0xc0, 0x81, 0xff, 0xff, 0xff, 
	0xff, 0xff, 0x0f, 0xff, 0x0f, 0xff, 0xff, 0xff, 0xff, 0xff, 0x7f, 0xfc, 0x9f, 0xff, 0xff, 0xff, 
	0xff, 0xff, 0x3f, 0x00, 0xe0, 0xff, 0xff, 0x7f, 0xff, 0xff, 0xff, 0x01, 0xc0, 0xff, 0xff, 0xff, 
	0xff, 0xff, 0xff, 0xff, 0xff, 0xff, 0xff, 0x7f, 0xff, 0xff, 0xff, 0xff, 0xff, 0xff, 0xff, 0xff, 
	0xff, 0xff, 0xff, 0xff, 0xff, 0xff, 0xff, 0x7f, 0xfe, 0xff, 0xff, 0xff, 0xff, 0xff, 0xff, 0xff, 
	0xff, 0xff, 0xff, 0xff, 0xff, 0xff, 0xff, 0xff, 0x7e, 0xfe, 0xfd, 0xff, 0xff, 0xff, 0xff, 0xff, 
	0xff, 0xff, 0x07, 0xf0, 0xff, 0xff, 0xff, 0xff, 0x3e, 0x78, 0x3c, 0xfe, 0xff, 0xff, 0xff, 0xff, 
	0xff, 0xff, 0xff, 0xfc, 0xe3, 0xef, 0xff, 0xe1, 0x9c, 0x7b, 0x1f, 0xfe, 0xff, 0xff, 0xff, 0xff, 
	0xff, 0xff, 0xff, 0xfc, 0x89, 0x83, 0xff, 0xf9, 0xdd, 0x7b, 0xdf, 0xfe, 0xff, 0xff, 0xff, 0xff, 
	0xff, 0xff, 0xff, 0xfc, 0x3d, 0x9b, 0xff, 0xfd, 0xd9, 0x7b, 0x0e, 0xff, 0xff, 0xff, 0xff, 0xff, 
	0xff, 0xff, 0xff, 0xfd, 0x7c, 0x99, 0xff, 0xfd, 0x99, 0xfb, 0xcd, 0xff, 0xff, 0xff, 0xff, 0xff, 
	0xff, 0xff, 0xff, 0xf9, 0x1d, 0x9d, 0xff, 0xbd, 0x3b, 0xf8, 0xdb, 0xff, 0xff, 0xff, 0xff, 0xff, 
	0xff, 0xff, 0xff, 0xfb, 0xc1, 0xd9, 0xff, 0x83, 0xf3, 0x7f, 0x98, 0xff, 0xff, 0xff, 0xff, 0xff, 
	0xff, 0xff, 0xff, 0xfb, 0xff, 0xc3, 0xff, 0xff, 0xff, 0xff, 0x3f, 0xff, 0xff, 0xff, 0xff, 0xff, 
	0xff, 0xff, 0xff, 0xff, 0xff, 0xe7, 0xff, 0xff, 0xff, 0xff, 0x7f, 0xf0, 0xff, 0xff, 0xff, 0xff, 
	0xff, 0xff, 0xff, 0xff, 0xff, 0xff, 0xff, 0xff, 0xff, 0xff, 0xff, 0xff, 0xff, 0xff, 0xff, 0xff, 
	0xff, 0xff, 0xff, 0xff, 0xff, 0xff, 0xff, 0xff, 0xff, 0xff, 0xff, 0xff, 0xff, 0xff, 0xff, 0xff
};
// 'angy200017', 128x50px
const unsigned char epd_bitmap_angy200017 [] PROGMEM = {
	0xff, 0xff, 0xff, 0xff, 0xff, 0xff, 0xff, 0xff, 0xff, 0xff, 0xff, 0xff, 0xff, 0xff, 0xff, 0xff, 
	0xff, 0xff, 0xff, 0xdf, 0xff, 0xff, 0xff, 0xff, 0xff, 0xff, 0xff, 0xff, 0xff, 0xff, 0xff, 0xff, 
	0xff, 0xff, 0xff, 0x9f, 0xff, 0xff, 0xff, 0xff, 0xff, 0xff, 0xff, 0xff, 0xf9, 0xff, 0xff, 0xff, 
	0xff, 0xff, 0xff, 0x1f, 0xfe, 0xff, 0xff, 0xff, 0xff, 0xff, 0xff, 0xff, 0xf9, 0xff, 0xff, 0xff, 
	0xff, 0xff, 0xff, 0x7f, 0xfc, 0xff, 0xff, 0xff, 0xff, 0xff, 0xff, 0x7f, 0xf8, 0xff, 0xff, 0xff, 
	0xff, 0xff, 0xff, 0xff, 0xf8, 0xff, 0xff, 0xff, 0xff, 0xff, 0xff, 0x3f, 0xfc, 0xff, 0xff, 0xff, 
	0xff, 0xff, 0xff, 0xff, 0xf1, 0xff, 0xff, 0xff, 0xff, 0xff, 0xff, 0x1f, 0xff, 0xff, 0xff, 0xff, 
	0xff, 0xff, 0xff, 0xff, 0xc3, 0xff, 0xff, 0xff, 0xff, 0xff, 0xff, 0x8f, 0xff, 0xff, 0xff, 0xff, 
	0xff, 0xff, 0xff, 0xff, 0x01, 0xfe, 0xff, 0xff, 0xff, 0xff, 0xff, 0xc1, 0xff, 0xff, 0xff, 0xff, 
	0xff, 0xff, 0xff, 0x7f, 0x00, 0xfc, 0xff, 0xff, 0xff, 0xff, 0xff, 0x00, 0xff, 0xff, 0xff, 0xff, 
	0xff, 0xff, 0xff, 0x3f, 0x3c, 0xf0, 0xff, 0xff, 0xff, 0xff, 0xff, 0x00, 0xfe, 0xff, 0xff, 0xff, 
	0xff, 0xff, 0xff, 0x0f, 0x1f, 0xf8, 0xff, 0xff, 0xff, 0xff, 0x7f, 0x08, 0xfc, 0xff, 0xff, 0xff, 
	0xff, 0xff, 0xff, 0x8f, 0x1f, 0xe0, 0xff, 0xff, 0xff, 0xff, 0x1f, 0x06, 0xf8, 0xff, 0xff, 0xff, 
	0xff, 0xff, 0xff, 0xc7, 0x1f, 0xc0, 0xff, 0xff, 0xff, 0xff, 0x1f, 0x06, 0xf0, 0xff, 0xff, 0xff, 
	0xff, 0xff, 0xff, 0xe3, 0x1f, 0x00, 0xfe, 0xff, 0xff, 0xff, 0x0f, 0x07, 0xf0, 0xff, 0xff, 0xff, 
	0xff, 0xff, 0xff, 0xf3, 0x0f, 0x00, 0xfc, 0xff, 0xff, 0xff, 0x87, 0x07, 0xe0, 0xff, 0xff, 0xff, 
	0xff, 0xff, 0xff, 0xf1, 0x0f, 0x00, 0xf8, 0xff, 0xff, 0xff, 0xe1, 0x03, 0xe0, 0xff, 0xff, 0xff, 
	0xff, 0xff, 0xff, 0xf9, 0x07, 0x00, 0xf8, 0xff, 0xff, 0xff, 0xf0, 0x03, 0xe0, 0xff, 0xff, 0xff, 
	0xff, 0xff, 0xff, 0xf9, 0x01, 0x00, 0xf0, 0xff, 0xff, 0x7f, 0xf8, 0x01, 0xe8, 0xff, 0xff, 0xff, 
	0xff, 0xff, 0xff, 0x39, 0x00, 0x00, 0xf0, 0xff, 0xff, 0x7f, 0xfc, 0x00, 0xcc, 0xff, 0xff, 0xff, 
	0xff, 0xff, 0xff, 0x01, 0x00, 0x00, 0xf0, 0xff, 0xff, 0x3f, 0x7c, 0x00, 0xcc, 0xff, 0xff, 0xff, 
	0xff, 0xff, 0xff, 0x01, 0x00, 0x00, 0xf3, 0xff, 0xff, 0x1f, 0x1e, 0x00, 0xcc, 0xff, 0xff, 0xff, 
	0xff, 0xff, 0xff, 0x01, 0x00, 0x00, 0xfb, 0xff, 0xff, 0x1f, 0x06, 0x00, 0xe4, 0xff, 0xff, 0xff, 
	0xff, 0xff, 0xff, 0x03, 0x00, 0x00, 0xf9, 0xff, 0xff, 0x1f, 0x00, 0x00, 0xe4, 0xff, 0xff, 0xff, 
	0xff, 0xff, 0xff, 0x03, 0x00, 0x80, 0xf9, 0xff, 0xff, 0x5f, 0x00, 0x00, 0xe4, 0xff, 0xff, 0xff, 
	0xff, 0xff, 0xff, 0x03, 0x00, 0xc0, 0xfc, 0xff, 0xff, 0xff, 0x00, 0x00, 0xe6, 0xff, 0xff, 0xff, 
	0xff, 0xff, 0xff, 0x07, 0x00, 0x60, 0xfe, 0xff, 0xff, 0xff, 0x00, 0x00, 0xf3, 0xff, 0xff, 0xff, 
	0xff, 0xff, 0xff, 0x0f, 0x00, 0x38, 0xff, 0xff, 0xff, 0xff, 0x01, 0x00, 0xf9, 0xff, 0xff, 0xff, 
	0xff, 0xff, 0xff, 0x1f, 0xc0, 0x8f, 0xff, 0xff, 0xff, 0xff, 0x03, 0xc0, 0xf9, 0xff, 0xff, 0xff, 
	0xff, 0xff, 0xff, 0x7f, 0xc0, 0xc0, 0xff, 0xff, 0xff, 0xff, 0x07, 0x78, 0xfc, 0xff, 0xff, 0xff, 
	0xff, 0xff, 0xff, 0xff, 0x00, 0xf0, 0xff, 0xff, 0xff, 0xff, 0x0f, 0x3c, 0xfe, 0xff, 0xff, 0xff, 
	0xff, 0xff, 0xff, 0x00, 0x10, 0xff, 0xff, 0xff, 0xff, 0xff, 0x1f, 0x80, 0xff, 0xff, 0xff, 0xff, 
	0xff, 0xff, 0x1f, 0x70, 0x80, 0xff, 0xff, 0xff, 0xff, 0xff, 0xff, 0x01, 0xe0, 0xff, 0xff, 0xff, 
	0xff, 0xff, 0xc7, 0xff, 0x3f, 0xff, 0xff, 0xff, 0xff, 0xff, 0xff, 0xc0, 0x81, 0xff, 0xff, 0xff, 
	0xff, 0xff, 0x0f, 0xff, 0x0f, 0xff, 0xff, 0xff, 0xff, 0xff, 0x7f, 0xfc, 0x9f, 0xff, 0xff, 0xff, 
	0xff, 0xff, 0x3f, 0x00, 0xe0, 0xff, 0xff, 0x7f, 0xff, 0xff, 0xff, 0x01, 0xc0, 0xff, 0xff, 0xff, 
	0xff, 0xff, 0xff, 0xff, 0xff, 0xff, 0xff, 0x7f, 0xff, 0xff, 0xff, 0xff, 0xff, 0xff, 0xff, 0xff, 
	0xff, 0xff, 0xff, 0xff, 0xff, 0xff, 0xff, 0x7f, 0xfe, 0xff, 0xff, 0xff, 0xff, 0xff, 0xff, 0xff, 
	0xff, 0xff, 0xff, 0xff, 0xff, 0xff, 0xff, 0xff, 0x7e, 0xfe, 0xfd, 0xff, 0xff, 0xff, 0xff, 0xff, 
	0xff, 0xff, 0x07, 0xf0, 0xff, 0xff, 0xff, 0xff, 0x3e, 0x78, 0x3c, 0xfe, 0xff, 0xff, 0xff, 0xff, 
	0xff, 0xff, 0xff, 0xfc, 0xe3, 0xef, 0xff, 0xe1, 0x9c, 0x7b, 0x1f, 0xfe, 0xff, 0xff, 0xff, 0xff, 
	0xff, 0xff, 0xff, 0xfc, 0x89, 0x83, 0xff, 0xf9, 0xdd, 0x7b, 0xdf, 0xfe, 0xff, 0xff, 0xff, 0xff, 
	0xff, 0xff, 0xff, 0xfc, 0x3d, 0x9b, 0xff, 0xfd, 0xd9, 0x7b, 0x0e, 0xff, 0xff, 0xff, 0xff, 0xff, 
	0xff, 0xff, 0xff, 0xfd, 0x7c, 0x99, 0xff, 0xfd, 0x99, 0xfb, 0xcd, 0xff, 0xff, 0xff, 0xff, 0xff, 
	0xff, 0xff, 0xff, 0xf9, 0x1d, 0x9d, 0xff, 0xbd, 0x3b, 0xf8, 0xdb, 0xff, 0xff, 0xff, 0xff, 0xff, 
	0xff, 0xff, 0xff, 0xfb, 0xc1, 0xd9, 0xff, 0x83, 0xf3, 0x7f, 0x98, 0xff, 0xff, 0xff, 0xff, 0xff, 
	0xff, 0xff, 0xff, 0xfb, 0xff, 0xc3, 0xff, 0xff, 0xff, 0xff, 0x3f, 0xff, 0xff, 0xff, 0xff, 0xff, 
	0xff, 0xff, 0xff, 0xff, 0xff, 0xe7, 0xff, 0xff, 0xff, 0xff, 0x7f, 0xf0, 0xff, 0xff, 0xff, 0xff, 
	0xff, 0xff, 0xff, 0xff, 0xff, 0xff, 0xff, 0xff, 0xff, 0xff, 0xff, 0xff, 0xff, 0xff, 0xff, 0xff, 
	0xff, 0xff, 0xff, 0xff, 0xff, 0xff, 0xff, 0xff, 0xff, 0xff, 0xff, 0xff, 0xff, 0xff, 0xff, 0xff
};
// 'angy200018', 128x50px
const unsigned char epd_bitmap_angy200018 [] PROGMEM = {
	0xff, 0xff, 0xff, 0xff, 0xff, 0xff, 0xff, 0xff, 0xff, 0xff, 0xff, 0xff, 0xff, 0xff, 0xff, 0xff, 
	0xff, 0xff, 0xff, 0xdf, 0xff, 0xff, 0xff, 0xff, 0xff, 0xff, 0xff, 0xff, 0xff, 0xff, 0xff, 0xff, 
	0xff, 0xff, 0xff, 0x9f, 0xff, 0xff, 0xff, 0xff, 0xff, 0xff, 0xff, 0xff, 0xf9, 0xff, 0xff, 0xff, 
	0xff, 0xff, 0xff, 0x1f, 0xfe, 0xff, 0xff, 0xff, 0xff, 0xff, 0xff, 0xff, 0xf9, 0xff, 0xff, 0xff, 
	0xff, 0xff, 0xff, 0x7f, 0xfc, 0xff, 0xff, 0xff, 0xff, 0xff, 0xff, 0x7f, 0xf8, 0xff, 0xff, 0xff, 
	0xff, 0xff, 0xff, 0xff, 0xf8, 0xff, 0xff, 0xff, 0xff, 0xff, 0xff, 0x3f, 0xfc, 0xff, 0xff, 0xff, 
	0xff, 0xff, 0xff, 0xff, 0xf1, 0xff, 0xff, 0xff, 0xff, 0xff, 0xff, 0x1f, 0xff, 0xff, 0xff, 0xff, 
	0xff, 0xff, 0xff, 0xff, 0xc3, 0xff, 0xff, 0xff, 0xff, 0xff, 0xff, 0x8f, 0xff, 0xff, 0xff, 0xff, 
	0xff, 0xff, 0xff, 0xff, 0x01, 0xfe, 0xff, 0xff, 0xff, 0xff, 0xff, 0xc1, 0xff, 0xff, 0xff, 0xff, 
	0xff, 0xff, 0xff, 0x7f, 0x00, 0xfc, 0xff, 0xff, 0xff, 0xff, 0xff, 0x00, 0xff, 0xff, 0xff, 0xff, 
	0xff, 0xff, 0xff, 0x3f, 0x3c, 0xf0, 0xff, 0xff, 0xff, 0xff, 0xff, 0x00, 0xfe, 0xff, 0xff, 0xff, 
	0xff, 0xff, 0xff, 0x0f, 0x1f, 0xf8, 0xff, 0xff, 0xff, 0xff, 0x7f, 0x08, 0xfc, 0xff, 0xff, 0xff, 
	0xff, 0xff, 0xff, 0x8f, 0x1f, 0xe0, 0xff, 0xff, 0xff, 0xff, 0x1f, 0x06, 0xf8, 0xff, 0xff, 0xff, 
	0xff, 0xff, 0xff, 0xc7, 0x1f, 0xc0, 0xff, 0xff, 0xff, 0xff, 0x1f, 0x06, 0xf0, 0xff, 0xff, 0xff, 
	0xff, 0xff, 0xff, 0xe3, 0x1f, 0x00, 0xfe, 0xff, 0xff, 0xff, 0x0f, 0x07, 0xf0, 0xff, 0xff, 0xff, 
	0xff, 0xff, 0xff, 0xf3, 0x0f, 0x00, 0xfc, 0xff, 0xff, 0xff, 0x87, 0x07, 0xe0, 0xff, 0xff, 0xff, 
	0xff, 0xff, 0xff, 0xf1, 0x0f, 0x00, 0xf8, 0xff, 0xff, 0xff, 0xe1, 0x03, 0xe0, 0xff, 0xff, 0xff, 
	0xff, 0xff, 0xff, 0xf9, 0x07, 0x00, 0xf8, 0xff, 0xff, 0xff, 0xf0, 0x03, 0xe0, 0xff, 0xff, 0xff, 
	0xff, 0xff, 0xff, 0xf9, 0x01, 0x00, 0xf0, 0xff, 0xff, 0x7f, 0xf8, 0x01, 0xe8, 0xff, 0xff, 0xff, 
	0xff, 0xff, 0xff, 0x39, 0x00, 0x00, 0xf0, 0xff, 0xff, 0x7f, 0xfc, 0x00, 0xcc, 0xff, 0xff, 0xff, 
	0xff, 0xff, 0xff, 0x01, 0x00, 0x00, 0xf0, 0xff, 0xff, 0x3f, 0x7c, 0x00, 0xcc, 0xff, 0xff, 0xff, 
	0xff, 0xff, 0xff, 0x01, 0x00, 0x00, 0xf3, 0xff, 0xff, 0x1f, 0x1e, 0x00, 0xcc, 0xff, 0xff, 0xff, 
	0xff, 0xff, 0xff, 0x01, 0x00, 0x00, 0xfb, 0xff, 0xff, 0x1f, 0x06, 0x00, 0xe4, 0xff, 0xff, 0xff, 
	0xff, 0xff, 0xff, 0x03, 0x00, 0x00, 0xf9, 0xff, 0xff, 0x1f, 0x00, 0x00, 0xe4, 0xff, 0xff, 0xff, 
	0xff, 0xff, 0xff, 0x03, 0x00, 0x80, 0xf9, 0xff, 0xff, 0x5f, 0x00, 0x00, 0xe4, 0xff, 0xff, 0xff, 
	0xff, 0xff, 0xff, 0x03, 0x00, 0xc0, 0xfc, 0xff, 0xff, 0xff, 0x00, 0x00, 0xe6, 0xff, 0xff, 0xff, 
	0xff, 0xff, 0xff, 0x07, 0x00, 0x60, 0xfe, 0xff, 0xff, 0xff, 0x00, 0x00, 0xf3, 0xff, 0xff, 0xff, 
	0xff, 0xff, 0xff, 0x0f, 0x00, 0x38, 0xff, 0xff, 0xff, 0xff, 0x01, 0x00, 0xf9, 0xff, 0xff, 0xff, 
	0xff, 0xff, 0xff, 0x1f, 0xc0, 0x8f, 0xff, 0xff, 0xff, 0xff, 0x03, 0xc0, 0xf9, 0xff, 0xff, 0xff, 
	0xff, 0xff, 0xff, 0x7f, 0xc0, 0xc0, 0xff, 0xff, 0xff, 0xff, 0x07, 0x78, 0xfc, 0xff, 0xff, 0xff, 
	0xff, 0xff, 0xff, 0xff, 0x00, 0xf0, 0xff, 0xff, 0xff, 0xff, 0x0f, 0x3c, 0xfe, 0xff, 0xff, 0xff, 
	0xff, 0xff, 0xff, 0x00, 0x10, 0xff, 0xff, 0xff, 0xff, 0xff, 0x1f, 0x80, 0xff, 0xff, 0xff, 0xff, 
	0xff, 0xff, 0x1f, 0x70, 0x80, 0xff, 0xff, 0xff, 0xff, 0xff, 0xff, 0x01, 0xe0, 0xff, 0xff, 0xff, 
	0xff, 0xff, 0xc7, 0xff, 0x3f, 0xff, 0xff, 0xff, 0xff, 0xff, 0xff, 0xc0, 0x81, 0xff, 0xff, 0xff, 
	0xff, 0xff, 0x0f, 0xff, 0x0f, 0xff, 0xff, 0xff, 0xff, 0xff, 0x7f, 0xfc, 0x9f, 0xff, 0xff, 0xff, 
	0xff, 0xff, 0x3f, 0x00, 0xe0, 0xff, 0xff, 0x7f, 0xff, 0xff, 0xff, 0x01, 0xc0, 0xff, 0xff, 0xff, 
	0xff, 0xff, 0xff, 0xff, 0xff, 0xff, 0xff, 0x7f, 0xff, 0xff, 0xff, 0xff, 0xff, 0xff, 0xff, 0xff, 
	0xff, 0xff, 0xff, 0xff, 0xff, 0xff, 0xff, 0x7f, 0xfe, 0xff, 0xff, 0xff, 0xff, 0xff, 0xff, 0xff, 
	0xff, 0xff, 0xff, 0xff, 0xff, 0xff, 0xff, 0xff, 0x7e, 0xfe, 0xfd, 0xff, 0xff, 0xff, 0xff, 0xff, 
	0xff, 0xff, 0x07, 0xf0, 0xff, 0xff, 0xff, 0xff, 0x3e, 0x78, 0x3c, 0xfe, 0xff, 0xff, 0xff, 0xff, 
	0xff, 0xff, 0xff, 0xfc, 0xe3, 0xef, 0xff, 0xe1, 0x9c, 0x7b, 0x1f, 0xfe, 0xff, 0xff, 0xff, 0xff, 
	0xff, 0xff, 0xff, 0xfc, 0x89, 0x83, 0xff, 0xf9, 0xdd, 0x7b, 0xdf, 0xfe, 0xff, 0xff, 0xff, 0xff, 
	0xff, 0xff, 0xff, 0xfc, 0x3d, 0x9b, 0xff, 0xfd, 0xd9, 0x7b, 0x0e, 0xff, 0xff, 0xff, 0xff, 0xff, 
	0xff, 0xff, 0xff, 0xfd, 0x7c, 0x99, 0xff, 0xfd, 0x99, 0xfb, 0xcd, 0xff, 0xff, 0xff, 0xff, 0xff, 
	0xff, 0xff, 0xff, 0xf9, 0x1d, 0x9d, 0xff, 0xbd, 0x3b, 0xf8, 0xdb, 0xff, 0xff, 0xff, 0xff, 0xff, 
	0xff, 0xff, 0xff, 0xfb, 0xc1, 0xd9, 0xff, 0x83, 0xf3, 0x7f, 0x98, 0xff, 0xff, 0xff, 0xff, 0xff, 
	0xff, 0xff, 0xff, 0xfb, 0xff, 0xc3, 0xff, 0xff, 0xff, 0xff, 0x3f, 0xff, 0xff, 0xff, 0xff, 0xff, 
	0xff, 0xff, 0xff, 0xff, 0xff, 0xe7, 0xff, 0xff, 0xff, 0xff, 0x7f, 0xf0, 0xff, 0xff, 0xff, 0xff, 
	0xff, 0xff, 0xff, 0xff, 0xff, 0xff, 0xff, 0xff, 0xff, 0xff, 0xff, 0xff, 0xff, 0xff, 0xff, 0xff, 
	0xff, 0xff, 0xff, 0xff, 0xff, 0xff, 0xff, 0xff, 0xff, 0xff, 0xff, 0xff, 0xff, 0xff, 0xff, 0xff
};
// 'angy200019', 128x50px
const unsigned char epd_bitmap_angy200019 [] PROGMEM = {
	0xff, 0xff, 0xff, 0xff, 0xff, 0xff, 0xff, 0xff, 0xff, 0xff, 0xff, 0xff, 0xff, 0xff, 0xff, 0xff, 
	0xff, 0xff, 0xff, 0xdf, 0xff, 0xff, 0xff, 0xff, 0xff, 0xff, 0xff, 0xff, 0xff, 0xff, 0xff, 0xff, 
	0xff, 0xff, 0xff, 0x9f, 0xff, 0xff, 0xff, 0xff, 0xff, 0xff, 0xff, 0xff, 0xf9, 0xff, 0xff, 0xff, 
	0xff, 0xff, 0xff, 0x1f, 0xfe, 0xff, 0xff, 0xff, 0xff, 0xff, 0xff, 0xff, 0xf9, 0xff, 0xff, 0xff, 
	0xff, 0xff, 0xff, 0x7f, 0xfc, 0xff, 0xff, 0xff, 0xff, 0xff, 0xff, 0x7f, 0xf8, 0xff, 0xff, 0xff, 
	0xff, 0xff, 0xff, 0xff, 0xf8, 0xff, 0xff, 0xff, 0xff, 0xff, 0xff, 0x3f, 0xfc, 0xff, 0xff, 0xff, 
	0xff, 0xff, 0xff, 0xff, 0xf1, 0xff, 0xff, 0xff, 0xff, 0xff, 0xff, 0x1f, 0xff, 0xff, 0xff, 0xff, 
	0xff, 0xff, 0xff, 0xff, 0xc3, 0xff, 0xff, 0xff, 0xff, 0xff, 0xff, 0x8f, 0xff, 0xff, 0xff, 0xff, 
	0xff, 0xff, 0xff, 0xff, 0x01, 0xfe, 0xff, 0xff, 0xff, 0xff, 0xff, 0xc1, 0xff, 0xff, 0xff, 0xff, 
	0xff, 0xff, 0xff, 0x7f, 0x00, 0xfc, 0xff, 0xff, 0xff, 0xff, 0xff, 0x00, 0xff, 0xff, 0xff, 0xff, 
	0xff, 0xff, 0xff, 0x3f, 0x3c, 0xf0, 0xff, 0xff, 0xff, 0xff, 0xff, 0x00, 0xfe, 0xff, 0xff, 0xff, 
	0xff, 0xff, 0xff, 0x0f, 0x1f, 0xf8, 0xff, 0xff, 0xff, 0xff, 0x7f, 0x08, 0xfc, 0xff, 0xff, 0xff, 
	0xff, 0xff, 0xff, 0x8f, 0x1f, 0xe0, 0xff, 0xff, 0xff, 0xff, 0x1f, 0x06, 0xf8, 0xff, 0xff, 0xff, 
	0xff, 0xff, 0xff, 0xc7, 0x1f, 0xc0, 0xff, 0xff, 0xff, 0xff, 0x1f, 0x06, 0xf0, 0xff, 0xff, 0xff, 
	0xff, 0xff, 0xff, 0xe3, 0x1f, 0x00, 0xfe, 0xff, 0xff, 0xff, 0x0f, 0x07, 0xf0, 0xff, 0xff, 0xff, 
	0xff, 0xff, 0xff, 0xf3, 0x0f, 0x00, 0xfc, 0xff, 0xff, 0xff, 0x87, 0x07, 0xe0, 0xff, 0xff, 0xff, 
	0xff, 0xff, 0xff, 0xf1, 0x0f, 0x00, 0xf8, 0xff, 0xff, 0xff, 0xe1, 0x03, 0xe0, 0xff, 0xff, 0xff, 
	0xff, 0xff, 0xff, 0xf9, 0x07, 0x00, 0xf8, 0xff, 0xff, 0xff, 0xf0, 0x03, 0xe0, 0xff, 0xff, 0xff, 
	0xff, 0xff, 0xff, 0xf9, 0x01, 0x00, 0xf0, 0xff, 0xff, 0x7f, 0xf8, 0x01, 0xe8, 0xff, 0xff, 0xff, 
	0xff, 0xff, 0xff, 0x39, 0x00, 0x00, 0xf0, 0xff, 0xff, 0x7f, 0xfc, 0x00, 0xcc, 0xff, 0xff, 0xff, 
	0xff, 0xff, 0xff, 0x01, 0x00, 0x00, 0xf0, 0xff, 0xff, 0x3f, 0x7c, 0x00, 0xcc, 0xff, 0xff, 0xff, 
	0xff, 0xff, 0xff, 0x01, 0x00, 0x00, 0xf3, 0xff, 0xff, 0x1f, 0x1e, 0x00, 0xcc, 0xff, 0xff, 0xff, 
	0xff, 0xff, 0xff, 0x01, 0x00, 0x00, 0xfb, 0xff, 0xff, 0x1f, 0x06, 0x00, 0xe4, 0xff, 0xff, 0xff, 
	0xff, 0xff, 0xff, 0x03, 0x00, 0x00, 0xf9, 0xff, 0xff, 0x1f, 0x00, 0x00, 0xe4, 0xff, 0xff, 0xff, 
	0xff, 0xff, 0xff, 0x03, 0x00, 0x80, 0xf9, 0xff, 0xff, 0x5f, 0x00, 0x00, 0xe4, 0xff, 0xff, 0xff, 
	0xff, 0xff, 0xff, 0x03, 0x00, 0xc0, 0xfc, 0xff, 0xff, 0xff, 0x00, 0x00, 0xe6, 0xff, 0xff, 0xff, 
	0xff, 0xff, 0xff, 0x07, 0x00, 0x60, 0xfe, 0xff, 0xff, 0xff, 0x00, 0x00, 0xf3, 0xff, 0xff, 0xff, 
	0xff, 0xff, 0xff, 0x0f, 0x00, 0x38, 0xff, 0xff, 0xff, 0xff, 0x01, 0x00, 0xf9, 0xff, 0xff, 0xff, 
	0xff, 0xff, 0xff, 0x1f, 0xc0, 0x8f, 0xff, 0xff, 0xff, 0xff, 0x03, 0xc0, 0xf9, 0xff, 0xff, 0xff, 
	0xff, 0xff, 0xff, 0x7f, 0xc0, 0xc0, 0xff, 0xff, 0xff, 0xff, 0x07, 0x78, 0xfc, 0xff, 0xff, 0xff, 
	0xff, 0xff, 0xff, 0xff, 0x00, 0xf0, 0xff, 0xff, 0xff, 0xff, 0x0f, 0x3c, 0xfe, 0xff, 0xff, 0xff, 
	0xff, 0xff, 0xff, 0x00, 0x10, 0xff, 0xff, 0xff, 0xff, 0xff, 0x1f, 0x80, 0xff, 0xff, 0xff, 0xff, 
	0xff, 0xff, 0x1f, 0x70, 0x80, 0xff, 0xff, 0xff, 0xff, 0xff, 0xff, 0x01, 0xe0, 0xff, 0xff, 0xff, 
	0xff, 0xff, 0xc7, 0xff, 0x3f, 0xff, 0xff, 0xff, 0xff, 0xff, 0xff, 0xc0, 0x81, 0xff, 0xff, 0xff, 
	0xff, 0xff, 0x0f, 0xff, 0x0f, 0xff, 0xff, 0xff, 0xff, 0xff, 0x7f, 0xfc, 0x9f, 0xff, 0xff, 0xff, 
	0xff, 0xff, 0x3f, 0x00, 0xe0, 0xff, 0xff, 0x7f, 0xff, 0xff, 0xff, 0x01, 0xc0, 0xff, 0xff, 0xff, 
	0xff, 0xff, 0xff, 0xff, 0xff, 0xff, 0xff, 0x7f, 0xff, 0xff, 0xff, 0xff, 0xff, 0xff, 0xff, 0xff, 
	0xff, 0xff, 0xff, 0xff, 0xff, 0xff, 0xff, 0x7f, 0xfe, 0xff, 0xff, 0xff, 0xff, 0xff, 0xff, 0xff, 
	0xff, 0xff, 0xff, 0xff, 0xff, 0xff, 0xff, 0xff, 0x7e, 0xfe, 0xfd, 0xff, 0xff, 0xff, 0xff, 0xff, 
	0xff, 0xff, 0x07, 0xf0, 0xff, 0xff, 0xff, 0xff, 0x3e, 0x78, 0x3c, 0xfe, 0xff, 0xff, 0xff, 0xff, 
	0xff, 0xff, 0xff, 0xfc, 0xe3, 0xef, 0xff, 0xe1, 0x9c, 0x7b, 0x1f, 0xfe, 0xff, 0xff, 0xff, 0xff, 
	0xff, 0xff, 0xff, 0xfc, 0x89, 0x83, 0xff, 0xf9, 0xdd, 0x7b, 0xdf, 0xfe, 0xff, 0xff, 0xff, 0xff, 
	0xff, 0xff, 0xff, 0xfc, 0x3d, 0x9b, 0xff, 0xfd, 0xd9, 0x7b, 0x0e, 0xff, 0xff, 0xff, 0xff, 0xff, 
	0xff, 0xff, 0xff, 0xfd, 0x7c, 0x99, 0xff, 0xfd, 0x99, 0xfb, 0xcd, 0xff, 0xff, 0xff, 0xff, 0xff, 
	0xff, 0xff, 0xff, 0xf9, 0x1d, 0x9d, 0xff, 0xbd, 0x3b, 0xf8, 0xdb, 0xff, 0xff, 0xff, 0xff, 0xff, 
	0xff, 0xff, 0xff, 0xfb, 0xc1, 0xd9, 0xff, 0x83, 0xf3, 0x7f, 0x98, 0xff, 0xff, 0xff, 0xff, 0xff, 
	0xff, 0xff, 0xff, 0xfb, 0xff, 0xc3, 0xff, 0xff, 0xff, 0xff, 0x3f, 0xff, 0xff, 0xff, 0xff, 0xff, 
	0xff, 0xff, 0xff, 0xff, 0xff, 0xe7, 0xff, 0xff, 0xff, 0xff, 0x7f, 0xf0, 0xff, 0xff, 0xff, 0xff, 
	0xff, 0xff, 0xff, 0xff, 0xff, 0xff, 0xff, 0xff, 0xff, 0xff, 0xff, 0xff, 0xff, 0xff, 0xff, 0xff, 
	0xff, 0xff, 0xff, 0xff, 0xff, 0xff, 0xff, 0xff, 0xff, 0xff, 0xff, 0xff, 0xff, 0xff, 0xff, 0xff
};
// 'angy200020', 128x50px
const unsigned char epd_bitmap_angy200020 [] PROGMEM = {
	0xff, 0xff, 0xff, 0xff, 0xff, 0xff, 0xff, 0xff, 0xff, 0xff, 0xff, 0xff, 0xff, 0xff, 0xff, 0xff, 
	0xff, 0xff, 0xff, 0xdf, 0xff, 0xff, 0xff, 0xff, 0xff, 0xff, 0xff, 0xff, 0xff, 0xff, 0xff, 0xff, 
	0xff, 0xff, 0xff, 0x9f, 0xff, 0xff, 0xff, 0xff, 0xff, 0xff, 0xff, 0xff, 0xf9, 0xff, 0xff, 0xff, 
	0xff, 0xff, 0xff, 0x1f, 0xfe, 0xff, 0xff, 0xff, 0xff, 0xff, 0xff, 0xff, 0xf9, 0xff, 0xff, 0xff, 
	0xff, 0xff, 0xff, 0x7f, 0xfc, 0xff, 0xff, 0xff, 0xff, 0xff, 0xff, 0x7f, 0xf8, 0xff, 0xff, 0xff, 
	0xff, 0xff, 0xff, 0xff, 0xf8, 0xff, 0xff, 0xff, 0xff, 0xff, 0xff, 0x3f, 0xfc, 0xff, 0xff, 0xff, 
	0xff, 0xff, 0xff, 0xff, 0xf1, 0xff, 0xff, 0xff, 0xff, 0xff, 0xff, 0x1f, 0xff, 0xff, 0xff, 0xff, 
	0xff, 0xff, 0xff, 0xff, 0xc3, 0xff, 0xff, 0xff, 0xff, 0xff, 0xff, 0x8f, 0xff, 0xff, 0xff, 0xff, 
	0xff, 0xff, 0xff, 0xff, 0x01, 0xfe, 0xff, 0xff, 0xff, 0xff, 0xff, 0xc1, 0xff, 0xff, 0xff, 0xff, 
	0xff, 0xff, 0xff, 0x7f, 0x00, 0xfc, 0xff, 0xff, 0xff, 0xff, 0xff, 0x00, 0xff, 0xff, 0xff, 0xff, 
	0xff, 0xff, 0xff, 0x3f, 0x3c, 0xf0, 0xff, 0xff, 0xff, 0xff, 0xff, 0x00, 0xfe, 0xff, 0xff, 0xff, 
	0xff, 0xff, 0xff, 0x0f, 0x1f, 0xf8, 0xff, 0xff, 0xff, 0xff, 0x7f, 0x08, 0xfc, 0xff, 0xff, 0xff, 
	0xff, 0xff, 0xff, 0x8f, 0x1f, 0xe0, 0xff, 0xff, 0xff, 0xff, 0x1f, 0x06, 0xf8, 0xff, 0xff, 0xff, 
	0xff, 0xff, 0xff, 0xc7, 0x1f, 0xc0, 0xff, 0xff, 0xff, 0xff, 0x1f, 0x06, 0xf0, 0xff, 0xff, 0xff, 
	0xff, 0xff, 0xff, 0xe3, 0x1f, 0x00, 0xfe, 0xff, 0xff, 0xff, 0x0f, 0x07, 0xf0, 0xff, 0xff, 0xff, 
	0xff, 0xff, 0xff, 0xf3, 0x0f, 0x00, 0xfc, 0xff, 0xff, 0xff, 0x87, 0x07, 0xe0, 0xff, 0xff, 0xff, 
	0xff, 0xff, 0xff, 0xf1, 0x0f, 0x00, 0xf8, 0xff, 0xff, 0xff, 0xe1, 0x03, 0xe0, 0xff, 0xff, 0xff, 
	0xff, 0xff, 0xff, 0xf9, 0x07, 0x00, 0xf8, 0xff, 0xff, 0xff, 0xf0, 0x03, 0xe0, 0xff, 0xff, 0xff, 
	0xff, 0xff, 0xff, 0xf9, 0x01, 0x00, 0xf0, 0xff, 0xff, 0x7f, 0xf8, 0x01, 0xe8, 0xff, 0xff, 0xff, 
	0xff, 0xff, 0xff, 0x39, 0x00, 0x00, 0xf0, 0xff, 0xff, 0x7f, 0xfc, 0x00, 0xcc, 0xff, 0xff, 0xff, 
	0xff, 0xff, 0xff, 0x01, 0x00, 0x00, 0xf0, 0xff, 0xff, 0x3f, 0x7c, 0x00, 0xcc, 0xff, 0xff, 0xff, 
	0xff, 0xff, 0xff, 0x01, 0x00, 0x00, 0xf3, 0xff, 0xff, 0x1f, 0x1e, 0x00, 0xcc, 0xff, 0xff, 0xff, 
	0xff, 0xff, 0xff, 0x01, 0x00, 0x00, 0xfb, 0xff, 0xff, 0x1f, 0x06, 0x00, 0xe4, 0xff, 0xff, 0xff, 
	0xff, 0xff, 0xff, 0x03, 0x00, 0x00, 0xf9, 0xff, 0xff, 0x1f, 0x00, 0x00, 0xe4, 0xff, 0xff, 0xff, 
	0xff, 0xff, 0xff, 0x03, 0x00, 0x80, 0xf9, 0xff, 0xff, 0x5f, 0x00, 0x00, 0xe4, 0xff, 0xff, 0xff, 
	0xff, 0xff, 0xff, 0x03, 0x00, 0xc0, 0xfc, 0xff, 0xff, 0xff, 0x00, 0x00, 0xe6, 0xff, 0xff, 0xff, 
	0xff, 0xff, 0xff, 0x07, 0x00, 0x60, 0xfe, 0xff, 0xff, 0xff, 0x00, 0x00, 0xf3, 0xff, 0xff, 0xff, 
	0xff, 0xff, 0xff, 0x0f, 0x00, 0x38, 0xff, 0xff, 0xff, 0xff, 0x01, 0x00, 0xf9, 0xff, 0xff, 0xff, 
	0xff, 0xff, 0xff, 0x1f, 0xc0, 0x8f, 0xff, 0xff, 0xff, 0xff, 0x03, 0xc0, 0xf9, 0xff, 0xff, 0xff, 
	0xff, 0xff, 0xff, 0x7f, 0xc0, 0xc0, 0xff, 0xff, 0xff, 0xff, 0x07, 0x78, 0xfc, 0xff, 0xff, 0xff, 
	0xff, 0xff, 0xff, 0xff, 0x00, 0xf0, 0xff, 0xff, 0xff, 0xff, 0x0f, 0x3c, 0xfe, 0xff, 0xff, 0xff, 
	0xff, 0xff, 0xff, 0x00, 0x10, 0xff, 0xff, 0xff, 0xff, 0xff, 0x1f, 0x80, 0xff, 0xff, 0xff, 0xff, 
	0xff, 0xff, 0x1f, 0x70, 0x80, 0xff, 0xff, 0xff, 0xff, 0xff, 0xff, 0x01, 0xe0, 0xff, 0xff, 0xff, 
	0xff, 0xff, 0xc7, 0xff, 0x3f, 0xff, 0xff, 0xff, 0xff, 0xff, 0xff, 0xc0, 0x81, 0xff, 0xff, 0xff, 
	0xff, 0xff, 0x0f, 0xff, 0x0f, 0xff, 0xff, 0xff, 0xff, 0xff, 0x7f, 0xfc, 0x9f, 0xff, 0xff, 0xff, 
	0xff, 0xff, 0x3f, 0x00, 0xe0, 0xff, 0xff, 0x7f, 0xff, 0xff, 0xff, 0x01, 0xc0, 0xff, 0xff, 0xff, 
	0xff, 0xff, 0xff, 0xff, 0xff, 0xff, 0xff, 0x7f, 0xff, 0xff, 0xff, 0xff, 0xff, 0xff, 0xff, 0xff, 
	0xff, 0xff, 0xff, 0xff, 0xff, 0xff, 0xff, 0x7f, 0xfe, 0xff, 0xff, 0xff, 0xff, 0xff, 0xff, 0xff, 
	0xff, 0xff, 0xff, 0xff, 0xff, 0xff, 0xff, 0xff, 0x7e, 0xfe, 0xfd, 0xff, 0xff, 0xff, 0xff, 0xff, 
	0xff, 0xff, 0x07, 0xf0, 0xff, 0xff, 0xff, 0xff, 0x3e, 0x78, 0x3c, 0xfe, 0xff, 0xff, 0xff, 0xff, 
	0xff, 0xff, 0xff, 0xfc, 0xe3, 0xef, 0xff, 0xe1, 0x9c, 0x7b, 0x1f, 0xfe, 0xff, 0xff, 0xff, 0xff, 
	0xff, 0xff, 0xff, 0xfc, 0x89, 0x83, 0xff, 0xf9, 0xdd, 0x7b, 0xdf, 0xfe, 0xff, 0xff, 0xff, 0xff, 
	0xff, 0xff, 0xff, 0xfc, 0x3d, 0x9b, 0xff, 0xfd, 0xd9, 0x7b, 0x0e, 0xff, 0xff, 0xff, 0xff, 0xff, 
	0xff, 0xff, 0xff, 0xfd, 0x7c, 0x99, 0xff, 0xfd, 0x99, 0xfb, 0xcd, 0xff, 0xff, 0xff, 0xff, 0xff, 
	0xff, 0xff, 0xff, 0xf9, 0x1d, 0x9d, 0xff, 0xbd, 0x3b, 0xf8, 0xdb, 0xff, 0xff, 0xff, 0xff, 0xff, 
	0xff, 0xff, 0xff, 0xfb, 0xc1, 0xd9, 0xff, 0x83, 0xf3, 0x7f, 0x98, 0xff, 0xff, 0xff, 0xff, 0xff, 
	0xff, 0xff, 0xff, 0xfb, 0xff, 0xc3, 0xff, 0xff, 0xff, 0xff, 0x3f, 0xff, 0xff, 0xff, 0xff, 0xff, 
	0xff, 0xff, 0xff, 0xff, 0xff, 0xe7, 0xff, 0xff, 0xff, 0xff, 0x7f, 0xf0, 0xff, 0xff, 0xff, 0xff, 
	0xff, 0xff, 0xff, 0xff, 0xff, 0xff, 0xff, 0xff, 0xff, 0xff, 0xff, 0xff, 0xff, 0xff, 0xff, 0xff, 
	0xff, 0xff, 0xff, 0xff, 0xff, 0xff, 0xff, 0xff, 0xff, 0xff, 0xff, 0xff, 0xff, 0xff, 0xff, 0xff
};
// 'angy20008', 128x50px
const unsigned char epd_bitmap_angy20008 [] PROGMEM = {
	0xff, 0xff, 0xff, 0xff, 0xff, 0xff, 0xff, 0xff, 0xff, 0xff, 0xff, 0xff, 0xff, 0xff, 0xff, 0xff, 
	0xff, 0xff, 0xff, 0xdf, 0xff, 0xff, 0xff, 0xff, 0xff, 0xff, 0xff, 0xff, 0xff, 0xff, 0xff, 0xff, 
	0xff, 0xff, 0xff, 0x9f, 0xff, 0xff, 0xff, 0xff, 0xff, 0xff, 0xff, 0xff, 0xf9, 0xff, 0xff, 0xff, 
	0xff, 0xff, 0xff, 0x1f, 0xfe, 0xff, 0xff, 0xff, 0xff, 0xff, 0xff, 0xff, 0xf9, 0xff, 0xff, 0xff, 
	0xff, 0xff, 0xff, 0x7f, 0xfc, 0xff, 0xff, 0xff, 0xff, 0xff, 0xff, 0x7f, 0xf8, 0xff, 0xff, 0xff, 
	0xff, 0xff, 0xff, 0xff, 0xf8, 0xff, 0xff, 0xff, 0xff, 0xff, 0xff, 0x3f, 0xfc, 0xff, 0xff, 0xff, 
	0xff, 0xff, 0xff, 0xff, 0xf1, 0xff, 0xff, 0xff, 0xff, 0xff, 0xff, 0x1f, 0xff, 0xff, 0xff, 0xff, 
	0xff, 0xff, 0xff, 0xff, 0xc3, 0xff, 0xff, 0xff, 0xff, 0xff, 0xff, 0x8f, 0xff, 0xff, 0xff, 0xff, 
	0xff, 0xff, 0xff, 0xff, 0x01, 0xfe, 0xff, 0xff, 0xff, 0xff, 0xff, 0xc1, 0xff, 0xff, 0xff, 0xff, 
	0xff, 0xff, 0xff, 0x7f, 0x00, 0xfc, 0xff, 0xff, 0xff, 0xff, 0xff, 0x00, 0xff, 0xff, 0xff, 0xff, 
	0xff, 0xff, 0xff, 0x3f, 0x3c, 0xf0, 0xff, 0xff, 0xff, 0xff, 0xff, 0x00, 0xfe, 0xff, 0xff, 0xff, 
	0xff, 0xff, 0xff, 0x0f, 0x1f, 0xf8, 0xff, 0xff, 0xff, 0xff, 0x7f, 0x08, 0xfc, 0xff, 0xff, 0xff, 
	0xff, 0xff, 0xff, 0x8f, 0x1f, 0xe0, 0xff, 0xff, 0xff, 0xff, 0x1f, 0x06, 0xf8, 0xff, 0xff, 0xff, 
	0xff, 0xff, 0xff, 0xc7, 0x1f, 0xc0, 0xff, 0xff, 0xff, 0xff, 0x1f, 0x06, 0xf0, 0xff, 0xff, 0xff, 
	0xff, 0xff, 0xff, 0xe3, 0x1f, 0x00, 0xfe, 0xff, 0xff, 0xff, 0x0f, 0x07, 0xf0, 0xff, 0xff, 0xff, 
	0xff, 0xff, 0xff, 0xf3, 0x0f, 0x00, 0xfc, 0xff, 0xff, 0xff, 0x87, 0x07, 0xe0, 0xff, 0xff, 0xff, 
	0xff, 0xff, 0xff, 0xf1, 0x0f, 0x00, 0xf8, 0xff, 0xff, 0xff, 0xe1, 0x03, 0xe0, 0xff, 0xff, 0xff, 
	0xff, 0xff, 0xff, 0xf9, 0x07, 0x00, 0xf8, 0xff, 0xff, 0xff, 0xf0, 0x03, 0xe0, 0xff, 0xff, 0xff, 
	0xff, 0xff, 0xff, 0xf9, 0x01, 0x00, 0xf0, 0xff, 0xff, 0x7f, 0xf8, 0x01, 0xe8, 0xff, 0xff, 0xff, 
	0xff, 0xff, 0xff, 0x39, 0x00, 0x00, 0xf0, 0xff, 0xff, 0x7f, 0xfc, 0x00, 0xcc, 0xff, 0xff, 0xff, 
	0xff, 0xff, 0xff, 0x01, 0x00, 0x00, 0xf0, 0xff, 0xff, 0x3f, 0x7c, 0x00, 0xcc, 0xff, 0xff, 0xff, 
	0xff, 0xff, 0xff, 0x01, 0x00, 0x00, 0xf3, 0xff, 0xff, 0x1f, 0x1e, 0x00, 0xcc, 0xff, 0xff, 0xff, 
	0xff, 0xff, 0xff, 0x01, 0x00, 0x00, 0xfb, 0xff, 0xff, 0x1f, 0x06, 0x00, 0xe4, 0xff, 0xff, 0xff, 
	0xff, 0xff, 0xff, 0x03, 0x00, 0x00, 0xf9, 0xff, 0xff, 0x1f, 0x00, 0x00, 0xe4, 0xff, 0xff, 0xff, 
	0xff, 0xff, 0xff, 0x03, 0x00, 0x80, 0xf9, 0xff, 0xff, 0x5f, 0x00, 0x00, 0xe4, 0xff, 0xff, 0xff, 
	0xff, 0xff, 0xff, 0x03, 0x00, 0xc0, 0xfc, 0xff, 0xff, 0xff, 0x00, 0x00, 0xe6, 0xff, 0xff, 0xff, 
	0xff, 0xff, 0xff, 0x07, 0x00, 0x60, 0xfe, 0xff, 0xff, 0xff, 0x00, 0x00, 0xf3, 0xff, 0xff, 0xff, 
	0xff, 0xff, 0xff, 0x0f, 0x00, 0x38, 0xff, 0xff, 0xff, 0xff, 0x01, 0x00, 0xf9, 0xff, 0xff, 0xff, 
	0xff, 0xff, 0xff, 0x1f, 0xc0, 0x8f, 0xff, 0xff, 0xff, 0xff, 0x03, 0xc0, 0xf9, 0xff, 0xff, 0xff, 
	0xff, 0xff, 0xff, 0x7f, 0xc0, 0xc0, 0xff, 0xff, 0xff, 0xff, 0x07, 0x78, 0xfc, 0xff, 0xff, 0xff, 
	0xff, 0xff, 0xff, 0xff, 0x00, 0xf0, 0xff, 0xff, 0xff, 0xff, 0x0f, 0x3c, 0xfe, 0xff, 0xff, 0xff, 
	0xff, 0xff, 0xff, 0x00, 0x10, 0xff, 0xff, 0xff, 0xff, 0xff, 0x1f, 0x80, 0xff, 0xff, 0xff, 0xff, 
	0xff, 0xff, 0x1f, 0x70, 0x80, 0xff, 0xff, 0xff, 0xff, 0xff, 0xff, 0x01, 0xe0, 0xff, 0xff, 0xff, 
	0xff, 0xff, 0xc7, 0xff, 0x3f, 0xff, 0xff, 0xff, 0xff, 0xff, 0xff, 0xc0, 0x81, 0xff, 0xff, 0xff, 
	0xff, 0xff, 0x0f, 0xff, 0x0f, 0xff, 0xff, 0xff, 0xff, 0xff, 0x7f, 0xfc, 0x9f, 0xff, 0xff, 0xff, 
	0xff, 0xff, 0x3f, 0x00, 0xe0, 0xff, 0xff, 0x7f, 0xff, 0xff, 0xff, 0x01, 0xc0, 0xff, 0xff, 0xff, 
	0xff, 0xff, 0xff, 0xff, 0xff, 0xff, 0xff, 0x7f, 0xff, 0xff, 0xff, 0xff, 0xff, 0xff, 0xff, 0xff, 
	0xff, 0xff, 0xff, 0xff, 0xff, 0xff, 0xff, 0x7f, 0xfe, 0xff, 0xff, 0xff, 0xff, 0xff, 0xff, 0xff, 
	0xff, 0xff, 0xff, 0xff, 0xff, 0xff, 0xff, 0xff, 0x7e, 0xfe, 0xfd, 0xff, 0xff, 0xff, 0xff, 0xff, 
	0xff, 0xff, 0x07, 0xf0, 0xff, 0xff, 0xff, 0xff, 0x3e, 0x78, 0x3c, 0xfe, 0xff, 0xff, 0xff, 0xff, 
	0xff, 0xff, 0xff, 0xfc, 0xe3, 0xef, 0xff, 0xe1, 0x9c, 0x7b, 0x1f, 0xfe, 0xff, 0xff, 0xff, 0xff, 
	0xff, 0xff, 0xff, 0xfc, 0x89, 0x83, 0xff, 0xf9, 0xdd, 0x7b, 0xdf, 0xfe, 0xff, 0xff, 0xff, 0xff, 
	0xff, 0xff, 0xff, 0xfc, 0x3d, 0x9b, 0xff, 0xfd, 0xd9, 0x7b, 0x0e, 0xff, 0xff, 0xff, 0xff, 0xff, 
	0xff, 0xff, 0xff, 0xfd, 0x7c, 0x99, 0xff, 0xfd, 0x99, 0xfb, 0xcd, 0xff, 0xff, 0xff, 0xff, 0xff, 
	0xff, 0xff, 0xff, 0xf9, 0x1d, 0x9d, 0xff, 0xbd, 0x3b, 0xf8, 0xdb, 0xff, 0xff, 0xff, 0xff, 0xff, 
	0xff, 0xff, 0xff, 0xfb, 0xc1, 0xd9, 0xff, 0x83, 0xf3, 0x7f, 0x98, 0xff, 0xff, 0xff, 0xff, 0xff, 
	0xff, 0xff, 0xff, 0xfb, 0xff, 0xc3, 0xff, 0xff, 0xff, 0xff, 0x3f, 0xff, 0xff, 0xff, 0xff, 0xff, 
	0xff, 0xff, 0xff, 0xff, 0xff, 0xe7, 0xff, 0xff, 0xff, 0xff, 0x7f, 0xf0, 0xff, 0xff, 0xff, 0xff, 
	0xff, 0xff, 0xff, 0xff, 0xff, 0xff, 0xff, 0xff, 0xff, 0xff, 0xff, 0xff, 0xff, 0xff, 0xff, 0xff, 
	0xff, 0xff, 0xff, 0xff, 0xff, 0xff, 0xff, 0xff, 0xff, 0xff, 0xff, 0xff, 0xff, 0xff, 0xff, 0xff
};
// 'angy20009', 128x50px
const unsigned char epd_bitmap_angy20009 [] PROGMEM = {
	0xff, 0xff, 0xff, 0xff, 0xff, 0xff, 0xff, 0xff, 0xff, 0xff, 0xff, 0xff, 0xff, 0xff, 0xff, 0xff, 
	0xff, 0xff, 0xff, 0xdf, 0xff, 0xff, 0xff, 0xff, 0xff, 0xff, 0xff, 0xff, 0xff, 0xff, 0xff, 0xff, 
	0xff, 0xff, 0xff, 0x9f, 0xff, 0xff, 0xff, 0xff, 0xff, 0xff, 0xff, 0xff, 0xf9, 0xff, 0xff, 0xff, 
	0xff, 0xff, 0xff, 0x1f, 0xfe, 0xff, 0xff, 0xff, 0xff, 0xff, 0xff, 0xff, 0xf9, 0xff, 0xff, 0xff, 
	0xff, 0xff, 0xff, 0x7f, 0xfc, 0xff, 0xff, 0xff, 0xff, 0xff, 0xff, 0x7f, 0xf8, 0xff, 0xff, 0xff, 
	0xff, 0xff, 0xff, 0xff, 0xf8, 0xff, 0xff, 0xff, 0xff, 0xff, 0xff, 0x3f, 0xfc, 0xff, 0xff, 0xff, 
	0xff, 0xff, 0xff, 0xff, 0xf1, 0xff, 0xff, 0xff, 0xff, 0xff, 0xff, 0x1f, 0xff, 0xff, 0xff, 0xff, 
	0xff, 0xff, 0xff, 0xff, 0xc3, 0xff, 0xff, 0xff, 0xff, 0xff, 0xff, 0x8f, 0xff, 0xff, 0xff, 0xff, 
	0xff, 0xff, 0xff, 0xff, 0x01, 0xfe, 0xff, 0xff, 0xff, 0xff, 0xff, 0xc1, 0xff, 0xff, 0xff, 0xff, 
	0xff, 0xff, 0xff, 0x7f, 0x00, 0xfc, 0xff, 0xff, 0xff, 0xff, 0xff, 0x00, 0xff, 0xff, 0xff, 0xff, 
	0xff, 0xff, 0xff, 0x3f, 0x3c, 0xf0, 0xff, 0xff, 0xff, 0xff, 0xff, 0x00, 0xfe, 0xff, 0xff, 0xff, 
	0xff, 0xff, 0xff, 0x0f, 0x1f, 0xf8, 0xff, 0xff, 0xff, 0xff, 0x7f, 0x08, 0xfc, 0xff, 0xff, 0xff, 
	0xff, 0xff, 0xff, 0x8f, 0x1f, 0xe0, 0xff, 0xff, 0xff, 0xff, 0x1f, 0x06, 0xf8, 0xff, 0xff, 0xff, 
	0xff, 0xff, 0xff, 0xc7, 0x1f, 0xc0, 0xff, 0xff, 0xff, 0xff, 0x1f, 0x06, 0xf0, 0xff, 0xff, 0xff, 
	0xff, 0xff, 0xff, 0xe3, 0x1f, 0x00, 0xfe, 0xff, 0xff, 0xff, 0x0f, 0x07, 0xf0, 0xff, 0xff, 0xff, 
	0xff, 0xff, 0xff, 0xf3, 0x0f, 0x00, 0xfc, 0xff, 0xff, 0xff, 0x87, 0x07, 0xe0, 0xff, 0xff, 0xff, 
	0xff, 0xff, 0xff, 0xf1, 0x0f, 0x00, 0xf8, 0xff, 0xff, 0xff, 0xe1, 0x03, 0xe0, 0xff, 0xff, 0xff, 
	0xff, 0xff, 0xff, 0xf9, 0x07, 0x00, 0xf8, 0xff, 0xff, 0xff, 0xf0, 0x03, 0xe0, 0xff, 0xff, 0xff, 
	0xff, 0xff, 0xff, 0xf9, 0x01, 0x00, 0xf0, 0xff, 0xff, 0x7f, 0xf8, 0x01, 0xe8, 0xff, 0xff, 0xff, 
	0xff, 0xff, 0xff, 0x39, 0x00, 0x00, 0xf0, 0xff, 0xff, 0x7f, 0xfc, 0x00, 0xcc, 0xff, 0xff, 0xff, 
	0xff, 0xff, 0xff, 0x01, 0x00, 0x00, 0xf0, 0xff, 0xff, 0x3f, 0x7c, 0x00, 0xcc, 0xff, 0xff, 0xff, 
	0xff, 0xff, 0xff, 0x01, 0x00, 0x00, 0xf3, 0xff, 0xff, 0x1f, 0x1e, 0x00, 0xcc, 0xff, 0xff, 0xff, 
	0xff, 0xff, 0xff, 0x01, 0x00, 0x00, 0xfb, 0xff, 0xff, 0x1f, 0x06, 0x00, 0xe4, 0xff, 0xff, 0xff, 
	0xff, 0xff, 0xff, 0x03, 0x00, 0x00, 0xf9, 0xff, 0xff, 0x1f, 0x00, 0x00, 0xe4, 0xff, 0xff, 0xff, 
	0xff, 0xff, 0xff, 0x03, 0x00, 0x80, 0xf9, 0xff, 0xff, 0x5f, 0x00, 0x00, 0xe4, 0xff, 0xff, 0xff, 
	0xff, 0xff, 0xff, 0x03, 0x00, 0xc0, 0xfc, 0xff, 0xff, 0xff, 0x00, 0x00, 0xe6, 0xff, 0xff, 0xff, 
	0xff, 0xff, 0xff, 0x07, 0x00, 0x60, 0xfe, 0xff, 0xff, 0xff, 0x00, 0x00, 0xf3, 0xff, 0xff, 0xff, 
	0xff, 0xff, 0xff, 0x0f, 0x00, 0x38, 0xff, 0xff, 0xff, 0xff, 0x01, 0x00, 0xf9, 0xff, 0xff, 0xff, 
	0xff, 0xff, 0xff, 0x1f, 0xc0, 0x8f, 0xff, 0xff, 0xff, 0xff, 0x03, 0xc0, 0xf9, 0xff, 0xff, 0xff, 
	0xff, 0xff, 0xff, 0x7f, 0xc0, 0xc0, 0xff, 0xff, 0xff, 0xff, 0x07, 0x78, 0xfc, 0xff, 0xff, 0xff, 
	0xff, 0xff, 0xff, 0xff, 0x00, 0xf0, 0xff, 0xff, 0xff, 0xff, 0x0f, 0x3c, 0xfe, 0xff, 0xff, 0xff, 
	0xff, 0xff, 0xff, 0x00, 0x10, 0xff, 0xff, 0xff, 0xff, 0xff, 0x1f, 0x80, 0xff, 0xff, 0xff, 0xff, 
	0xff, 0xff, 0x1f, 0x70, 0x80, 0xff, 0xff, 0xff, 0xff, 0xff, 0xff, 0x01, 0xe0, 0xff, 0xff, 0xff, 
	0xff, 0xff, 0xc7, 0xff, 0x3f, 0xff, 0xff, 0xff, 0xff, 0xff, 0xff, 0xc0, 0x81, 0xff, 0xff, 0xff, 
	0xff, 0xff, 0x0f, 0xff, 0x0f, 0xff, 0xff, 0xff, 0xff, 0xff, 0x7f, 0xfc, 0x9f, 0xff, 0xff, 0xff, 
	0xff, 0xff, 0x3f, 0x00, 0xe0, 0xff, 0xff, 0x7f, 0xff, 0xff, 0xff, 0x01, 0xc0, 0xff, 0xff, 0xff, 
	0xff, 0xff, 0xff, 0xff, 0xff, 0xff, 0xff, 0x7f, 0xff, 0xff, 0xff, 0xff, 0xff, 0xff, 0xff, 0xff, 
	0xff, 0xff, 0xff, 0xff, 0xff, 0xff, 0xff, 0x7f, 0xfe, 0xff, 0xff, 0xff, 0xff, 0xff, 0xff, 0xff, 
	0xff, 0xff, 0xff, 0xff, 0xff, 0xff, 0xff, 0xff, 0x7e, 0xfe, 0xfd, 0xff, 0xff, 0xff, 0xff, 0xff, 
	0xff, 0xff, 0x07, 0xf0, 0xff, 0xff, 0xff, 0xff, 0x3e, 0x78, 0x3c, 0xfe, 0xff, 0xff, 0xff, 0xff, 
	0xff, 0xff, 0xff, 0xfc, 0xe3, 0xef, 0xff, 0xe1, 0x9c, 0x7b, 0x1f, 0xfe, 0xff, 0xff, 0xff, 0xff, 
	0xff, 0xff, 0xff, 0xfc, 0x89, 0x83, 0xff, 0xf9, 0xdd, 0x7b, 0xdf, 0xfe, 0xff, 0xff, 0xff, 0xff, 
	0xff, 0xff, 0xff, 0xfc, 0x3d, 0x9b, 0xff, 0xfd, 0xd9, 0x7b, 0x0e, 0xff, 0xff, 0xff, 0xff, 0xff, 
	0xff, 0xff, 0xff, 0xfd, 0x7c, 0x99, 0xff, 0xfd, 0x99, 0xfb, 0xcd, 0xff, 0xff, 0xff, 0xff, 0xff, 
	0xff, 0xff, 0xff, 0xf9, 0x1d, 0x9d, 0xff, 0xbd, 0x3b, 0xf8, 0xdb, 0xff, 0xff, 0xff, 0xff, 0xff, 
	0xff, 0xff, 0xff, 0xfb, 0xc1, 0xd9, 0xff, 0x83, 0xf3, 0x7f, 0x98, 0xff, 0xff, 0xff, 0xff, 0xff, 
	0xff, 0xff, 0xff, 0xfb, 0xff, 0xc3, 0xff, 0xff, 0xff, 0xff, 0x3f, 0xff, 0xff, 0xff, 0xff, 0xff, 
	0xff, 0xff, 0xff, 0xff, 0xff, 0xe7, 0xff, 0xff, 0xff, 0xff, 0x7f, 0xf0, 0xff, 0xff, 0xff, 0xff, 
	0xff, 0xff, 0xff, 0xff, 0xff, 0xff, 0xff, 0xff, 0xff, 0xff, 0xff, 0xff, 0xff, 0xff, 0xff, 0xff, 
	0xff, 0xff, 0xff, 0xff, 0xff, 0xff, 0xff, 0xff, 0xff, 0xff, 0xff, 0xff, 0xff, 0xff, 0xff, 0xff
};
// 'angy20002', 128x50px
const unsigned char epd_bitmap_angy20002 [] PROGMEM = {
	0xff, 0xff, 0xff, 0xff, 0xff, 0xff, 0xff, 0xff, 0xff, 0xff, 0xff, 0xff, 0xff, 0xff, 0xff, 0xff, 
	0xff, 0xff, 0xff, 0xff, 0xff, 0xff, 0xff, 0xff, 0xff, 0xff, 0xff, 0xff, 0xff, 0xff, 0xff, 0xff, 
	0xff, 0xff, 0xff, 0xff, 0xff, 0xff, 0xff, 0xff, 0xff, 0xff, 0xff, 0xff, 0xff, 0xff, 0xff, 0xff, 
	0xff, 0xff, 0xff, 0xff, 0xff, 0xff, 0xff, 0xff, 0xff, 0xff, 0xff, 0xff, 0xff, 0xff, 0xff, 0xff, 
	0xff, 0xff, 0xff, 0xff, 0xff, 0xff, 0xff, 0xff, 0xff, 0xff, 0xff, 0xff, 0xff, 0xff, 0xff, 0xff, 
	0xff, 0xff, 0xff, 0xff, 0xff, 0xff, 0xff, 0xff, 0xff, 0xff, 0xff, 0xff, 0xff, 0xff, 0xff, 0xff, 
	0xff, 0xff, 0xff, 0xff, 0xff, 0xff, 0xff, 0xff, 0xff, 0xff, 0xff, 0xff, 0xff, 0xff, 0xff, 0xff, 
	0xff, 0xff, 0xff, 0xff, 0xff, 0xff, 0xff, 0xff, 0xff, 0xff, 0xff, 0xff, 0xff, 0xff, 0xff, 0xff, 
	0xff, 0xff, 0xff, 0xff, 0xff, 0xff, 0xff, 0xff, 0xff, 0xff, 0xff, 0xff, 0xff, 0xff, 0xff, 0xff, 
	0xff, 0xff, 0xff, 0xff, 0xff, 0xff, 0xff, 0xff, 0xff, 0xff, 0xff, 0xff, 0xff, 0xff, 0xff, 0xff, 
	0xff, 0xff, 0xff, 0xf3, 0xff, 0xff, 0xff, 0xff, 0xff, 0xff, 0xff, 0xff, 0xff, 0xff, 0xff, 0xff, 
	0xff, 0xff, 0xff, 0x83, 0xff, 0xff, 0xff, 0xff, 0xff, 0xff, 0xff, 0xff, 0xff, 0xff, 0xff, 0xff, 
	0xff, 0xff, 0xff, 0x03, 0xfc, 0xff, 0xff, 0xff, 0xff, 0xff, 0xff, 0xf0, 0xff, 0xff, 0xff, 0xff, 
	0xff, 0xff, 0xff, 0x1f, 0xf0, 0xff, 0xff, 0xff, 0xff, 0xff, 0x7f, 0xf8, 0xff, 0xff, 0xff, 0xff, 
	0xff, 0xff, 0xff, 0xff, 0xe1, 0xff, 0xff, 0xff, 0xff, 0xff, 0x1f, 0xfe, 0xff, 0xff, 0xff, 0xff, 
	0xff, 0xff, 0xff, 0xff, 0xf7, 0xff, 0xff, 0xff, 0xff, 0xff, 0x1f, 0xff, 0xff, 0xff, 0xff, 0xff, 
	0xff, 0xff, 0xff, 0xff, 0xff, 0xff, 0xff, 0xff, 0xff, 0xff, 0xbf, 0xff, 0xff, 0xff, 0xff, 0xff, 
	0xff, 0xff, 0xff, 0xff, 0xff, 0xff, 0xff, 0xff, 0xff, 0xff, 0xff, 0xff, 0xff, 0xff, 0xff, 0xff, 
	0xff, 0xff, 0xff, 0xff, 0xff, 0xff, 0xff, 0xff, 0xff, 0xff, 0xff, 0xff, 0xff, 0xff, 0xff, 0xff, 
	0xff, 0xff, 0xff, 0xff, 0xff, 0xff, 0xff, 0xff, 0xff, 0xff, 0xff, 0xff, 0xff, 0xff, 0xff, 0xff, 
	0xff, 0xff, 0xff, 0xff, 0xff, 0xff, 0xff, 0xff, 0xff, 0xff, 0xff, 0xff, 0xff, 0xff, 0xff, 0xff, 
	0xff, 0xff, 0xff, 0xff, 0xff, 0xff, 0xff, 0xff, 0xff, 0xff, 0xff, 0xff, 0xff, 0xff, 0xff, 0xff, 
	0xff, 0xff, 0xff, 0xff, 0xff, 0xff, 0xff, 0xff, 0xff, 0xff, 0xff, 0xff, 0xff, 0xff, 0xff, 0xff, 
	0xff, 0xff, 0xff, 0xff, 0xff, 0xff, 0xff, 0xff, 0xff, 0xff, 0xff, 0xff, 0xff, 0xff, 0xff, 0xff, 
	0xff, 0xff, 0xff, 0xff, 0xff, 0xff, 0xff, 0xff, 0xff, 0xff, 0xff, 0xff, 0xff, 0xff, 0xff, 0xff, 
	0xff, 0xff, 0xff, 0xff, 0xff, 0xff, 0xff, 0xff, 0xff, 0xff, 0xff, 0x0f, 0xe0, 0xff, 0xff, 0xff, 
	0xff, 0x7f, 0x00, 0x00, 0xf8, 0xff, 0xff, 0xff, 0xff, 0xff, 0x03, 0x00, 0xc0, 0xff, 0xff, 0xff, 
	0xff, 0x7f, 0x00, 0x00, 0x80, 0xff, 0xff, 0xff, 0xff, 0x7f, 0x00, 0x00, 0xc0, 0xff, 0xff, 0xff, 
	0xff, 0xff, 0xff, 0x7f, 0x00, 0xff, 0xff, 0xff, 0xff, 0x3f, 0xc0, 0xff, 0xff, 0xff, 0xff, 0xff, 
	0xff, 0xff, 0xff, 0xff, 0x9f, 0xff, 0xff, 0xff, 0xff, 0xff, 0xff, 0xff, 0xff, 0xff, 0xff, 0xff, 
	0xff, 0xff, 0xff, 0xff, 0xff, 0xff, 0xff, 0xff, 0xff, 0xff, 0xff, 0xff, 0xff, 0xff, 0xff, 0xff, 
	0xff, 0xff, 0xff, 0xff, 0xff, 0xff, 0xff, 0xff, 0xff, 0xff, 0xff, 0xff, 0xff, 0xff, 0xff, 0xff, 
	0xff, 0xff, 0xff, 0xff, 0xff, 0xff, 0xff, 0xff, 0xff, 0xff, 0xff, 0xff, 0xff, 0xff, 0xff, 0xff, 
	0xff, 0xff, 0xff, 0xff, 0xff, 0xff, 0xff, 0xff, 0xff, 0xff, 0xff, 0xff, 0xff, 0xff, 0xff, 0xff, 
	0xff, 0xff, 0xff, 0xff, 0xff, 0xff, 0xff, 0xff, 0xff, 0xff, 0xff, 0xff, 0xff, 0xff, 0xff, 0xff, 
	0xff, 0xff, 0xff, 0xff, 0xff, 0xff, 0xff, 0xff, 0xff, 0xff, 0xff, 0xff, 0xff, 0xff, 0xff, 0xff, 
	0xff, 0xff, 0xff, 0xff, 0xff, 0xff, 0xff, 0xff, 0xff, 0xff, 0xff, 0xff, 0xff, 0xff, 0xff, 0xff, 
	0xff, 0xff, 0xff, 0xff, 0xff, 0xff, 0xff, 0xff, 0xff, 0xff, 0xff, 0xff, 0xff, 0xff, 0xff, 0xff, 
	0xff, 0xff, 0xff, 0xff, 0xff, 0xff, 0xff, 0xff, 0xff, 0xff, 0xff, 0xff, 0xff, 0xff, 0xff, 0xff, 
	0xff, 0x3f, 0x00, 0xfc, 0xff, 0xff, 0xff, 0xff, 0xff, 0xff, 0xff, 0xff, 0xff, 0xff, 0xff, 0xff, 
	0xff, 0x07, 0x00, 0xe0, 0xff, 0xff, 0xff, 0xff, 0xff, 0xff, 0xff, 0x0f, 0x00, 0xff, 0xff, 0xff, 
	0xff, 0xe3, 0xff, 0xc7, 0xff, 0xff, 0xff, 0xff, 0xff, 0xff, 0xff, 0x03, 0x00, 0xfc, 0xff, 0xff, 
	0xff, 0xf3, 0xff, 0xcf, 0xff, 0xff, 0xff, 0xff, 0xff, 0xff, 0xff, 0xf1, 0xff, 0xf9, 0xff, 0xff, 
	0xff, 0x07, 0x7e, 0xc0, 0xff, 0xff, 0xff, 0xff, 0xff, 0xff, 0xff, 0x83, 0x3f, 0xf8, 0xff, 0xff, 
	0xff, 0x1f, 0x00, 0xf0, 0xff, 0xff, 0xff, 0xff, 0xff, 0xff, 0xff, 0x07, 0x00, 0xfe, 0xff, 0xff, 
	0xff, 0xff, 0xff, 0xff, 0xff, 0xff, 0xff, 0xff, 0xff, 0xff, 0xff, 0xff, 0xff, 0xff, 0xff, 0xff, 
	0xff, 0xff, 0xff, 0xff, 0xff, 0xff, 0xff, 0xff, 0xff, 0xff, 0xff, 0xff, 0xff, 0xff, 0xff, 0xff, 
	0xff, 0xff, 0xff, 0xff, 0xff, 0xff, 0xff, 0xff, 0xff, 0xff, 0xff, 0xff, 0xff, 0xff, 0xff, 0xff, 
	0xff, 0xff, 0xff, 0xff, 0xff, 0xff, 0xff, 0xff, 0xff, 0xff, 0xff, 0xff, 0xff, 0xff, 0xff, 0xff, 
	0xff, 0xff, 0xff, 0xff, 0xff, 0xff, 0xff, 0xff, 0xff, 0xff, 0xff, 0xff, 0xff, 0xff, 0xff, 0xff
};
// 'angy20003', 128x50px
const unsigned char epd_bitmap_angy20003 [] PROGMEM = {
	0xff, 0xff, 0xff, 0xff, 0xff, 0xff, 0xff, 0xff, 0xff, 0xff, 0xff, 0xff, 0xff, 0xff, 0xff, 0xff, 
	0xff, 0xff, 0xff, 0xff, 0xff, 0xff, 0xff, 0xff, 0xff, 0xff, 0xff, 0xff, 0xff, 0xff, 0xff, 0xff, 
	0xff, 0xff, 0xff, 0xff, 0xff, 0xff, 0xff, 0xff, 0xff, 0xff, 0xff, 0xff, 0xff, 0xff, 0xff, 0xff, 
	0xff, 0xff, 0xff, 0xff, 0xff, 0xff, 0xff, 0xff, 0xff, 0xff, 0xff, 0xff, 0xff, 0xff, 0xff, 0xff, 
	0xff, 0xff, 0xff, 0xff, 0xff, 0xff, 0xff, 0xff, 0xff, 0xff, 0xff, 0xff, 0xff, 0xff, 0xff, 0xff, 
	0xff, 0xff, 0xff, 0xff, 0xff, 0xff, 0xff, 0xff, 0xff, 0xff, 0xff, 0xff, 0xff, 0xff, 0xff, 0xff, 
	0xff, 0xff, 0xff, 0xff, 0xff, 0xff, 0xff, 0xff, 0xff, 0xff, 0xff, 0xff, 0xff, 0xff, 0xff, 0xff, 
	0xff, 0xff, 0xff, 0xff, 0xff, 0xff, 0xff, 0xff, 0xff, 0xff, 0xff, 0xff, 0xff, 0xff, 0xff, 0xff, 
	0xff, 0xff, 0xff, 0xff, 0xff, 0xff, 0xff, 0xff, 0xff, 0xff, 0xff, 0xff, 0xff, 0xff, 0xff, 0xff, 
	0xff, 0xff, 0xff, 0xff, 0xff, 0xff, 0xff, 0xff, 0xff, 0xff, 0xff, 0xff, 0xff, 0xff, 0xff, 0xff, 
	0xff, 0xff, 0xff, 0xf3, 0xff, 0xff, 0xff, 0xff, 0xff, 0xff, 0xff, 0xff, 0xff, 0xff, 0xff, 0xff, 
	0xff, 0xff, 0xff, 0x83, 0xff, 0xff, 0xff, 0xff, 0xff, 0xff, 0xff, 0xff, 0xff, 0xff, 0xff, 0xff, 
	0xff, 0xff, 0xff, 0x03, 0xfc, 0xff, 0xff, 0xff, 0xff, 0xff, 0xff, 0xf0, 0xff, 0xff, 0xff, 0xff, 
	0xff, 0xff, 0xff, 0x1f, 0xf0, 0xff, 0xff, 0xff, 0xff, 0xff, 0x7f, 0xf8, 0xff, 0xff, 0xff, 0xff, 
	0xff, 0xff, 0xff, 0xff, 0xe1, 0xff, 0xff, 0xff, 0xff, 0xff, 0x1f, 0xfe, 0xff, 0xff, 0xff, 0xff, 
	0xff, 0xff, 0xff, 0xff, 0xf7, 0xff, 0xff, 0xff, 0xff, 0xff, 0x1f, 0xff, 0xff, 0xff, 0xff, 0xff, 
	0xff, 0xff, 0xff, 0xff, 0xff, 0xff, 0xff, 0xff, 0xff, 0xff, 0xbf, 0xff, 0xff, 0xff, 0xff, 0xff, 
	0xff, 0xff, 0xff, 0xff, 0xff, 0xff, 0xff, 0xff, 0xff, 0xff, 0xff, 0xff, 0xff, 0xff, 0xff, 0xff, 
	0xff, 0xff, 0xff, 0xff, 0xff, 0xff, 0xff, 0xff, 0xff, 0xff, 0xff, 0xff, 0xff, 0xff, 0xff, 0xff, 
	0xff, 0xff, 0xff, 0xff, 0xff, 0xff, 0xff, 0xff, 0xff, 0xff, 0xff, 0xff, 0xff, 0xff, 0xff, 0xff, 
	0xff, 0xff, 0xff, 0xff, 0xff, 0xff, 0xff, 0xff, 0xff, 0xff, 0xff, 0xff, 0xff, 0xff, 0xff, 0xff, 
	0xff, 0xff, 0xff, 0xff, 0xff, 0xff, 0xff, 0xff, 0xff, 0xff, 0xff, 0xff, 0xff, 0xff, 0xff, 0xff, 
	0xff, 0xff, 0xff, 0xff, 0xff, 0xff, 0xff, 0xff, 0xff, 0xff, 0xff, 0xff, 0xff, 0xff, 0xff, 0xff, 
	0xff, 0xff, 0xff, 0xff, 0xff, 0xff, 0xff, 0xff, 0xff, 0xff, 0xff, 0xff, 0xff, 0xff, 0xff, 0xff, 
	0xff, 0xff, 0xff, 0xff, 0xff, 0xff, 0xff, 0xff, 0xff, 0xff, 0xff, 0xff, 0xff, 0xff, 0xff, 0xff, 
	0xff, 0xff, 0xff, 0xff, 0xff, 0xff, 0xff, 0xff, 0xff, 0xff, 0xff, 0x0f, 0xe0, 0xff, 0xff, 0xff, 
	0xff, 0x7f, 0x00, 0x00, 0xf8, 0xff, 0xff, 0xff, 0xff, 0xff, 0x03, 0x00, 0xc0, 0xff, 0xff, 0xff, 
	0xff, 0x7f, 0x00, 0x00, 0x80, 0xff, 0xff, 0xff, 0xff, 0x7f, 0x00, 0x00, 0xc0, 0xff, 0xff, 0xff, 
	0xff, 0xff, 0xff, 0x7f, 0x00, 0xff, 0xff, 0xff, 0xff, 0x3f, 0xc0, 0xff, 0xff, 0xff, 0xff, 0xff, 
	0xff, 0xff, 0xff, 0xff, 0x9f, 0xff, 0xff, 0xff, 0xff, 0xff, 0xff, 0xff, 0xff, 0xff, 0xff, 0xff, 
	0xff, 0xff, 0xff, 0xff, 0xff, 0xff, 0xff, 0xff, 0xff, 0xff, 0xff, 0xff, 0xff, 0xff, 0xff, 0xff, 
	0xff, 0xff, 0xff, 0xff, 0xff, 0xff, 0xff, 0xff, 0xff, 0xff, 0xff, 0xff, 0xff, 0xff, 0xff, 0xff, 
	0xff, 0xff, 0xff, 0xff, 0xff, 0xff, 0xff, 0xff, 0xff, 0xff, 0xff, 0xff, 0xff, 0xff, 0xff, 0xff, 
	0xff, 0xff, 0xff, 0xff, 0xff, 0xff, 0xff, 0xff, 0xff, 0xff, 0xff, 0xff, 0xff, 0xff, 0xff, 0xff, 
	0xff, 0xff, 0xff, 0xff, 0xff, 0xff, 0xff, 0xff, 0xff, 0xff, 0xff, 0xff, 0xff, 0xff, 0xff, 0xff, 
	0xff, 0xff, 0xff, 0xff, 0xff, 0xff, 0xff, 0xff, 0xff, 0xff, 0xff, 0xff, 0xff, 0xff, 0xff, 0xff, 
	0xff, 0xff, 0xff, 0xff, 0xff, 0xff, 0xff, 0xff, 0xff, 0xff, 0xff, 0xff, 0xff, 0xff, 0xff, 0xff, 
	0xff, 0xff, 0xff, 0xff, 0xff, 0xff, 0xff, 0xff, 0xff, 0xff, 0xff, 0xff, 0xff, 0xff, 0xff, 0xff, 
	0xff, 0xff, 0xff, 0xff, 0xff, 0xff, 0xff, 0xff, 0xff, 0xff, 0xff, 0xff, 0xff, 0xff, 0xff, 0xff, 
	0xff, 0x3f, 0x00, 0xfc, 0xff, 0xff, 0xff, 0xff, 0xff, 0xff, 0xff, 0xff, 0xff, 0xff, 0xff, 0xff, 
	0xff, 0x07, 0x00, 0xe0, 0xff, 0xff, 0xff, 0xff, 0xff, 0xff, 0xff, 0x0f, 0x00, 0xff, 0xff, 0xff, 
	0xff, 0xe3, 0xff, 0xc7, 0xff, 0xff, 0xff, 0xff, 0xff, 0xff, 0xff, 0x03, 0x00, 0xfc, 0xff, 0xff, 
	0xff, 0xf3, 0xff, 0xcf, 0xff, 0xff, 0xff, 0xff, 0xff, 0xff, 0xff, 0xf1, 0xff, 0xf9, 0xff, 0xff, 
	0xff, 0x07, 0x7e, 0xc0, 0xff, 0xff, 0xff, 0xff, 0xff, 0xff, 0xff, 0x83, 0x3f, 0xf8, 0xff, 0xff, 
	0xff, 0x1f, 0x00, 0xf0, 0xff, 0xff, 0xff, 0xff, 0xff, 0xff, 0xff, 0x07, 0x00, 0xfe, 0xff, 0xff, 
	0xff, 0xff, 0xff, 0xff, 0xff, 0xff, 0xff, 0xff, 0xff, 0xff, 0xff, 0xff, 0xff, 0xff, 0xff, 0xff, 
	0xff, 0xff, 0xff, 0xff, 0xff, 0xff, 0xff, 0xff, 0xff, 0xff, 0xff, 0xff, 0xff, 0xff, 0xff, 0xff, 
	0xff, 0xff, 0xff, 0xff, 0xff, 0xff, 0xff, 0xff, 0xff, 0xff, 0xff, 0xff, 0xff, 0xff, 0xff, 0xff, 
	0xff, 0xff, 0xff, 0xff, 0xff, 0xff, 0xff, 0xff, 0xff, 0xff, 0xff, 0xff, 0xff, 0xff, 0xff, 0xff, 
	0xff, 0xff, 0xff, 0xff, 0xff, 0xff, 0xff, 0xff, 0xff, 0xff, 0xff, 0xff, 0xff, 0xff, 0xff, 0xff
};
// 'angy20005', 128x50px
const unsigned char epd_bitmap_angy20005 [] PROGMEM = {
	0xff, 0xff, 0xff, 0xff, 0xff, 0xff, 0xff, 0xff, 0xff, 0xff, 0xff, 0xff, 0xff, 0xff, 0xff, 0xff, 
	0xff, 0xff, 0xff, 0xff, 0xff, 0xff, 0xff, 0xff, 0xff, 0xff, 0xff, 0xff, 0xff, 0xff, 0xff, 0xff, 
	0xff, 0xff, 0xff, 0xff, 0xe0, 0xff, 0xff, 0xff, 0xff, 0xff, 0xff, 0xe7, 0xff, 0xff, 0xff, 0xff, 
	0xff, 0xff, 0xff, 0xff, 0xc0, 0xff, 0xff, 0xff, 0xff, 0xff, 0xff, 0xc3, 0xff, 0xff, 0xff, 0xff, 
	0xff, 0xff, 0xff, 0xff, 0x01, 0xfe, 0xff, 0xff, 0xff, 0xff, 0xff, 0xc1, 0xff, 0xff, 0xff, 0xff, 
	0xff, 0xff, 0xff, 0xff, 0x07, 0xf8, 0xff, 0xff, 0xff, 0xff, 0x7f, 0xf0, 0xff, 0xff, 0xff, 0xff, 
	0xff, 0xff, 0xff, 0xff, 0xff, 0xf0, 0xff, 0xff, 0xff, 0xff, 0x3f, 0xf8, 0xff, 0xff, 0xff, 0xff, 
	0xff, 0xff, 0xff, 0xff, 0xff, 0xff, 0xff, 0xff, 0xff, 0xff, 0x1f, 0xfc, 0xff, 0xff, 0xff, 0xff, 
	0xff, 0xff, 0xff, 0xff, 0xff, 0xff, 0xff, 0xff, 0xff, 0xff, 0x0f, 0xff, 0xff, 0xff, 0xff, 0xff, 
	0xff, 0xff, 0x0f, 0x08, 0xf0, 0xff, 0xff, 0xff, 0xff, 0xff, 0xff, 0xff, 0xff, 0xff, 0xff, 0xff, 
	0xff, 0xff, 0x03, 0x00, 0x80, 0xff, 0xff, 0xff, 0xff, 0xff, 0xff, 0xff, 0xff, 0xff, 0xff, 0xff, 
	0xff, 0xff, 0xf3, 0xe0, 0x03, 0xfe, 0xff, 0xff, 0xff, 0xff, 0xff, 0x03, 0x80, 0xff, 0xff, 0xff, 
	0xff, 0xff, 0x7f, 0xfc, 0x03, 0xc0, 0xff, 0xff, 0xff, 0xff, 0x3f, 0x00, 0x00, 0xfe, 0xff, 0xff, 
	0xff, 0xff, 0x3f, 0xff, 0x03, 0xc0, 0xff, 0xff, 0xff, 0xff, 0x07, 0x00, 0x80, 0xff, 0xff, 0xff, 
	0xff, 0xff, 0x9f, 0xff, 0x03, 0xf0, 0xff, 0xff, 0xff, 0x7f, 0x80, 0x3f, 0x00, 0xff, 0xff, 0xff, 
	0xff, 0xff, 0xcf, 0xff, 0x01, 0xe0, 0xff, 0xff, 0xff, 0x3f, 0xc4, 0x3f, 0x00, 0xfe, 0xff, 0xff, 
	0xff, 0xff, 0xcf, 0xff, 0x01, 0xc0, 0xff, 0xff, 0xff, 0xff, 0xe7, 0x1f, 0x00, 0xfc, 0xff, 0xff, 
	0xff, 0xff, 0xe7, 0xff, 0x00, 0xc0, 0xff, 0xff, 0xff, 0xff, 0xf3, 0x0f, 0x00, 0xfd, 0xff, 0xff, 
	0xff, 0xff, 0xe7, 0xff, 0x00, 0x80, 0xff, 0xff, 0xff, 0xff, 0xf9, 0x07, 0x00, 0xf8, 0xff, 0xff, 
	0xff, 0xff, 0xf7, 0x7f, 0x00, 0x80, 0xff, 0xff, 0xff, 0xff, 0xfd, 0x03, 0x00, 0xf2, 0xff, 0xff, 
	0xff, 0xff, 0xf3, 0x3f, 0x00, 0x90, 0xff, 0xff, 0xff, 0xff, 0xfd, 0x01, 0x00, 0xf4, 0xff, 0xff, 
	0xff, 0xff, 0xf3, 0x07, 0x00, 0x90, 0xff, 0xff, 0xff, 0xff, 0xfc, 0x00, 0x00, 0xf4, 0xff, 0xff, 
	0xff, 0xff, 0xf3, 0x01, 0x00, 0xb0, 0xff, 0xff, 0xff, 0xff, 0x7c, 0x00, 0x00, 0xf4, 0xff, 0xff, 
	0xff, 0xff, 0x73, 0x00, 0x00, 0xb0, 0xff, 0xff, 0xff, 0xff, 0x3c, 0x00, 0x00, 0xf4, 0xff, 0xff, 
	0xff, 0xff, 0x03, 0x00, 0x00, 0xb0, 0xff, 0xff, 0xff, 0xff, 0x0c, 0x00, 0x00, 0xf4, 0xff, 0xff, 
	0xff, 0xff, 0x03, 0x00, 0x00, 0x90, 0xff, 0xff, 0xff, 0xff, 0x00, 0x00, 0x00, 0xf4, 0xff, 0xff, 
	0xff, 0xff, 0x07, 0x00, 0x00, 0x90, 0xff, 0xff, 0xff, 0xff, 0x00, 0x00, 0x00, 0xf2, 0xff, 0xff, 
	0xff, 0xff, 0x07, 0x00, 0x00, 0x90, 0xff, 0xff, 0xff, 0xff, 0x01, 0x00, 0x00, 0xf2, 0xff, 0xff, 
	0xff, 0xff, 0x07, 0x00, 0x00, 0xd8, 0xff, 0xff, 0xff, 0xff, 0x01, 0x00, 0x00, 0xfb, 0xff, 0xff, 
	0xff, 0xff, 0x0f, 0x00, 0x00, 0xc8, 0xff, 0xff, 0xff, 0xff, 0x03, 0x00, 0x80, 0xf9, 0xff, 0xff, 
	0xff, 0xff, 0x0f, 0x00, 0x00, 0xe0, 0xff, 0xff, 0xff, 0xff, 0x07, 0x00, 0xe0, 0xf0, 0xff, 0xff, 
	0xff, 0xff, 0x1f, 0x00, 0x00, 0xf4, 0xff, 0xff, 0xff, 0xff, 0x0f, 0x00, 0x00, 0x80, 0xff, 0xff, 
	0xff, 0xff, 0x0f, 0x00, 0x00, 0xf2, 0xff, 0xff, 0xff, 0xff, 0x1f, 0x00, 0x00, 0x00, 0xff, 0xff, 
	0xff, 0xff, 0x07, 0x00, 0x80, 0xf9, 0xff, 0xff, 0xff, 0xff, 0x0f, 0x00, 0x00, 0xf8, 0xff, 0xff, 
	0xff, 0xff, 0x07, 0x00, 0x60, 0xfe, 0xff, 0xff, 0xff, 0xff, 0x03, 0x00, 0x00, 0xfe, 0xff, 0xff, 
	0xff, 0xff, 0xff, 0x01, 0x1e, 0xff, 0xff, 0xff, 0xff, 0xff, 0x01, 0x00, 0xe0, 0xff, 0xff, 0xff, 
	0xff, 0xff, 0xff, 0x07, 0x00, 0xf8, 0xff, 0xff, 0xff, 0xff, 0xf0, 0xff, 0xff, 0xff, 0xff, 0xff, 
	0xff, 0xff, 0xff, 0x7f, 0x00, 0xf8, 0xff, 0xff, 0xff, 0xff, 0xfc, 0xff, 0xff, 0xff, 0xff, 0xff, 
	0xff, 0xff, 0xff, 0xff, 0x9f, 0xff, 0xff, 0xff, 0xff, 0xff, 0xff, 0xff, 0xff, 0xff, 0xff, 0xff, 
	0xff, 0xff, 0xff, 0xff, 0xff, 0xff, 0xff, 0xff, 0xff, 0xff, 0xff, 0xff, 0xff, 0xff, 0xff, 0xff, 
	0xff, 0xff, 0xff, 0xff, 0xff, 0xff, 0xff, 0xff, 0xff, 0xff, 0xff, 0xff, 0xff, 0xff, 0xff, 0xff, 
	0xff, 0x07, 0xe0, 0xff, 0xff, 0xff, 0xff, 0xff, 0xff, 0xff, 0xff, 0x07, 0x00, 0xff, 0xff, 0xff, 
	0xff, 0x00, 0x00, 0xfe, 0xff, 0xff, 0xff, 0xff, 0xff, 0xff, 0x7f, 0x00, 0x00, 0xf8, 0xff, 0xff, 
	0x3f, 0xfe, 0x7f, 0xfc, 0xff, 0xff, 0xff, 0xff, 0xff, 0xff, 0x3f, 0xfe, 0xff, 0xf1, 0xff, 0xff, 
	0x3f, 0xff, 0xff, 0xfc, 0xff, 0xff, 0xff, 0xff, 0xff, 0xff, 0x3f, 0xff, 0xff, 0xf3, 0xff, 0xff, 
	0x3f, 0xfe, 0xff, 0xfc, 0xff, 0xff, 0xff, 0xff, 0xff, 0xff, 0x7f, 0xc0, 0x1f, 0xf0, 0xff, 0xff, 
	0x7f, 0xe0, 0x07, 0xfe, 0xff, 0xff, 0xff, 0xff, 0xff, 0xff, 0xff, 0x01, 0x00, 0xfe, 0xff, 0xff, 
	0xff, 0x01, 0x80, 0xff, 0xff, 0xff, 0xff, 0xff, 0xff, 0xff, 0xff, 0xff, 0xff, 0xff, 0xff, 0xff, 
	0xff, 0xff, 0xff, 0xff, 0xff, 0xff, 0xff, 0xff, 0xff, 0xff, 0xff, 0xff, 0xff, 0xff, 0xff, 0xff, 
	0xff, 0xff, 0xff, 0xff, 0xff, 0xff, 0xff, 0xff, 0xff, 0xff, 0xff, 0xff, 0xff, 0xff, 0xff, 0xff
};
// 'angy20004', 128x50px
const unsigned char epd_bitmap_angy20004 [] PROGMEM = {
	0xff, 0xff, 0xff, 0xff, 0xff, 0xff, 0xff, 0xff, 0xff, 0xff, 0xff, 0xff, 0xff, 0xff, 0xff, 0xff, 
	0xff, 0xff, 0xff, 0xff, 0xff, 0xff, 0xff, 0xff, 0xff, 0xff, 0xff, 0xff, 0xff, 0xff, 0xff, 0xff, 
	0xff, 0xff, 0xff, 0xff, 0xe0, 0xff, 0xff, 0xff, 0xff, 0xff, 0xff, 0xe7, 0xff, 0xff, 0xff, 0xff, 
	0xff, 0xff, 0xff, 0xff, 0xc0, 0xff, 0xff, 0xff, 0xff, 0xff, 0xff, 0xc3, 0xff, 0xff, 0xff, 0xff, 
	0xff, 0xff, 0xff, 0xff, 0x01, 0xfe, 0xff, 0xff, 0xff, 0xff, 0xff, 0xc1, 0xff, 0xff, 0xff, 0xff, 
	0xff, 0xff, 0xff, 0xff, 0x07, 0xf8, 0xff, 0xff, 0xff, 0xff, 0x7f, 0xf0, 0xff, 0xff, 0xff, 0xff, 
	0xff, 0xff, 0xff, 0xff, 0xff, 0xf0, 0xff, 0xff, 0xff, 0xff, 0x3f, 0xf8, 0xff, 0xff, 0xff, 0xff, 
	0xff, 0xff, 0xff, 0xff, 0xff, 0xff, 0xff, 0xff, 0xff, 0xff, 0x1f, 0xfc, 0xff, 0xff, 0xff, 0xff, 
	0xff, 0xff, 0xff, 0xff, 0xff, 0xff, 0xff, 0xff, 0xff, 0xff, 0x0f, 0xff, 0xff, 0xff, 0xff, 0xff, 
	0xff, 0xff, 0x0f, 0x08, 0xf0, 0xff, 0xff, 0xff, 0xff, 0xff, 0xff, 0xff, 0xff, 0xff, 0xff, 0xff, 
	0xff, 0xff, 0x03, 0x00, 0x80, 0xff, 0xff, 0xff, 0xff, 0xff, 0xff, 0xff, 0xff, 0xff, 0xff, 0xff, 
	0xff, 0xff, 0xf3, 0xe0, 0x03, 0xfe, 0xff, 0xff, 0xff, 0xff, 0xff, 0x03, 0x80, 0xff, 0xff, 0xff, 
	0xff, 0xff, 0x7f, 0xfc, 0x03, 0xc0, 0xff, 0xff, 0xff, 0xff, 0x3f, 0x00, 0x00, 0xfe, 0xff, 0xff, 
	0xff, 0xff, 0x3f, 0xff, 0x03, 0xc0, 0xff, 0xff, 0xff, 0xff, 0x07, 0x00, 0x80, 0xff, 0xff, 0xff, 
	0xff, 0xff, 0x9f, 0xff, 0x03, 0xf0, 0xff, 0xff, 0xff, 0x7f, 0x80, 0x3f, 0x00, 0xff, 0xff, 0xff, 
	0xff, 0xff, 0xcf, 0xff, 0x01, 0xe0, 0xff, 0xff, 0xff, 0x3f, 0xc4, 0x3f, 0x00, 0xfe, 0xff, 0xff, 
	0xff, 0xff, 0xcf, 0xff, 0x01, 0xc0, 0xff, 0xff, 0xff, 0xff, 0xe7, 0x1f, 0x00, 0xfc, 0xff, 0xff, 
	0xff, 0xff, 0xe7, 0xff, 0x00, 0xc0, 0xff, 0xff, 0xff, 0xff, 0xf3, 0x0f, 0x00, 0xfd, 0xff, 0xff, 
	0xff, 0xff, 0xe7, 0xff, 0x00, 0x80, 0xff, 0xff, 0xff, 0xff, 0xf9, 0x07, 0x00, 0xf8, 0xff, 0xff, 
	0xff, 0xff, 0xf7, 0x7f, 0x00, 0x80, 0xff, 0xff, 0xff, 0xff, 0xfd, 0x03, 0x00, 0xf2, 0xff, 0xff, 
	0xff, 0xff, 0xf3, 0x3f, 0x00, 0x90, 0xff, 0xff, 0xff, 0xff, 0xfd, 0x01, 0x00, 0xf4, 0xff, 0xff, 
	0xff, 0xff, 0xf3, 0x07, 0x00, 0x90, 0xff, 0xff, 0xff, 0xff, 0xfc, 0x00, 0x00, 0xf4, 0xff, 0xff, 
	0xff, 0xff, 0xf3, 0x01, 0x00, 0xb0, 0xff, 0xff, 0xff, 0xff, 0x7c, 0x00, 0x00, 0xf4, 0xff, 0xff, 
	0xff, 0xff, 0x73, 0x00, 0x00, 0xb0, 0xff, 0xff, 0xff, 0xff, 0x3c, 0x00, 0x00, 0xf4, 0xff, 0xff, 
	0xff, 0xff, 0x03, 0x00, 0x00, 0xb0, 0xff, 0xff, 0xff, 0xff, 0x0c, 0x00, 0x00, 0xf4, 0xff, 0xff, 
	0xff, 0xff, 0x03, 0x00, 0x00, 0x90, 0xff, 0xff, 0xff, 0xff, 0x00, 0x00, 0x00, 0xf4, 0xff, 0xff, 
	0xff, 0xff, 0x07, 0x00, 0x00, 0x90, 0xff, 0xff, 0xff, 0xff, 0x00, 0x00, 0x00, 0xf2, 0xff, 0xff, 
	0xff, 0xff, 0x07, 0x00, 0x00, 0x90, 0xff, 0xff, 0xff, 0xff, 0x01, 0x00, 0x00, 0xf2, 0xff, 0xff, 
	0xff, 0xff, 0x07, 0x00, 0x00, 0xd8, 0xff, 0xff, 0xff, 0xff, 0x01, 0x00, 0x00, 0xfb, 0xff, 0xff, 
	0xff, 0xff, 0x0f, 0x00, 0x00, 0xc8, 0xff, 0xff, 0xff, 0xff, 0x03, 0x00, 0x80, 0xf9, 0xff, 0xff, 
	0xff, 0xff, 0x0f, 0x00, 0x00, 0xe0, 0xff, 0xff, 0xff, 0xff, 0x07, 0x00, 0xe0, 0xf0, 0xff, 0xff, 
	0xff, 0xff, 0x1f, 0x00, 0x00, 0xf4, 0xff, 0xff, 0xff, 0xff, 0x0f, 0x00, 0x00, 0x80, 0xff, 0xff, 
	0xff, 0xff, 0x0f, 0x00, 0x00, 0xf2, 0xff, 0xff, 0xff, 0xff, 0x1f, 0x00, 0x00, 0x00, 0xff, 0xff, 
	0xff, 0xff, 0x07, 0x00, 0x80, 0xf9, 0xff, 0xff, 0xff, 0xff, 0x0f, 0x00, 0x00, 0xf8, 0xff, 0xff, 
	0xff, 0xff, 0x07, 0x00, 0x60, 0xfe, 0xff, 0xff, 0xff, 0xff, 0x03, 0x00, 0x00, 0xfe, 0xff, 0xff, 
	0xff, 0xff, 0xff, 0x01, 0x1e, 0xff, 0xff, 0xff, 0xff, 0xff, 0x01, 0x00, 0xe0, 0xff, 0xff, 0xff, 
	0xff, 0xff, 0xff, 0x07, 0x00, 0xf8, 0xff, 0xff, 0xff, 0xff, 0xf0, 0xff, 0xff, 0xff, 0xff, 0xff, 
	0xff, 0xff, 0xff, 0x7f, 0x00, 0xf8, 0xff, 0xff, 0xff, 0xff, 0xfc, 0xff, 0xff, 0xff, 0xff, 0xff, 
	0xff, 0xff, 0xff, 0xff, 0x9f, 0xff, 0xff, 0xff, 0xff, 0xff, 0xff, 0xff, 0xff, 0xff, 0xff, 0xff, 
	0xff, 0xff, 0xff, 0xff, 0xff, 0xff, 0xff, 0xff, 0xff, 0xff, 0xff, 0xff, 0xff, 0xff, 0xff, 0xff, 
	0xff, 0xff, 0xff, 0xff, 0xff, 0xff, 0xff, 0xff, 0xff, 0xff, 0xff, 0xff, 0xff, 0xff, 0xff, 0xff, 
	0xff, 0x07, 0xe0, 0xff, 0xff, 0xff, 0xff, 0xff, 0xff, 0xff, 0xff, 0x07, 0x00, 0xff, 0xff, 0xff, 
	0xff, 0x00, 0x00, 0xfe, 0xff, 0xff, 0xff, 0xff, 0xff, 0xff, 0x7f, 0x00, 0x00, 0xf8, 0xff, 0xff, 
	0x3f, 0xfe, 0x7f, 0xfc, 0xff, 0xff, 0xff, 0xff, 0xff, 0xff, 0x3f, 0xfe, 0xff, 0xf1, 0xff, 0xff, 
	0x3f, 0xff, 0xff, 0xfc, 0xff, 0xff, 0xff, 0xff, 0xff, 0xff, 0x3f, 0xff, 0xff, 0xf3, 0xff, 0xff, 
	0x3f, 0xfe, 0xff, 0xfc, 0xff, 0xff, 0xff, 0xff, 0xff, 0xff, 0x7f, 0xc0, 0x1f, 0xf0, 0xff, 0xff, 
	0x7f, 0xe0, 0x07, 0xfe, 0xff, 0xff, 0xff, 0xff, 0xff, 0xff, 0xff, 0x01, 0x00, 0xfe, 0xff, 0xff, 
	0xff, 0x01, 0x80, 0xff, 0xff, 0xff, 0xff, 0xff, 0xff, 0xff, 0xff, 0xff, 0xff, 0xff, 0xff, 0xff, 
	0xff, 0xff, 0xff, 0xff, 0xff, 0xff, 0xff, 0xff, 0xff, 0xff, 0xff, 0xff, 0xff, 0xff, 0xff, 0xff, 
	0xff, 0xff, 0xff, 0xff, 0xff, 0xff, 0xff, 0xff, 0xff, 0xff, 0xff, 0xff, 0xff, 0xff, 0xff, 0xff
};
// 'angy20006', 128x50px
const unsigned char epd_bitmap_angy20006 [] PROGMEM = {
	0xff, 0xff, 0xff, 0xff, 0xff, 0xff, 0xff, 0xff, 0xff, 0xff, 0xff, 0xff, 0xff, 0xff, 0xff, 0xff, 
	0xff, 0xff, 0xff, 0xff, 0xff, 0xff, 0xff, 0xff, 0xff, 0xff, 0xff, 0x9f, 0xff, 0xff, 0xff, 0xff, 
	0xff, 0xff, 0xff, 0xe1, 0xff, 0xff, 0xff, 0xff, 0xff, 0xff, 0xff, 0xc7, 0xff, 0xff, 0xff, 0xff, 
	0xff, 0xff, 0xff, 0x01, 0xff, 0xff, 0xff, 0xff, 0xff, 0xff, 0xff, 0xe1, 0xff, 0xff, 0xff, 0xff, 
	0xff, 0xff, 0xff, 0x07, 0xf8, 0xff, 0xff, 0xff, 0xff, 0xff, 0xff, 0xf0, 0xff, 0xff, 0xff, 0xff, 
	0xff, 0xff, 0xff, 0x3f, 0xc0, 0xff, 0xff, 0xff, 0xff, 0xff, 0x3f, 0xf8, 0xff, 0xff, 0xff, 0xff, 
	0xff, 0xff, 0xff, 0xff, 0x00, 0xfe, 0xff, 0xff, 0xff, 0xff, 0x1f, 0xfc, 0xff, 0xff, 0xff, 0xff, 
	0xff, 0xff, 0xff, 0xff, 0x07, 0xf8, 0xff, 0xff, 0xff, 0xff, 0x0f, 0x80, 0xff, 0xff, 0xff, 0xff, 
	0xff, 0xff, 0xff, 0x7f, 0x00, 0xf0, 0xff, 0xff, 0xff, 0xff, 0x07, 0x00, 0xf8, 0xff, 0xff, 0xff, 
	0xff, 0xff, 0x7f, 0x00, 0x00, 0xc0, 0xff, 0xff, 0xff, 0xff, 0x03, 0x02, 0x00, 0xff, 0xff, 0xff, 
	0xff, 0xff, 0x7f, 0x00, 0xff, 0x01, 0xff, 0xff, 0xff, 0xff, 0xe1, 0x01, 0x04, 0xff, 0xff, 0xff, 
	0xff, 0xff, 0xff, 0xe7, 0xff, 0x02, 0xff, 0xff, 0xff, 0xff, 0xf0, 0x01, 0xf8, 0xff, 0xff, 0xff, 
	0xff, 0xff, 0xff, 0xfb, 0xff, 0xc8, 0xff, 0xff, 0xff, 0x7f, 0xfc, 0x01, 0xf0, 0xff, 0xff, 0xff, 
	0xff, 0xff, 0xff, 0xfd, 0x7f, 0xc0, 0xff, 0xff, 0xff, 0x7f, 0xfe, 0x00, 0xe0, 0xff, 0xff, 0xff, 
	0xff, 0xff, 0xff, 0xfc, 0x1f, 0x80, 0xff, 0xff, 0xff, 0x7f, 0xff, 0x00, 0xe0, 0xff, 0xff, 0xff, 
	0xff, 0xff, 0xff, 0xfe, 0x0f, 0x00, 0xff, 0xff, 0xff, 0x3f, 0x7f, 0x00, 0xc0, 0xff, 0xff, 0xff, 
	0xff, 0xff, 0x7f, 0xff, 0x0f, 0x00, 0xff, 0xff, 0xff, 0xbf, 0x7f, 0x00, 0xd0, 0xff, 0xff, 0xff, 
	0xff, 0xff, 0x7f, 0xff, 0x07, 0x00, 0xfe, 0xff, 0xff, 0xbf, 0x3f, 0x00, 0x90, 0xff, 0xff, 0xff, 
	0xff, 0xff, 0x7f, 0xff, 0x07, 0x00, 0xfe, 0xff, 0xff, 0xbf, 0x1f, 0x00, 0x90, 0xff, 0xff, 0xff, 
	0xff, 0xff, 0x3f, 0xff, 0x01, 0x00, 0xfe, 0xff, 0xff, 0x9f, 0x0f, 0x00, 0x90, 0xff, 0xff, 0xff, 
	0xff, 0xff, 0xbf, 0xff, 0x01, 0x80, 0xfe, 0xff, 0xff, 0xdf, 0x07, 0x00, 0xb0, 0xff, 0xff, 0xff, 
	0xff, 0xff, 0x3f, 0x7e, 0x00, 0x80, 0xfe, 0xff, 0xff, 0xdf, 0x07, 0x00, 0xa0, 0xff, 0xff, 0xff, 
	0xff, 0xff, 0x3f, 0x00, 0x00, 0x80, 0xfe, 0xff, 0xff, 0x9f, 0x01, 0x00, 0x90, 0xff, 0xff, 0xff, 
	0xff, 0xff, 0x3f, 0x00, 0x00, 0x80, 0xfe, 0xff, 0xff, 0x3f, 0x00, 0x00, 0x90, 0xff, 0xff, 0xff, 
	0xff, 0xff, 0x7f, 0x00, 0x00, 0xc0, 0xfe, 0xff, 0xff, 0x3f, 0x00, 0x00, 0x98, 0xff, 0xff, 0xff, 
	0xff, 0xff, 0x7f, 0x00, 0x00, 0x60, 0xff, 0xff, 0xff, 0x3f, 0x00, 0x00, 0xc8, 0xff, 0xff, 0xff, 
	0xff, 0xff, 0x7f, 0x00, 0x00, 0x30, 0xff, 0xff, 0xff, 0x3f, 0x00, 0x00, 0xcc, 0xff, 0xff, 0xff, 
	0xff, 0xff, 0xff, 0x00, 0x00, 0x98, 0xff, 0xff, 0xff, 0x7f, 0x00, 0x00, 0xe7, 0xff, 0xff, 0xff, 
	0xff, 0xff, 0xff, 0x00, 0x00, 0x88, 0xff, 0xff, 0xff, 0xff, 0x00, 0xc0, 0xf3, 0xff, 0xff, 0xff, 
	0xff, 0xff, 0xff, 0x01, 0x00, 0xcc, 0xff, 0xff, 0xff, 0xff, 0x01, 0x60, 0xf0, 0xff, 0xff, 0xff, 
	0xff, 0xff, 0xff, 0x03, 0x00, 0xe6, 0xff, 0xff, 0xff, 0xff, 0x03, 0x00, 0xfc, 0xfd, 0xff, 0xff, 
	0xff, 0xff, 0xff, 0x07, 0x80, 0xf3, 0xff, 0xff, 0xff, 0x7f, 0x00, 0x00, 0x00, 0xf8, 0xff, 0xff, 
	0xff, 0xff, 0x0f, 0x00, 0x00, 0x80, 0xff, 0xff, 0xff, 0x7f, 0x00, 0x00, 0x00, 0xfc, 0xff, 0xff, 
	0xff, 0xff, 0x0f, 0x00, 0x00, 0x80, 0xff, 0xff, 0xff, 0xff, 0xff, 0xff, 0xff, 0xff, 0xff, 0xff, 
	0xff, 0xff, 0xff, 0xff, 0xff, 0xff, 0xff, 0xff, 0xff, 0xff, 0xff, 0xff, 0xff, 0xff, 0xff, 0xff, 
	0xff, 0xff, 0xff, 0xff, 0xff, 0xff, 0xff, 0xff, 0xff, 0xff, 0xff, 0xff, 0xff, 0xff, 0xff, 0xff, 
	0xff, 0xff, 0xff, 0xff, 0xff, 0xff, 0xff, 0xff, 0xff, 0xff, 0xff, 0xff, 0xff, 0xff, 0xff, 0xff, 
	0xff, 0xff, 0x03, 0xf8, 0xff, 0xff, 0xff, 0xff, 0xff, 0xff, 0xff, 0xff, 0x00, 0xff, 0xff, 0xff, 
	0xff, 0x1f, 0xf0, 0x01, 0xff, 0xff, 0xff, 0xff, 0xff, 0xff, 0xff, 0x0f, 0x3c, 0xe0, 0xff, 0xff, 
	0xff, 0xcf, 0xff, 0xff, 0xfc, 0xff, 0xff, 0xff, 0xff, 0xff, 0xff, 0xf7, 0xff, 0xcf, 0xff, 0xff, 
	0xff, 0xe7, 0xff, 0xff, 0xfd, 0xff, 0xff, 0xff, 0xff, 0xff, 0xff, 0xf3, 0xff, 0xdf, 0xff, 0xff, 
	0xff, 0x0f, 0xfe, 0x1f, 0xfe, 0xff, 0xff, 0xff, 0xff, 0xff, 0xff, 0x87, 0xff, 0xe1, 0xff, 0xff, 
	0xff, 0x7f, 0x00, 0x80, 0xff, 0xff, 0xff, 0xff, 0xff, 0xff, 0xff, 0x3f, 0x00, 0xf8, 0xff, 0xff, 
	0xff, 0xff, 0xff, 0xff, 0xff, 0xff, 0xff, 0xff, 0xff, 0xff, 0xff, 0xff, 0xff, 0xff, 0xff, 0xff, 
	0xff, 0xff, 0xff, 0xff, 0xff, 0xff, 0xff, 0xff, 0xff, 0xff, 0xff, 0xff, 0xff, 0xff, 0xff, 0xff, 
	0xff, 0xff, 0xff, 0xff, 0xff, 0xff, 0xff, 0xff, 0xff, 0xff, 0xff, 0xff, 0xff, 0xff, 0xff, 0xff, 
	0xff, 0xff, 0xff, 0xff, 0xff, 0xff, 0xff, 0xff, 0xff, 0xff, 0xff, 0xff, 0xff, 0xff, 0xff, 0xff, 
	0xff, 0xff, 0xff, 0xff, 0xff, 0xff, 0xff, 0xff, 0xff, 0xff, 0xff, 0xff, 0xff, 0xff, 0xff, 0xff, 
	0xff, 0xff, 0xff, 0xff, 0xff, 0xff, 0xff, 0xff, 0xff, 0xff, 0xff, 0xff, 0xff, 0xff, 0xff, 0xff, 
	0xff, 0xff, 0xff, 0xff, 0xff, 0xff, 0xff, 0xff, 0xff, 0xff, 0xff, 0xff, 0xff, 0xff, 0xff, 0xff
};
// 'angy20007', 128x50px
const unsigned char epd_bitmap_angy20007 [] PROGMEM = {
	0xff, 0xff, 0xff, 0xff, 0xff, 0xff, 0xff, 0xff, 0xff, 0xff, 0xff, 0xff, 0xff, 0xff, 0xff, 0xff, 
	0xff, 0xff, 0xff, 0xff, 0xff, 0xff, 0xff, 0xff, 0xff, 0xff, 0xff, 0x9f, 0xff, 0xff, 0xff, 0xff, 
	0xff, 0xff, 0xff, 0xe1, 0xff, 0xff, 0xff, 0xff, 0xff, 0xff, 0xff, 0xc7, 0xff, 0xff, 0xff, 0xff, 
	0xff, 0xff, 0xff, 0x01, 0xff, 0xff, 0xff, 0xff, 0xff, 0xff, 0xff, 0xe1, 0xff, 0xff, 0xff, 0xff, 
	0xff, 0xff, 0xff, 0x07, 0xf8, 0xff, 0xff, 0xff, 0xff, 0xff, 0xff, 0xf0, 0xff, 0xff, 0xff, 0xff, 
	0xff, 0xff, 0xff, 0x3f, 0xc0, 0xff, 0xff, 0xff, 0xff, 0xff, 0x3f, 0xf8, 0xff, 0xff, 0xff, 0xff, 
	0xff, 0xff, 0xff, 0xff, 0x00, 0xfe, 0xff, 0xff, 0xff, 0xff, 0x1f, 0xfc, 0xff, 0xff, 0xff, 0xff, 
	0xff, 0xff, 0xff, 0xff, 0x07, 0xf8, 0xff, 0xff, 0xff, 0xff, 0x0f, 0x80, 0xff, 0xff, 0xff, 0xff, 
	0xff, 0xff, 0xff, 0x7f, 0x00, 0xf0, 0xff, 0xff, 0xff, 0xff, 0x07, 0x00, 0xf8, 0xff, 0xff, 0xff, 
	0xff, 0xff, 0x7f, 0x00, 0x00, 0xc0, 0xff, 0xff, 0xff, 0xff, 0x03, 0x02, 0x00, 0xff, 0xff, 0xff, 
	0xff, 0xff, 0x7f, 0x00, 0xff, 0x01, 0xff, 0xff, 0xff, 0xff, 0xe1, 0x01, 0x04, 0xff, 0xff, 0xff, 
	0xff, 0xff, 0xff, 0xe7, 0xff, 0x02, 0xff, 0xff, 0xff, 0xff, 0xf0, 0x01, 0xf8, 0xff, 0xff, 0xff, 
	0xff, 0xff, 0xff, 0xfb, 0xff, 0xc8, 0xff, 0xff, 0xff, 0x7f, 0xfc, 0x01, 0xf0, 0xff, 0xff, 0xff, 
	0xff, 0xff, 0xff, 0xfd, 0x7f, 0xc0, 0xff, 0xff, 0xff, 0x7f, 0xfe, 0x00, 0xe0, 0xff, 0xff, 0xff, 
	0xff, 0xff, 0xff, 0xfc, 0x1f, 0x80, 0xff, 0xff, 0xff, 0x7f, 0xff, 0x00, 0xe0, 0xff, 0xff, 0xff, 
	0xff, 0xff, 0xff, 0xfe, 0x0f, 0x00, 0xff, 0xff, 0xff, 0x3f, 0x7f, 0x00, 0xc0, 0xff, 0xff, 0xff, 
	0xff, 0xff, 0x7f, 0xff, 0x0f, 0x00, 0xff, 0xff, 0xff, 0xbf, 0x7f, 0x00, 0xd0, 0xff, 0xff, 0xff, 
	0xff, 0xff, 0x7f, 0xff, 0x07, 0x00, 0xfe, 0xff, 0xff, 0xbf, 0x3f, 0x00, 0x90, 0xff, 0xff, 0xff, 
	0xff, 0xff, 0x7f, 0xff, 0x07, 0x00, 0xfe, 0xff, 0xff, 0xbf, 0x1f, 0x00, 0x90, 0xff, 0xff, 0xff, 
	0xff, 0xff, 0x3f, 0xff, 0x01, 0x00, 0xfe, 0xff, 0xff, 0x9f, 0x0f, 0x00, 0x90, 0xff, 0xff, 0xff, 
	0xff, 0xff, 0xbf, 0xff, 0x01, 0x80, 0xfe, 0xff, 0xff, 0xdf, 0x07, 0x00, 0xb0, 0xff, 0xff, 0xff, 
	0xff, 0xff, 0x3f, 0x7e, 0x00, 0x80, 0xfe, 0xff, 0xff, 0xdf, 0x07, 0x00, 0xa0, 0xff, 0xff, 0xff, 
	0xff, 0xff, 0x3f, 0x00, 0x00, 0x80, 0xfe, 0xff, 0xff, 0x9f, 0x01, 0x00, 0x90, 0xff, 0xff, 0xff, 
	0xff, 0xff, 0x3f, 0x00, 0x00, 0x80, 0xfe, 0xff, 0xff, 0x3f, 0x00, 0x00, 0x90, 0xff, 0xff, 0xff, 
	0xff, 0xff, 0x7f, 0x00, 0x00, 0xc0, 0xfe, 0xff, 0xff, 0x3f, 0x00, 0x00, 0x98, 0xff, 0xff, 0xff, 
	0xff, 0xff, 0x7f, 0x00, 0x00, 0x60, 0xff, 0xff, 0xff, 0x3f, 0x00, 0x00, 0xc8, 0xff, 0xff, 0xff, 
	0xff, 0xff, 0x7f, 0x00, 0x00, 0x30, 0xff, 0xff, 0xff, 0x3f, 0x00, 0x00, 0xcc, 0xff, 0xff, 0xff, 
	0xff, 0xff, 0xff, 0x00, 0x00, 0x98, 0xff, 0xff, 0xff, 0x7f, 0x00, 0x00, 0xe7, 0xff, 0xff, 0xff, 
	0xff, 0xff, 0xff, 0x00, 0x00, 0x88, 0xff, 0xff, 0xff, 0xff, 0x00, 0xc0, 0xf3, 0xff, 0xff, 0xff, 
	0xff, 0xff, 0xff, 0x01, 0x00, 0xcc, 0xff, 0xff, 0xff, 0xff, 0x01, 0x60, 0xf0, 0xff, 0xff, 0xff, 
	0xff, 0xff, 0xff, 0x03, 0x00, 0xe6, 0xff, 0xff, 0xff, 0xff, 0x03, 0x00, 0xfc, 0xfd, 0xff, 0xff, 
	0xff, 0xff, 0xff, 0x07, 0x80, 0xf3, 0xff, 0xff, 0xff, 0x7f, 0x00, 0x00, 0x00, 0xf8, 0xff, 0xff, 
	0xff, 0xff, 0x0f, 0x00, 0x00, 0x80, 0xff, 0xff, 0xff, 0x7f, 0x00, 0x00, 0x00, 0xfc, 0xff, 0xff, 
	0xff, 0xff, 0x0f, 0x00, 0x00, 0x80, 0xff, 0xff, 0xff, 0xff, 0xff, 0xff, 0xff, 0xff, 0xff, 0xff, 
	0xff, 0xff, 0xff, 0xff, 0xff, 0xff, 0xff, 0xff, 0xff, 0xff, 0xff, 0xff, 0xff, 0xff, 0xff, 0xff, 
	0xff, 0xff, 0xff, 0xff, 0xff, 0xff, 0xff, 0xff, 0xff, 0xff, 0xff, 0xff, 0xff, 0xff, 0xff, 0xff, 
	0xff, 0xff, 0xff, 0xff, 0xff, 0xff, 0xff, 0xff, 0xff, 0xff, 0xff, 0xff, 0xff, 0xff, 0xff, 0xff, 
	0xff, 0xff, 0x03, 0xf8, 0xff, 0xff, 0xff, 0xff, 0xff, 0xff, 0xff, 0xff, 0x00, 0xff, 0xff, 0xff, 
	0xff, 0x1f, 0xf0, 0x01, 0xff, 0xff, 0xff, 0xff, 0xff, 0xff, 0xff, 0x0f, 0x3c, 0xe0, 0xff, 0xff, 
	0xff, 0xcf, 0xff, 0xff, 0xfc, 0xff, 0xff, 0xff, 0xff, 0xff, 0xff, 0xf7, 0xff, 0xcf, 0xff, 0xff, 
	0xff, 0xe7, 0xff, 0xff, 0xfd, 0xff, 0xff, 0xff, 0xff, 0xff, 0xff, 0xf3, 0xff, 0xdf, 0xff, 0xff, 
	0xff, 0x0f, 0xfe, 0x1f, 0xfe, 0xff, 0xff, 0xff, 0xff, 0xff, 0xff, 0x87, 0xff, 0xe1, 0xff, 0xff, 
	0xff, 0x7f, 0x00, 0x80, 0xff, 0xff, 0xff, 0xff, 0xff, 0xff, 0xff, 0x3f, 0x00, 0xf8, 0xff, 0xff, 
	0xff, 0xff, 0xff, 0xff, 0xff, 0xff, 0xff, 0xff, 0xff, 0xff, 0xff, 0xff, 0xff, 0xff, 0xff, 0xff, 
	0xff, 0xff, 0xff, 0xff, 0xff, 0xff, 0xff, 0xff, 0xff, 0xff, 0xff, 0xff, 0xff, 0xff, 0xff, 0xff, 
	0xff, 0xff, 0xff, 0xff, 0xff, 0xff, 0xff, 0xff, 0xff, 0xff, 0xff, 0xff, 0xff, 0xff, 0xff, 0xff, 
	0xff, 0xff, 0xff, 0xff, 0xff, 0xff, 0xff, 0xff, 0xff, 0xff, 0xff, 0xff, 0xff, 0xff, 0xff, 0xff, 
	0xff, 0xff, 0xff, 0xff, 0xff, 0xff, 0xff, 0xff, 0xff, 0xff, 0xff, 0xff, 0xff, 0xff, 0xff, 0xff, 
	0xff, 0xff, 0xff, 0xff, 0xff, 0xff, 0xff, 0xff, 0xff, 0xff, 0xff, 0xff, 0xff, 0xff, 0xff, 0xff, 
	0xff, 0xff, 0xff, 0xff, 0xff, 0xff, 0xff, 0xff, 0xff, 0xff, 0xff, 0xff, 0xff, 0xff, 0xff, 0xff
};

// Array of all bitmaps for convenience. (Total bytes used to store images in PROGMEM = 17136)
const int epd_bitmap_allArray_LEN = 21;
const unsigned char* epd_bitmap_allArray[21] = {
	epd_bitmap_angy20000,
	epd_bitmap_angy20001,
	epd_bitmap_angy200010,
	epd_bitmap_angy200011,
	epd_bitmap_angy200012,
	epd_bitmap_angy200013,
	epd_bitmap_angy200014,
	epd_bitmap_angy200015,
	epd_bitmap_angy200016,
	epd_bitmap_angy200017,
	epd_bitmap_angy200018,
	epd_bitmap_angy200019,
	epd_bitmap_angy20002,
	epd_bitmap_angy200020,
	epd_bitmap_angy20003,
	epd_bitmap_angy20004,
	epd_bitmap_angy20005,
	epd_bitmap_angy20006,
	epd_bitmap_angy20007,
	epd_bitmap_angy20008,
	epd_bitmap_angy20009
};
// 'frame0000', 128x50px
const unsigned char epd_bitmap_frame0000 [] PROGMEM = {
	0xff, 0xff, 0xff, 0xff, 0xff, 0xff, 0xff, 0xff, 0xff, 0xff, 0xff, 0xff, 0xff, 0xff, 0xff, 0xff, 
	0xff, 0xff, 0xff, 0xff, 0xff, 0xff, 0xff, 0xff, 0xff, 0xff, 0xff, 0xff, 0xff, 0xff, 0xff, 0xff, 
	0xff, 0xff, 0xff, 0xff, 0xff, 0xff, 0xff, 0xff, 0xff, 0xff, 0xff, 0xff, 0xff, 0xff, 0xff, 0xff, 
	0xff, 0xff, 0xff, 0xff, 0xff, 0xff, 0xff, 0xff, 0xff, 0xff, 0xff, 0xff, 0xff, 0xff, 0xff, 0xff, 
	0xff, 0xff, 0xff, 0xff, 0xff, 0xff, 0xff, 0xff, 0xff, 0xff, 0xff, 0xff, 0xff, 0xff, 0xff, 0xff, 
	0xff, 0xff, 0x7f, 0x00, 0xfe, 0xff, 0xff, 0xff, 0xff, 0xff, 0xff, 0xff, 0x00, 0xf8, 0xff, 0xff, 
	0xff, 0xff, 0x7f, 0x00, 0xfe, 0xff, 0xff, 0xff, 0xff, 0xff, 0xff, 0xff, 0x00, 0xf8, 0xff, 0xff, 
	0xff, 0xff, 0x87, 0x07, 0xe0, 0xff, 0xff, 0xff, 0xff, 0xff, 0xff, 0x0f, 0x06, 0x80, 0xff, 0xff, 
	0xff, 0xff, 0xf3, 0x0f, 0xc0, 0xff, 0xff, 0xff, 0xff, 0xff, 0xff, 0xc7, 0x07, 0x00, 0xfe, 0xff, 
	0xff, 0xff, 0xf8, 0x0f, 0x00, 0xff, 0xff, 0xff, 0xff, 0xff, 0xff, 0xf3, 0x03, 0x00, 0xfc, 0xff, 
	0xff, 0x7f, 0xfc, 0x07, 0x00, 0xfe, 0xff, 0xff, 0xff, 0xff, 0xff, 0xf8, 0x03, 0x00, 0xf8, 0xff, 
	0xff, 0x7f, 0xff, 0x07, 0x00, 0xfc, 0xff, 0xff, 0xff, 0xff, 0x7f, 0xfc, 0x03, 0x00, 0xf0, 0xff, 
	0xff, 0xbf, 0xff, 0x07, 0x00, 0xf8, 0xff, 0xff, 0xff, 0xff, 0x3f, 0xff, 0x03, 0x00, 0xf0, 0xff, 
	0xff, 0xbf, 0xff, 0x07, 0x00, 0xf9, 0xff, 0xff, 0xff, 0xff, 0x1f, 0xff, 0x03, 0x00, 0xe0, 0xff, 
	0xff, 0xef, 0xff, 0x03, 0x00, 0xf3, 0xff, 0xff, 0xff, 0xff, 0x9f, 0xff, 0x01, 0x00, 0xe0, 0xff, 
	0xff, 0xe7, 0xff, 0x03, 0x00, 0xe6, 0xff, 0xff, 0xff, 0xff, 0xcf, 0xff, 0x01, 0x00, 0xc0, 0xff, 
	0xff, 0xe7, 0xff, 0x03, 0x00, 0xec, 0xff, 0xff, 0xff, 0xff, 0xc7, 0xff, 0x00, 0x00, 0x40, 0xff, 
	0xff, 0xf7, 0xff, 0x03, 0x00, 0xec, 0xff, 0xff, 0xff, 0xff, 0xe7, 0xff, 0x00, 0x00, 0xc0, 0xff, 
	0xff, 0xf3, 0xff, 0x01, 0x00, 0xcc, 0xff, 0xff, 0xff, 0xff, 0xf3, 0x7f, 0x00, 0x00, 0x80, 0xfe, 
	0xff, 0xf3, 0xff, 0x01, 0x00, 0xc8, 0xff, 0xff, 0xff, 0xff, 0xf3, 0x7f, 0x00, 0x00, 0x80, 0xfe, 
	0xff, 0xfb, 0x7f, 0x00, 0x00, 0xc8, 0xff, 0xff, 0xff, 0xff, 0xf3, 0x3f, 0x00, 0x00, 0x80, 0xfe, 
	0xff, 0xfb, 0x3f, 0x00, 0x00, 0xc8, 0xff, 0xff, 0xff, 0xff, 0xf3, 0x1f, 0x00, 0x00, 0x80, 0xfe, 
	0xff, 0xfb, 0x1f, 0x00, 0x00, 0xc8, 0xff, 0xff, 0xff, 0xff, 0xf3, 0x0f, 0x00, 0x00, 0x80, 0xfe, 
	0xff, 0xfb, 0x07, 0x00, 0x00, 0x88, 0xff, 0xff, 0xff, 0xff, 0xf3, 0x03, 0x00, 0x00, 0x80, 0xfc, 
	0xff, 0x81, 0x00, 0x00, 0x00, 0x88, 0xff, 0xff, 0xff, 0xff, 0xf3, 0x01, 0x00, 0x00, 0x80, 0xfc, 
	0xff, 0x01, 0x00, 0x00, 0x00, 0xc8, 0xff, 0xff, 0xff, 0xff, 0x03, 0x00, 0x00, 0x00, 0x80, 0xfc, 
	0xff, 0x01, 0x00, 0x00, 0x00, 0xc8, 0xff, 0xff, 0xff, 0xff, 0x07, 0x00, 0x00, 0x00, 0x80, 0xfe, 
	0xff, 0x01, 0x00, 0x00, 0x00, 0xcc, 0xff, 0xff, 0xff, 0xff, 0x03, 0x00, 0x00, 0x00, 0x80, 0xfe, 
	0xff, 0x01, 0x00, 0x00, 0x00, 0xc4, 0xff, 0xff, 0xff, 0xff, 0x03, 0x00, 0x00, 0x00, 0x40, 0xfe, 
	0xff, 0x03, 0x00, 0x00, 0x00, 0xc4, 0xff, 0xff, 0xff, 0xff, 0x03, 0x00, 0x00, 0x00, 0x40, 0xfe, 
	0xff, 0x03, 0x00, 0x00, 0x00, 0xe4, 0xff, 0xff, 0xff, 0xff, 0x07, 0x00, 0x00, 0x00, 0x40, 0xfe, 
	0xff, 0x03, 0x00, 0x00, 0x00, 0xe4, 0xff, 0xff, 0xff, 0xff, 0x07, 0x00, 0x00, 0x00, 0x20, 0xfe, 
	0xff, 0x03, 0x00, 0x00, 0x00, 0xe4, 0xff, 0xff, 0xff, 0xff, 0x4f, 0x00, 0x00, 0x00, 0x20, 0xff, 
	0xff, 0x07, 0x00, 0x00, 0x00, 0xf4, 0xff, 0xff, 0xff, 0xff, 0x0f, 0x00, 0x00, 0x00, 0x90, 0xff, 
	0xff, 0x0f, 0x00, 0x00, 0x00, 0xfa, 0xff, 0xff, 0xff, 0xff, 0x1f, 0x00, 0x00, 0x00, 0xd0, 0xff, 
	0xff, 0x1f, 0x00, 0x00, 0x00, 0xfa, 0xff, 0xff, 0xff, 0xff, 0x3f, 0x00, 0x00, 0x00, 0xc8, 0xff, 
	0xff, 0x1f, 0x00, 0x00, 0x00, 0xff, 0xff, 0xff, 0xff, 0xff, 0x3f, 0x00, 0x00, 0x00, 0xe4, 0xff, 
	0xff, 0x1f, 0x00, 0x00, 0x80, 0xff, 0xff, 0xff, 0xff, 0xff, 0x7f, 0x00, 0x00, 0x00, 0xf6, 0xff, 
	0xff, 0x7f, 0x00, 0x00, 0xc0, 0xff, 0xff, 0xff, 0xff, 0xff, 0xff, 0x00, 0x00, 0x00, 0xfb, 0xff, 
	0xff, 0xff, 0x00, 0x00, 0xc0, 0xff, 0xff, 0xff, 0xff, 0xff, 0xff, 0x03, 0x00, 0x80, 0xf8, 0xff, 
	0x3f, 0xf8, 0x03, 0x00, 0xc0, 0xff, 0xff, 0xff, 0xff, 0xff, 0xff, 0x07, 0x00, 0x60, 0xff, 0xff, 
	0xc1, 0x83, 0x07, 0x00, 0xf0, 0xff, 0xff, 0xff, 0xff, 0xff, 0xff, 0x1f, 0x10, 0xf8, 0xff, 0xff, 
	0xfc, 0x7f, 0x1e, 0x00, 0xfc, 0xff, 0xff, 0xff, 0xff, 0xff, 0xff, 0xff, 0x00, 0xff, 0x0f, 0xf8, 
	0xff, 0xff, 0xfe, 0xff, 0xff, 0xff, 0xff, 0xff, 0xff, 0xff, 0xff, 0xff, 0xff, 0xff, 0xe3, 0xc3, 
	0xfe, 0xff, 0xfe, 0xff, 0xff, 0xff, 0xff, 0xff, 0xff, 0xff, 0xff, 0xff, 0xff, 0xff, 0xfc, 0xbf, 
	0xf1, 0x0f, 0xff, 0xff, 0xff, 0xff, 0xff, 0xff, 0xff, 0xff, 0xff, 0xff, 0xff, 0xff, 0xf9, 0xcf, 
	0x07, 0xe0, 0xff, 0xff, 0xff, 0xff, 0xff, 0xff, 0xff, 0xff, 0xff, 0xff, 0xff, 0xff, 0x03, 0xe0, 
	0xff, 0xff, 0xff, 0xff, 0xff, 0xff, 0xff, 0xff, 0xff, 0xff, 0xff, 0xff, 0xff, 0xff, 0xff, 0xff, 
	0xff, 0xff, 0xff, 0xff, 0xff, 0xff, 0xff, 0xff, 0xff, 0xff, 0xff, 0xff, 0xff, 0xff, 0xff, 0xff, 
	0xff, 0xff, 0xff, 0xff, 0xff, 0xff, 0xff, 0xff, 0xff, 0xff, 0xff, 0xff, 0xff, 0xff, 0xff, 0xff
};
// 'frame0001', 128x50px
const unsigned char epd_bitmap_frame0001 [] PROGMEM = {
	0xff, 0xff, 0xff, 0xff, 0xff, 0xff, 0xff, 0xff, 0xff, 0xff, 0xff, 0xff, 0xff, 0xff, 0xff, 0xff, 
	0xff, 0xff, 0xff, 0xff, 0xff, 0xff, 0xff, 0xff, 0xff, 0xff, 0xff, 0xff, 0xff, 0xff, 0xff, 0xff, 
	0xff, 0xff, 0xff, 0xff, 0xff, 0xff, 0xff, 0xff, 0xff, 0xff, 0xff, 0xff, 0xff, 0xff, 0xff, 0xff, 
	0xff, 0xff, 0xff, 0xff, 0xff, 0xff, 0xff, 0xff, 0xff, 0xff, 0xff, 0xff, 0xff, 0xff, 0xff, 0xff, 
	0xff, 0xff, 0xff, 0xff, 0xff, 0xff, 0xff, 0xff, 0xff, 0xff, 0xff, 0xff, 0xff, 0xff, 0xff, 0xff, 
	0xff, 0xff, 0x7f, 0x00, 0xfe, 0xff, 0xff, 0xff, 0xff, 0xff, 0xff, 0xff, 0x00, 0xf8, 0xff, 0xff, 
	0xff, 0xff, 0x7f, 0x00, 0xfe, 0xff, 0xff, 0xff, 0xff, 0xff, 0xff, 0xff, 0x00, 0xf8, 0xff, 0xff, 
	0xff, 0xff, 0x87, 0x07, 0xe0, 0xff, 0xff, 0xff, 0xff, 0xff, 0xff, 0x0f, 0x06, 0x80, 0xff, 0xff, 
	0xff, 0xff, 0xf3, 0x0f, 0xc0, 0xff, 0xff, 0xff, 0xff, 0xff, 0xff, 0xc7, 0x07, 0x00, 0xfe, 0xff, 
	0xff, 0xff, 0xf8, 0x0f, 0x00, 0xff, 0xff, 0xff, 0xff, 0xff, 0xff, 0xf3, 0x03, 0x00, 0xfc, 0xff, 
	0xff, 0x7f, 0xfc, 0x07, 0x00, 0xfe, 0xff, 0xff, 0xff, 0xff, 0xff, 0xf8, 0x03, 0x00, 0xf8, 0xff, 
	0xff, 0x7f, 0xff, 0x07, 0x00, 0xfc, 0xff, 0xff, 0xff, 0xff, 0x7f, 0xfc, 0x03, 0x00, 0xf0, 0xff, 
	0xff, 0xbf, 0xff, 0x07, 0x00, 0xf8, 0xff, 0xff, 0xff, 0xff, 0x3f, 0xff, 0x03, 0x00, 0xf0, 0xff, 
	0xff, 0xbf, 0xff, 0x07, 0x00, 0xf9, 0xff, 0xff, 0xff, 0xff, 0x1f, 0xff, 0x03, 0x00, 0xe0, 0xff, 
	0xff, 0xef, 0xff, 0x03, 0x00, 0xf3, 0xff, 0xff, 0xff, 0xff, 0x9f, 0xff, 0x01, 0x00, 0xe0, 0xff, 
	0xff, 0xe7, 0xff, 0x03, 0x00, 0xe6, 0xff, 0xff, 0xff, 0xff, 0xcf, 0xff, 0x01, 0x00, 0xc0, 0xff, 
	0xff, 0xe7, 0xff, 0x03, 0x00, 0xec, 0xff, 0xff, 0xff, 0xff, 0xc7, 0xff, 0x00, 0x00, 0x40, 0xff, 
	0xff, 0xf7, 0xff, 0x03, 0x00, 0xec, 0xff, 0xff, 0xff, 0xff, 0xe7, 0xff, 0x00, 0x00, 0xc0, 0xff, 
	0xff, 0xf3, 0xff, 0x01, 0x00, 0xcc, 0xff, 0xff, 0xff, 0xff, 0xf3, 0x7f, 0x00, 0x00, 0x80, 0xfe, 
	0xff, 0xf3, 0xff, 0x01, 0x00, 0xc8, 0xff, 0xff, 0xff, 0xff, 0xf3, 0x7f, 0x00, 0x00, 0x80, 0xfe, 
	0xff, 0xfb, 0x7f, 0x00, 0x00, 0xc8, 0xff, 0xff, 0xff, 0xff, 0xf3, 0x3f, 0x00, 0x00, 0x80, 0xfe, 
	0xff, 0xfb, 0x3f, 0x00, 0x00, 0xc8, 0xff, 0xff, 0xff, 0xff, 0xf3, 0x1f, 0x00, 0x00, 0x80, 0xfe, 
	0xff, 0xfb, 0x1f, 0x00, 0x00, 0xc8, 0xff, 0xff, 0xff, 0xff, 0xf3, 0x0f, 0x00, 0x00, 0x80, 0xfe, 
	0xff, 0xfb, 0x07, 0x00, 0x00, 0x88, 0xff, 0xff, 0xff, 0xff, 0xf3, 0x03, 0x00, 0x00, 0x80, 0xfc, 
	0xff, 0x81, 0x00, 0x00, 0x00, 0x88, 0xff, 0xff, 0xff, 0xff, 0xf3, 0x01, 0x00, 0x00, 0x80, 0xfc, 
	0xff, 0x01, 0x00, 0x00, 0x00, 0xc8, 0xff, 0xff, 0xff, 0xff, 0x03, 0x00, 0x00, 0x00, 0x80, 0xfc, 
	0xff, 0x01, 0x00, 0x00, 0x00, 0xc8, 0xff, 0xff, 0xff, 0xff, 0x07, 0x00, 0x00, 0x00, 0x80, 0xfe, 
	0xff, 0x01, 0x00, 0x00, 0x00, 0xcc, 0xff, 0xff, 0xff, 0xff, 0x03, 0x00, 0x00, 0x00, 0x80, 0xfe, 
	0xff, 0x01, 0x00, 0x00, 0x00, 0xc4, 0xff, 0xff, 0xff, 0xff, 0x03, 0x00, 0x00, 0x00, 0x40, 0xfe, 
	0xff, 0x03, 0x00, 0x00, 0x00, 0xc4, 0xff, 0xff, 0xff, 0xff, 0x03, 0x00, 0x00, 0x00, 0x40, 0xfe, 
	0xff, 0x03, 0x00, 0x00, 0x00, 0xe4, 0xff, 0xff, 0xff, 0xff, 0x07, 0x00, 0x00, 0x00, 0x40, 0xfe, 
	0xff, 0x03, 0x00, 0x00, 0x00, 0xe4, 0xff, 0xff, 0xff, 0xff, 0x07, 0x00, 0x00, 0x00, 0x20, 0xfe, 
	0xff, 0x03, 0x00, 0x00, 0x00, 0xe4, 0xff, 0xff, 0xff, 0xff, 0x4f, 0x00, 0x00, 0x00, 0x20, 0xff, 
	0xff, 0x07, 0x00, 0x00, 0x00, 0xf4, 0xff, 0xff, 0xff, 0xff, 0x0f, 0x00, 0x00, 0x00, 0x90, 0xff, 
	0xff, 0x0f, 0x00, 0x00, 0x00, 0xfa, 0xff, 0xff, 0xff, 0xff, 0x1f, 0x00, 0x00, 0x00, 0xd0, 0xff, 
	0xff, 0x1f, 0x00, 0x00, 0x00, 0xfa, 0xff, 0xff, 0xff, 0xff, 0x3f, 0x00, 0x00, 0x00, 0xc8, 0xff, 
	0xff, 0x1f, 0x00, 0x00, 0x00, 0xff, 0xff, 0xff, 0xff, 0xff, 0x3f, 0x00, 0x00, 0x00, 0xe4, 0xff, 
	0xff, 0x1f, 0x00, 0x00, 0x80, 0xff, 0xff, 0xff, 0xff, 0xff, 0x7f, 0x00, 0x00, 0x00, 0xf6, 0xff, 
	0xff, 0x7f, 0x00, 0x00, 0xc0, 0xff, 0xff, 0xff, 0xff, 0xff, 0xff, 0x00, 0x00, 0x00, 0xfb, 0xff, 
	0xff, 0xff, 0x00, 0x00, 0xc0, 0xff, 0xff, 0xff, 0xff, 0xff, 0xff, 0x03, 0x00, 0x80, 0xf8, 0xff, 
	0x3f, 0xf8, 0x03, 0x00, 0xc0, 0xff, 0xff, 0xff, 0xff, 0xff, 0xff, 0x07, 0x00, 0x60, 0xff, 0xff, 
	0xc1, 0x83, 0x07, 0x00, 0xf0, 0xff, 0xff, 0xff, 0xff, 0xff, 0xff, 0x1f, 0x10, 0xf8, 0xff, 0xff, 
	0xfc, 0x7f, 0x1e, 0x00, 0xfc, 0xff, 0xff, 0xff, 0xff, 0xff, 0xff, 0xff, 0x00, 0xff, 0x0f, 0xf8, 
	0xff, 0xff, 0xfe, 0xff, 0xff, 0xff, 0xff, 0xff, 0xff, 0xff, 0xff, 0xff, 0xff, 0xff, 0xe3, 0xc3, 
	0xfe, 0xff, 0xfe, 0xff, 0xff, 0xff, 0xff, 0xff, 0xff, 0xff, 0xff, 0xff, 0xff, 0xff, 0xfc, 0xbf, 
	0xf1, 0x0f, 0xff, 0xff, 0xff, 0xff, 0xff, 0xff, 0xff, 0xff, 0xff, 0xff, 0xff, 0xff, 0xf9, 0xcf, 
	0x07, 0xe0, 0xff, 0xff, 0xff, 0xff, 0xff, 0xff, 0xff, 0xff, 0xff, 0xff, 0xff, 0xff, 0x03, 0xe0, 
	0xff, 0xff, 0xff, 0xff, 0xff, 0xff, 0xff, 0xff, 0xff, 0xff, 0xff, 0xff, 0xff, 0xff, 0xff, 0xff, 
	0xff, 0xff, 0xff, 0xff, 0xff, 0xff, 0xff, 0xff, 0xff, 0xff, 0xff, 0xff, 0xff, 0xff, 0xff, 0xff, 
	0xff, 0xff, 0xff, 0xff, 0xff, 0xff, 0xff, 0xff, 0xff, 0xff, 0xff, 0xff, 0xff, 0xff, 0xff, 0xff
};
// 'frame0002', 128x50px
const unsigned char epd_bitmap_frame0002 [] PROGMEM = {
	0xff, 0xff, 0xff, 0xff, 0xff, 0xff, 0xff, 0xff, 0xff, 0xff, 0xff, 0xff, 0xff, 0xff, 0xff, 0xff, 
	0xff, 0xff, 0xff, 0xff, 0xff, 0xff, 0xff, 0xff, 0xff, 0xff, 0xff, 0xff, 0xff, 0xff, 0xff, 0xff, 
	0xff, 0xff, 0xff, 0xff, 0xff, 0xff, 0xff, 0xff, 0xff, 0xff, 0xff, 0xff, 0xff, 0xff, 0xff, 0xff, 
	0xff, 0xff, 0xff, 0xff, 0xff, 0xff, 0xff, 0xff, 0xff, 0xff, 0xff, 0xff, 0xff, 0xff, 0xff, 0xff, 
	0xff, 0xff, 0xff, 0xff, 0xff, 0xff, 0xff, 0xff, 0xff, 0xff, 0xff, 0xff, 0xff, 0xff, 0xff, 0xff, 
	0xff, 0xff, 0x7f, 0x00, 0xfe, 0xff, 0xff, 0xff, 0xff, 0xff, 0xff, 0xff, 0x00, 0xf8, 0xff, 0xff, 
	0xff, 0xff, 0x7f, 0x00, 0xfe, 0xff, 0xff, 0xff, 0xff, 0xff, 0xff, 0xff, 0x00, 0xf8, 0xff, 0xff, 
	0xff, 0xff, 0x87, 0x07, 0xe0, 0xff, 0xff, 0xff, 0xff, 0xff, 0xff, 0x0f, 0x06, 0x80, 0xff, 0xff, 
	0xff, 0xff, 0xf3, 0x0f, 0xc0, 0xff, 0xff, 0xff, 0xff, 0xff, 0xff, 0xc7, 0x07, 0x00, 0xfe, 0xff, 
	0xff, 0xff, 0xf8, 0x0f, 0x00, 0xff, 0xff, 0xff, 0xff, 0xff, 0xff, 0xf3, 0x03, 0x00, 0xfc, 0xff, 
	0xff, 0x7f, 0xfc, 0x07, 0x00, 0xfe, 0xff, 0xff, 0xff, 0xff, 0xff, 0xf8, 0x03, 0x00, 0xf8, 0xff, 
	0xff, 0x7f, 0xff, 0x07, 0x00, 0xfc, 0xff, 0xff, 0xff, 0xff, 0x7f, 0xfc, 0x03, 0x00, 0xf0, 0xff, 
	0xff, 0xbf, 0xff, 0x07, 0x00, 0xf8, 0xff, 0xff, 0xff, 0xff, 0x3f, 0xff, 0x03, 0x00, 0xf0, 0xff, 
	0xff, 0xbf, 0xff, 0x07, 0x00, 0xf9, 0xff, 0xff, 0xff, 0xff, 0x1f, 0xff, 0x03, 0x00, 0xe0, 0xff, 
	0xff, 0xef, 0xff, 0x03, 0x00, 0xf3, 0xff, 0xff, 0xff, 0xff, 0x9f, 0xff, 0x01, 0x00, 0xe0, 0xff, 
	0xff, 0xe7, 0xff, 0x03, 0x00, 0xe6, 0xff, 0xff, 0xff, 0xff, 0xcf, 0xff, 0x01, 0x00, 0xc0, 0xff, 
	0xff, 0xe7, 0xff, 0x03, 0x00, 0xec, 0xff, 0xff, 0xff, 0xff, 0xc7, 0xff, 0x00, 0x00, 0x40, 0xff, 
	0xff, 0xf7, 0xff, 0x03, 0x00, 0xec, 0xff, 0xff, 0xff, 0xff, 0xe7, 0xff, 0x00, 0x00, 0xc0, 0xff, 
	0xff, 0xf3, 0xff, 0x01, 0x00, 0xcc, 0xff, 0xff, 0xff, 0xff, 0xf3, 0x7f, 0x00, 0x00, 0x80, 0xfe, 
	0xff, 0xf3, 0xff, 0x01, 0x00, 0xc8, 0xff, 0xff, 0xff, 0xff, 0xf3, 0x7f, 0x00, 0x00, 0x80, 0xfe, 
	0xff, 0xfb, 0x7f, 0x00, 0x00, 0xc8, 0xff, 0xff, 0xff, 0xff, 0xf3, 0x3f, 0x00, 0x00, 0x80, 0xfe, 
	0xff, 0xfb, 0x3f, 0x00, 0x00, 0xc8, 0xff, 0xff, 0xff, 0xff, 0xf3, 0x1f, 0x00, 0x00, 0x80, 0xfe, 
	0xff, 0xfb, 0x1f, 0x00, 0x00, 0xc8, 0xff, 0xff, 0xff, 0xff, 0xf3, 0x0f, 0x00, 0x00, 0x80, 0xfe, 
	0xff, 0xfb, 0x07, 0x00, 0x00, 0x88, 0xff, 0xff, 0xff, 0xff, 0xf3, 0x03, 0x00, 0x00, 0x80, 0xfc, 
	0xff, 0x81, 0x00, 0x00, 0x00, 0x88, 0xff, 0xff, 0xff, 0xff, 0xf3, 0x01, 0x00, 0x00, 0x80, 0xfc, 
	0xff, 0x01, 0x00, 0x00, 0x00, 0xc8, 0xff, 0xff, 0xff, 0xff, 0x03, 0x00, 0x00, 0x00, 0x80, 0xfc, 
	0xff, 0x01, 0x00, 0x00, 0x00, 0xc8, 0xff, 0xff, 0xff, 0xff, 0x07, 0x00, 0x00, 0x00, 0x80, 0xfe, 
	0xff, 0x01, 0x00, 0x00, 0x00, 0xcc, 0xff, 0xff, 0xff, 0xff, 0x03, 0x00, 0x00, 0x00, 0x80, 0xfe, 
	0xff, 0x01, 0x00, 0x00, 0x00, 0xc4, 0xff, 0xff, 0xff, 0xff, 0x03, 0x00, 0x00, 0x00, 0x40, 0xfe, 
	0xff, 0x03, 0x00, 0x00, 0x00, 0xc4, 0xff, 0xff, 0xff, 0xff, 0x03, 0x00, 0x00, 0x00, 0x40, 0xfe, 
	0xff, 0x03, 0x00, 0x00, 0x00, 0xe4, 0xff, 0xff, 0xff, 0xff, 0x07, 0x00, 0x00, 0x00, 0x40, 0xfe, 
	0xff, 0x03, 0x00, 0x00, 0x00, 0xe4, 0xff, 0xff, 0xff, 0xff, 0x07, 0x00, 0x00, 0x00, 0x20, 0xfe, 
	0xff, 0x03, 0x00, 0x00, 0x00, 0xe4, 0xff, 0xff, 0xff, 0xff, 0x4f, 0x00, 0x00, 0x00, 0x20, 0xff, 
	0xff, 0x07, 0x00, 0x00, 0x00, 0xf4, 0xff, 0xff, 0xff, 0xff, 0x0f, 0x00, 0x00, 0x00, 0x90, 0xff, 
	0xff, 0x0f, 0x00, 0x00, 0x00, 0xfa, 0xff, 0xff, 0xff, 0xff, 0x1f, 0x00, 0x00, 0x00, 0xd0, 0xff, 
	0xff, 0x1f, 0x00, 0x00, 0x00, 0xfa, 0xff, 0xff, 0xff, 0xff, 0x3f, 0x00, 0x00, 0x00, 0xc8, 0xff, 
	0xff, 0x1f, 0x00, 0x00, 0x00, 0xff, 0xff, 0xff, 0xff, 0xff, 0x3f, 0x00, 0x00, 0x00, 0xe4, 0xff, 
	0xff, 0x1f, 0x00, 0x00, 0x80, 0xff, 0xff, 0xff, 0xff, 0xff, 0x7f, 0x00, 0x00, 0x00, 0xf6, 0xff, 
	0xff, 0x7f, 0x00, 0x00, 0xc0, 0xff, 0xff, 0xff, 0xff, 0xff, 0xff, 0x00, 0x00, 0x00, 0xfb, 0xff, 
	0xff, 0xff, 0x00, 0x00, 0xc0, 0xff, 0xff, 0xff, 0xff, 0xff, 0xff, 0x03, 0x00, 0x80, 0xf8, 0xff, 
	0x3f, 0xf8, 0x03, 0x00, 0xc0, 0xff, 0xff, 0xff, 0xff, 0xff, 0xff, 0x07, 0x00, 0x60, 0xff, 0xff, 
	0xc1, 0x83, 0x07, 0x00, 0xf0, 0xff, 0xff, 0xff, 0xff, 0xff, 0xff, 0x1f, 0x10, 0xf8, 0xff, 0xff, 
	0xfc, 0x7f, 0x1e, 0x00, 0xfc, 0xff, 0xff, 0xff, 0xff, 0xff, 0xff, 0xff, 0x00, 0xff, 0x0f, 0xf8, 
	0xff, 0xff, 0xfe, 0xff, 0xff, 0xff, 0xff, 0xff, 0xff, 0xff, 0xff, 0xff, 0xff, 0xff, 0xe3, 0xc3, 
	0xfe, 0xff, 0xfe, 0xff, 0xff, 0xff, 0xff, 0xff, 0xff, 0xff, 0xff, 0xff, 0xff, 0xff, 0xfc, 0xbf, 
	0xf1, 0x0f, 0xff, 0xff, 0xff, 0xff, 0xff, 0xff, 0xff, 0xff, 0xff, 0xff, 0xff, 0xff, 0xf9, 0xcf, 
	0x07, 0xe0, 0xff, 0xff, 0xff, 0xff, 0xff, 0xff, 0xff, 0xff, 0xff, 0xff, 0xff, 0xff, 0x03, 0xe0, 
	0xff, 0xff, 0xff, 0xff, 0xff, 0xff, 0xff, 0xff, 0xff, 0xff, 0xff, 0xff, 0xff, 0xff, 0xff, 0xff, 
	0xff, 0xff, 0xff, 0xff, 0xff, 0xff, 0xff, 0xff, 0xff, 0xff, 0xff, 0xff, 0xff, 0xff, 0xff, 0xff, 
	0xff, 0xff, 0xff, 0xff, 0xff, 0xff, 0xff, 0xff, 0xff, 0xff, 0xff, 0xff, 0xff, 0xff, 0xff, 0xff
};
// 'frame0003', 128x50px
const unsigned char epd_bitmap_frame0003 [] PROGMEM = {
	0xff, 0xff, 0xff, 0xff, 0xff, 0xff, 0xff, 0xff, 0xff, 0xff, 0xff, 0xff, 0xff, 0xff, 0xff, 0xff, 
	0xff, 0xff, 0xff, 0xff, 0xff, 0xff, 0xff, 0xff, 0xff, 0xff, 0xff, 0xff, 0xff, 0xff, 0xff, 0xff, 
	0xff, 0xff, 0xff, 0xff, 0xff, 0xff, 0xff, 0xff, 0xff, 0xff, 0xff, 0xff, 0xff, 0xff, 0xff, 0xff, 
	0xff, 0xff, 0xff, 0xff, 0xff, 0xff, 0xff, 0xff, 0xff, 0xff, 0xff, 0xff, 0xff, 0xff, 0xff, 0xff, 
	0xff, 0xff, 0xff, 0xff, 0xff, 0xff, 0xff, 0xff, 0xff, 0xff, 0xff, 0xff, 0xff, 0xff, 0xff, 0xff, 
	0xff, 0xff, 0x7f, 0x00, 0xfe, 0xff, 0xff, 0xff, 0xff, 0xff, 0xff, 0xff, 0x00, 0xf8, 0xff, 0xff, 
	0xff, 0xff, 0x7f, 0x00, 0xfe, 0xff, 0xff, 0xff, 0xff, 0xff, 0xff, 0xff, 0x00, 0xf8, 0xff, 0xff, 
	0xff, 0xff, 0x87, 0x07, 0xe0, 0xff, 0xff, 0xff, 0xff, 0xff, 0xff, 0x0f, 0x06, 0x80, 0xff, 0xff, 
	0xff, 0xff, 0xf3, 0x0f, 0xc0, 0xff, 0xff, 0xff, 0xff, 0xff, 0xff, 0xc7, 0x07, 0x00, 0xfe, 0xff, 
	0xff, 0xff, 0xf8, 0x0f, 0x00, 0xff, 0xff, 0xff, 0xff, 0xff, 0xff, 0xf3, 0x03, 0x00, 0xfc, 0xff, 
	0xff, 0x7f, 0xfc, 0x07, 0x00, 0xfe, 0xff, 0xff, 0xff, 0xff, 0xff, 0xf8, 0x03, 0x00, 0xf8, 0xff, 
	0xff, 0x7f, 0xff, 0x07, 0x00, 0xfc, 0xff, 0xff, 0xff, 0xff, 0x7f, 0xfc, 0x03, 0x00, 0xf0, 0xff, 
	0xff, 0xbf, 0xff, 0x07, 0x00, 0xf8, 0xff, 0xff, 0xff, 0xff, 0x3f, 0xff, 0x03, 0x00, 0xf0, 0xff, 
	0xff, 0xbf, 0xff, 0x07, 0x00, 0xf9, 0xff, 0xff, 0xff, 0xff, 0x1f, 0xff, 0x03, 0x00, 0xe0, 0xff, 
	0xff, 0xef, 0xff, 0x03, 0x00, 0xf3, 0xff, 0xff, 0xff, 0xff, 0x9f, 0xff, 0x01, 0x00, 0xe0, 0xff, 
	0xff, 0xe7, 0xff, 0x03, 0x00, 0xe6, 0xff, 0xff, 0xff, 0xff, 0xcf, 0xff, 0x01, 0x00, 0xc0, 0xff, 
	0xff, 0xe7, 0xff, 0x03, 0x00, 0xec, 0xff, 0xff, 0xff, 0xff, 0xc7, 0xff, 0x00, 0x00, 0x40, 0xff, 
	0xff, 0xf7, 0xff, 0x03, 0x00, 0xec, 0xff, 0xff, 0xff, 0xff, 0xe7, 0xff, 0x00, 0x00, 0xc0, 0xff, 
	0xff, 0xf3, 0xff, 0x01, 0x00, 0xcc, 0xff, 0xff, 0xff, 0xff, 0xf3, 0x7f, 0x00, 0x00, 0x80, 0xfe, 
	0xff, 0xf3, 0xff, 0x01, 0x00, 0xc8, 0xff, 0xff, 0xff, 0xff, 0xf3, 0x7f, 0x00, 0x00, 0x80, 0xfe, 
	0xff, 0xfb, 0x7f, 0x00, 0x00, 0xc8, 0xff, 0xff, 0xff, 0xff, 0xf3, 0x3f, 0x00, 0x00, 0x80, 0xfe, 
	0xff, 0xfb, 0x3f, 0x00, 0x00, 0xc8, 0xff, 0xff, 0xff, 0xff, 0xf3, 0x1f, 0x00, 0x00, 0x80, 0xfe, 
	0xff, 0xfb, 0x1f, 0x00, 0x00, 0xc8, 0xff, 0xff, 0xff, 0xff, 0xf3, 0x0f, 0x00, 0x00, 0x80, 0xfe, 
	0xff, 0xfb, 0x07, 0x00, 0x00, 0x88, 0xff, 0xff, 0xff, 0xff, 0xf3, 0x03, 0x00, 0x00, 0x80, 0xfc, 
	0xff, 0x81, 0x00, 0x00, 0x00, 0x88, 0xff, 0xff, 0xff, 0xff, 0xf3, 0x01, 0x00, 0x00, 0x80, 0xfc, 
	0xff, 0x01, 0x00, 0x00, 0x00, 0xc8, 0xff, 0xff, 0xff, 0xff, 0x03, 0x00, 0x00, 0x00, 0x80, 0xfc, 
	0xff, 0x01, 0x00, 0x00, 0x00, 0xc8, 0xff, 0xff, 0xff, 0xff, 0x07, 0x00, 0x00, 0x00, 0x80, 0xfe, 
	0xff, 0x01, 0x00, 0x00, 0x00, 0xcc, 0xff, 0xff, 0xff, 0xff, 0x03, 0x00, 0x00, 0x00, 0x80, 0xfe, 
	0xff, 0x01, 0x00, 0x00, 0x00, 0xc4, 0xff, 0xff, 0xff, 0xff, 0x03, 0x00, 0x00, 0x00, 0x40, 0xfe, 
	0xff, 0x03, 0x00, 0x00, 0x00, 0xc4, 0xff, 0xff, 0xff, 0xff, 0x03, 0x00, 0x00, 0x00, 0x40, 0xfe, 
	0xff, 0x03, 0x00, 0x00, 0x00, 0xe4, 0xff, 0xff, 0xff, 0xff, 0x07, 0x00, 0x00, 0x00, 0x40, 0xfe, 
	0xff, 0x03, 0x00, 0x00, 0x00, 0xe4, 0xff, 0xff, 0xff, 0xff, 0x07, 0x00, 0x00, 0x00, 0x20, 0xfe, 
	0xff, 0x03, 0x00, 0x00, 0x00, 0xe4, 0xff, 0xff, 0xff, 0xff, 0x4f, 0x00, 0x00, 0x00, 0x20, 0xff, 
	0xff, 0x07, 0x00, 0x00, 0x00, 0xf4, 0xff, 0xff, 0xff, 0xff, 0x0f, 0x00, 0x00, 0x00, 0x90, 0xff, 
	0xff, 0x0f, 0x00, 0x00, 0x00, 0xfa, 0xff, 0xff, 0xff, 0xff, 0x1f, 0x00, 0x00, 0x00, 0xd0, 0xff, 
	0xff, 0x1f, 0x00, 0x00, 0x00, 0xfa, 0xff, 0xff, 0xff, 0xff, 0x3f, 0x00, 0x00, 0x00, 0xc8, 0xff, 
	0xff, 0x1f, 0x00, 0x00, 0x00, 0xff, 0xff, 0xff, 0xff, 0xff, 0x3f, 0x00, 0x00, 0x00, 0xe4, 0xff, 
	0xff, 0x1f, 0x00, 0x00, 0x80, 0xff, 0xff, 0xff, 0xff, 0xff, 0x7f, 0x00, 0x00, 0x00, 0xf6, 0xff, 
	0xff, 0x7f, 0x00, 0x00, 0xc0, 0xff, 0xff, 0xff, 0xff, 0xff, 0xff, 0x00, 0x00, 0x00, 0xfb, 0xff, 
	0xff, 0xff, 0x00, 0x00, 0xc0, 0xff, 0xff, 0xff, 0xff, 0xff, 0xff, 0x03, 0x00, 0x80, 0xf8, 0xff, 
	0x3f, 0xf8, 0x03, 0x00, 0xc0, 0xff, 0xff, 0xff, 0xff, 0xff, 0xff, 0x07, 0x00, 0x60, 0xff, 0xff, 
	0xc1, 0x83, 0x07, 0x00, 0xf0, 0xff, 0xff, 0xff, 0xff, 0xff, 0xff, 0x1f, 0x10, 0xf8, 0xff, 0xff, 
	0xfc, 0x7f, 0x1e, 0x00, 0xfc, 0xff, 0xff, 0xff, 0xff, 0xff, 0xff, 0xff, 0x00, 0xff, 0x0f, 0xf8, 
	0xff, 0xff, 0xfe, 0xff, 0xff, 0xff, 0xff, 0xff, 0xff, 0xff, 0xff, 0xff, 0xff, 0xff, 0xe3, 0xc3, 
	0xfe, 0xff, 0xfe, 0xff, 0xff, 0xff, 0xff, 0xff, 0xff, 0xff, 0xff, 0xff, 0xff, 0xff, 0xfc, 0xbf, 
	0xf1, 0x0f, 0xff, 0xff, 0xff, 0xff, 0xff, 0xff, 0xff, 0xff, 0xff, 0xff, 0xff, 0xff, 0xf9, 0xcf, 
	0x07, 0xe0, 0xff, 0xff, 0xff, 0xff, 0xff, 0xff, 0xff, 0xff, 0xff, 0xff, 0xff, 0xff, 0x03, 0xe0, 
	0xff, 0xff, 0xff, 0xff, 0xff, 0xff, 0xff, 0xff, 0xff, 0xff, 0xff, 0xff, 0xff, 0xff, 0xff, 0xff, 
	0xff, 0xff, 0xff, 0xff, 0xff, 0xff, 0xff, 0xff, 0xff, 0xff, 0xff, 0xff, 0xff, 0xff, 0xff, 0xff, 
	0xff, 0xff, 0xff, 0xff, 0xff, 0xff, 0xff, 0xff, 0xff, 0xff, 0xff, 0xff, 0xff, 0xff, 0xff, 0xff
};
// 'frame0004', 128x50px
const unsigned char epd_bitmap_frame0004 [] PROGMEM = {
	0xff, 0xff, 0xff, 0xff, 0xff, 0xff, 0xff, 0xff, 0xff, 0xff, 0xff, 0xff, 0xff, 0xff, 0xff, 0xff, 
	0xff, 0xff, 0xff, 0xff, 0xff, 0xff, 0xff, 0xff, 0xff, 0xff, 0xff, 0xff, 0xff, 0xff, 0xff, 0xff, 
	0xff, 0xff, 0xff, 0xff, 0xff, 0xff, 0xff, 0xff, 0xff, 0xff, 0xff, 0xff, 0xff, 0xff, 0xff, 0xff, 
	0xff, 0xff, 0xff, 0xff, 0xff, 0xff, 0xff, 0xff, 0xff, 0xff, 0xff, 0xff, 0xff, 0xff, 0xff, 0xff, 
	0xff, 0xff, 0xff, 0xff, 0xff, 0xff, 0xff, 0xff, 0xff, 0xff, 0xff, 0xff, 0xff, 0xff, 0xff, 0xff, 
	0xff, 0xff, 0xff, 0xff, 0xff, 0xff, 0xff, 0xff, 0xff, 0xff, 0xff, 0xff, 0xff, 0xff, 0xff, 0xff, 
	0xff, 0xff, 0xff, 0xff, 0xff, 0xff, 0xff, 0xff, 0xff, 0xff, 0xff, 0xff, 0xff, 0xff, 0xff, 0xff, 
	0xff, 0xff, 0xff, 0xff, 0xff, 0xff, 0xff, 0xff, 0xff, 0xff, 0xff, 0xff, 0xff, 0xff, 0xff, 0xff, 
	0xff, 0xff, 0xff, 0xff, 0xff, 0xff, 0xff, 0xff, 0xff, 0xff, 0xff, 0xff, 0xff, 0xff, 0xff, 0xff, 
	0xff, 0xff, 0xff, 0xff, 0xff, 0xff, 0xff, 0xff, 0xff, 0xff, 0xff, 0xff, 0xff, 0xff, 0xff, 0xff, 
	0xff, 0xff, 0xff, 0xff, 0xff, 0xff, 0xff, 0xff, 0xff, 0xff, 0xff, 0xff, 0xff, 0xff, 0xff, 0xff, 
	0xff, 0xff, 0xff, 0xff, 0xff, 0xff, 0xff, 0xff, 0xff, 0xff, 0xff, 0xff, 0xff, 0xff, 0xff, 0xff, 
	0xff, 0xff, 0xff, 0xff, 0xff, 0xff, 0xff, 0xff, 0xff, 0xff, 0xff, 0xff, 0xff, 0xff, 0xff, 0xff, 
	0xff, 0xff, 0xff, 0xff, 0xff, 0xff, 0xff, 0xff, 0xff, 0xff, 0xff, 0xff, 0xff, 0xff, 0xff, 0xff, 
	0xff, 0xff, 0xff, 0xff, 0xff, 0xff, 0xff, 0xff, 0xff, 0xff, 0xff, 0xff, 0xff, 0xff, 0xff, 0xff, 
	0xff, 0xff, 0xff, 0xff, 0xff, 0xff, 0xff, 0xff, 0xff, 0xff, 0xff, 0xff, 0xff, 0xff, 0xff, 0xff, 
	0xff, 0xff, 0xff, 0xff, 0xff, 0xff, 0xff, 0xff, 0xff, 0xff, 0xff, 0xff, 0xff, 0xff, 0xff, 0xff, 
	0xff, 0xff, 0xff, 0xff, 0xff, 0xff, 0xff, 0xff, 0xff, 0xff, 0xff, 0xff, 0xff, 0xff, 0xff, 0xff, 
	0xff, 0xff, 0xff, 0xff, 0xff, 0xff, 0xff, 0xff, 0xff, 0xff, 0xff, 0xff, 0xff, 0xff, 0xff, 0xff, 
	0xff, 0xff, 0xff, 0xff, 0xff, 0xff, 0xff, 0xff, 0xff, 0xff, 0xff, 0xff, 0xff, 0xff, 0xff, 0xff, 
	0xff, 0xff, 0xff, 0xff, 0xff, 0xff, 0xff, 0xff, 0xff, 0xff, 0xff, 0xff, 0xff, 0xff, 0xff, 0xff, 
	0xff, 0xff, 0xff, 0xff, 0xff, 0xff, 0xff, 0xff, 0xff, 0xff, 0xff, 0xff, 0xff, 0xff, 0xff, 0xff, 
	0xff, 0xff, 0xff, 0xff, 0xff, 0xff, 0xff, 0xff, 0xff, 0xff, 0xff, 0xff, 0xff, 0xff, 0xff, 0xff, 
	0xff, 0xff, 0xff, 0xff, 0xff, 0xff, 0xff, 0xff, 0xff, 0xff, 0xff, 0xff, 0xff, 0xff, 0xff, 0xff, 
	0xff, 0xff, 0xff, 0xff, 0xff, 0xff, 0xff, 0xff, 0xff, 0xff, 0xff, 0xff, 0xff, 0x7f, 0xf8, 0xff, 
	0xff, 0xf9, 0xff, 0xff, 0xff, 0xff, 0xff, 0xff, 0xff, 0xff, 0xc7, 0xff, 0xff, 0x3f, 0xf8, 0xff, 
	0xff, 0xf0, 0xff, 0xff, 0xff, 0xff, 0xff, 0xff, 0xff, 0xff, 0x83, 0xff, 0xff, 0x3f, 0xf8, 0xff, 
	0x7f, 0xe0, 0xff, 0xff, 0xff, 0xf0, 0xff, 0xff, 0xff, 0xff, 0x83, 0xff, 0xff, 0x3f, 0xf8, 0xff, 
	0x7f, 0xe0, 0xff, 0xff, 0x3f, 0xe0, 0xff, 0xff, 0xff, 0xff, 0x03, 0xfc, 0xff, 0x1f, 0xf8, 0xff, 
	0xff, 0x00, 0xff, 0xff, 0x3f, 0xe0, 0xff, 0xff, 0xff, 0xff, 0x03, 0xfc, 0xff, 0x07, 0xf8, 0xff, 
	0xff, 0x01, 0xfe, 0xff, 0x3f, 0xf0, 0xff, 0xff, 0xff, 0xff, 0x07, 0xe0, 0xff, 0x01, 0xf8, 0xff, 
	0xff, 0x01, 0xfe, 0xff, 0x3f, 0xf0, 0xff, 0xff, 0xff, 0xff, 0x07, 0xe0, 0xff, 0x01, 0xf8, 0xff, 
	0xff, 0x07, 0xe0, 0xff, 0x0f, 0xf8, 0xff, 0xff, 0xff, 0xff, 0x1f, 0x00, 0x00, 0x00, 0xff, 0xff, 
	0xff, 0x1f, 0x80, 0xff, 0x03, 0xfc, 0xff, 0xff, 0xff, 0xff, 0x7f, 0x00, 0x00, 0xc0, 0xff, 0xff, 
	0xff, 0x1f, 0x00, 0x78, 0x00, 0xfe, 0xff, 0xff, 0xff, 0xff, 0xff, 0x03, 0x00, 0xf0, 0xff, 0xff, 
	0xff, 0xff, 0x00, 0x00, 0x00, 0xff, 0xff, 0xff, 0xff, 0xff, 0xff, 0x07, 0x00, 0xfc, 0xff, 0xff, 
	0xff, 0xff, 0x03, 0x00, 0xc0, 0xff, 0xff, 0xff, 0xff, 0xff, 0xff, 0x7f, 0xe0, 0xff, 0xff, 0xff, 
	0xff, 0xff, 0x07, 0x00, 0xc0, 0xff, 0xff, 0xff, 0xff, 0xff, 0xff, 0xff, 0xff, 0xff, 0xff, 0xff, 
	0xff, 0xff, 0x3f, 0x00, 0xf8, 0xff, 0xff, 0xff, 0xff, 0xff, 0xff, 0xff, 0xff, 0xff, 0xff, 0xff, 
	0xff, 0xff, 0xff, 0x01, 0xff, 0xff, 0xff, 0xff, 0xff, 0xff, 0xff, 0xff, 0xff, 0xff, 0xff, 0xff, 
	0xff, 0xff, 0xff, 0xff, 0xff, 0xff, 0xff, 0xff, 0xff, 0xff, 0xff, 0xff, 0xff, 0xff, 0xff, 0xff, 
	0xff, 0xff, 0xff, 0xff, 0xff, 0xff, 0xff, 0xff, 0xff, 0xff, 0xff, 0xff, 0xff, 0x01, 0x80, 0xff, 
	0x1f, 0xc0, 0xff, 0xff, 0xff, 0xff, 0xff, 0xff, 0xff, 0xff, 0xff, 0xff, 0x1f, 0xf8, 0x0f, 0xfc, 
	0xc1, 0x0f, 0xfc, 0xff, 0xff, 0xff, 0xff, 0xff, 0xff, 0xff, 0xff, 0xff, 0x9f, 0xff, 0xff, 0xf8, 
	0xfe, 0xff, 0xf9, 0xff, 0xff, 0xff, 0xff, 0xff, 0xff, 0xff, 0xff, 0xff, 0x7f, 0x00, 0x00, 0xff, 
	0xf8, 0xff, 0xfc, 0xff, 0xff, 0xff, 0xff, 0xff, 0xff, 0xff, 0xff, 0xff, 0xff, 0xff, 0xff, 0xff, 
	0x03, 0x00, 0xff, 0xff, 0xff, 0xff, 0xff, 0xff, 0xff, 0xff, 0xff, 0xff, 0xff, 0xff, 0xff, 0xff, 
	0xff, 0xff, 0xff, 0xff, 0xff, 0xff, 0xff, 0xff, 0xff, 0xff, 0xff, 0xff, 0xff, 0xff, 0xff, 0xff, 
	0xff, 0xff, 0xff, 0xff, 0xff, 0xff, 0xff, 0xff, 0xff, 0xff, 0xff, 0xff, 0xff, 0xff, 0xff, 0xff, 
	0xff, 0xff, 0xff, 0xff, 0xff, 0xff, 0xff, 0xff, 0xff, 0xff, 0xff, 0xff, 0xff, 0xff, 0xff, 0xff
};
// 'frame0005', 128x50px
const unsigned char epd_bitmap_frame0005 [] PROGMEM = {
	0xff, 0xff, 0xff, 0xff, 0xff, 0xff, 0xff, 0xff, 0xff, 0xff, 0xff, 0xff, 0xff, 0xff, 0xff, 0xff, 
	0xff, 0xff, 0xff, 0xff, 0xff, 0xff, 0xff, 0xff, 0xff, 0xff, 0xff, 0xff, 0xff, 0xff, 0xff, 0xff, 
	0xff, 0xff, 0xff, 0xff, 0xff, 0xff, 0xff, 0xff, 0xff, 0xff, 0xff, 0xff, 0xff, 0xff, 0xff, 0xff, 
	0xff, 0xff, 0xff, 0xff, 0xff, 0xff, 0xff, 0xff, 0xff, 0xff, 0xff, 0xff, 0xff, 0xff, 0xff, 0xff, 
	0xff, 0xff, 0xff, 0xff, 0xff, 0xff, 0xff, 0xff, 0xff, 0xff, 0xff, 0xff, 0xff, 0xff, 0xff, 0xff, 
	0xff, 0xff, 0xff, 0xff, 0xff, 0xff, 0xff, 0xff, 0xff, 0xff, 0xff, 0xff, 0xff, 0xff, 0xff, 0xff, 
	0xff, 0xff, 0xff, 0xff, 0xff, 0xff, 0xff, 0xff, 0xff, 0xff, 0xff, 0xff, 0xff, 0xff, 0xff, 0xff, 
	0xff, 0xff, 0xff, 0xff, 0xff, 0xff, 0xff, 0xff, 0xff, 0xff, 0xff, 0xff, 0xff, 0xff, 0xff, 0xff, 
	0xff, 0xff, 0xff, 0xff, 0xff, 0xff, 0xff, 0xff, 0xff, 0xff, 0xff, 0xff, 0xff, 0xff, 0xff, 0xff, 
	0xff, 0xff, 0xff, 0xff, 0xff, 0xff, 0xff, 0xff, 0xff, 0xff, 0xff, 0xff, 0xff, 0xff, 0xff, 0xff, 
	0xff, 0xff, 0xff, 0xff, 0xff, 0xff, 0xff, 0xff, 0xff, 0xff, 0xff, 0xff, 0xff, 0xff, 0xff, 0xff, 
	0xff, 0xff, 0xff, 0xff, 0xff, 0xff, 0xff, 0xff, 0xff, 0xff, 0xff, 0xff, 0xff, 0xff, 0xff, 0xff, 
	0xff, 0xff, 0xff, 0xff, 0xff, 0xff, 0xff, 0xff, 0xff, 0xff, 0xff, 0xff, 0xff, 0xff, 0xff, 0xff, 
	0xff, 0xff, 0xff, 0xff, 0xff, 0xff, 0xff, 0xff, 0xff, 0xff, 0xff, 0xff, 0xff, 0xff, 0xff, 0xff, 
	0xff, 0xff, 0xff, 0xff, 0xff, 0xff, 0xff, 0xff, 0xff, 0xff, 0xff, 0xff, 0xff, 0xff, 0xff, 0xff, 
	0xff, 0xff, 0xff, 0xff, 0xff, 0xff, 0xff, 0xff, 0xff, 0xff, 0xff, 0xff, 0xff, 0xff, 0xff, 0xff, 
	0xff, 0xff, 0xff, 0xff, 0xff, 0xff, 0xff, 0xff, 0xff, 0xff, 0xff, 0xff, 0xff, 0xff, 0xff, 0xff, 
	0xff, 0xff, 0xff, 0xff, 0xff, 0xff, 0xff, 0xff, 0xff, 0xff, 0xff, 0xff, 0xff, 0xff, 0xff, 0xff, 
	0xff, 0xff, 0xff, 0xff, 0xff, 0xff, 0xff, 0xff, 0xff, 0xff, 0xff, 0xff, 0xff, 0xff, 0xff, 0xff, 
	0xff, 0xff, 0xff, 0xff, 0xff, 0xff, 0xff, 0xff, 0xff, 0xff, 0xff, 0xff, 0xff, 0xff, 0xff, 0xff, 
	0xff, 0xff, 0xff, 0xff, 0xff, 0xff, 0xff, 0xff, 0xff, 0xff, 0xff, 0xff, 0xff, 0xff, 0xff, 0xff, 
	0xff, 0xff, 0xff, 0xff, 0xff, 0xff, 0xff, 0xff, 0xff, 0xff, 0xff, 0xff, 0xff, 0xff, 0xff, 0xff, 
	0xff, 0xff, 0xff, 0xff, 0xff, 0xff, 0xff, 0xff, 0xff, 0xff, 0xff, 0xff, 0xff, 0xff, 0xff, 0xff, 
	0xff, 0xff, 0xff, 0xff, 0xff, 0xff, 0xff, 0xff, 0xff, 0xff, 0xff, 0xff, 0xff, 0xff, 0xff, 0xff, 
	0xff, 0xff, 0xff, 0xff, 0xff, 0xff, 0xff, 0xff, 0xff, 0xff, 0xff, 0xff, 0xff, 0x7f, 0xf8, 0xff, 
	0xff, 0xf9, 0xff, 0xff, 0xff, 0xff, 0xff, 0xff, 0xff, 0xff, 0xc7, 0xff, 0xff, 0x3f, 0xf8, 0xff, 
	0xff, 0xf0, 0xff, 0xff, 0xff, 0xff, 0xff, 0xff, 0xff, 0xff, 0x83, 0xff, 0xff, 0x3f, 0xf8, 0xff, 
	0x7f, 0xe0, 0xff, 0xff, 0xff, 0xf0, 0xff, 0xff, 0xff, 0xff, 0x83, 0xff, 0xff, 0x3f, 0xf8, 0xff, 
	0x7f, 0xe0, 0xff, 0xff, 0x3f, 0xe0, 0xff, 0xff, 0xff, 0xff, 0x03, 0xfc, 0xff, 0x1f, 0xf8, 0xff, 
	0xff, 0x00, 0xff, 0xff, 0x3f, 0xe0, 0xff, 0xff, 0xff, 0xff, 0x03, 0xfc, 0xff, 0x07, 0xf8, 0xff, 
	0xff, 0x01, 0xfe, 0xff, 0x3f, 0xf0, 0xff, 0xff, 0xff, 0xff, 0x07, 0xe0, 0xff, 0x01, 0xf8, 0xff, 
	0xff, 0x01, 0xfe, 0xff, 0x3f, 0xf0, 0xff, 0xff, 0xff, 0xff, 0x07, 0xe0, 0xff, 0x01, 0xf8, 0xff, 
	0xff, 0x07, 0xe0, 0xff, 0x0f, 0xf8, 0xff, 0xff, 0xff, 0xff, 0x1f, 0x00, 0x00, 0x00, 0xff, 0xff, 
	0xff, 0x1f, 0x80, 0xff, 0x03, 0xfc, 0xff, 0xff, 0xff, 0xff, 0x7f, 0x00, 0x00, 0xc0, 0xff, 0xff, 
	0xff, 0x1f, 0x00, 0x78, 0x00, 0xfe, 0xff, 0xff, 0xff, 0xff, 0xff, 0x03, 0x00, 0xf0, 0xff, 0xff, 
	0xff, 0xff, 0x00, 0x00, 0x00, 0xff, 0xff, 0xff, 0xff, 0xff, 0xff, 0x07, 0x00, 0xfc, 0xff, 0xff, 
	0xff, 0xff, 0x03, 0x00, 0xc0, 0xff, 0xff, 0xff, 0xff, 0xff, 0xff, 0x7f, 0xe0, 0xff, 0xff, 0xff, 
	0xff, 0xff, 0x07, 0x00, 0xc0, 0xff, 0xff, 0xff, 0xff, 0xff, 0xff, 0xff, 0xff, 0xff, 0xff, 0xff, 
	0xff, 0xff, 0x3f, 0x00, 0xf8, 0xff, 0xff, 0xff, 0xff, 0xff, 0xff, 0xff, 0xff, 0xff, 0xff, 0xff, 
	0xff, 0xff, 0xff, 0x01, 0xff, 0xff, 0xff, 0xff, 0xff, 0xff, 0xff, 0xff, 0xff, 0xff, 0xff, 0xff, 
	0xff, 0xff, 0xff, 0xff, 0xff, 0xff, 0xff, 0xff, 0xff, 0xff, 0xff, 0xff, 0xff, 0xff, 0xff, 0xff, 
	0xff, 0xff, 0xff, 0xff, 0xff, 0xff, 0xff, 0xff, 0xff, 0xff, 0xff, 0xff, 0xff, 0x01, 0x80, 0xff, 
	0x1f, 0xc0, 0xff, 0xff, 0xff, 0xff, 0xff, 0xff, 0xff, 0xff, 0xff, 0xff, 0x1f, 0xf8, 0x0f, 0xfc, 
	0xc1, 0x0f, 0xfc, 0xff, 0xff, 0xff, 0xff, 0xff, 0xff, 0xff, 0xff, 0xff, 0x9f, 0xff, 0xff, 0xf8, 
	0xfe, 0xff, 0xf9, 0xff, 0xff, 0xff, 0xff, 0xff, 0xff, 0xff, 0xff, 0xff, 0x7f, 0x00, 0x00, 0xff, 
	0xf8, 0xff, 0xfc, 0xff, 0xff, 0xff, 0xff, 0xff, 0xff, 0xff, 0xff, 0xff, 0xff, 0xff, 0xff, 0xff, 
	0x03, 0x00, 0xff, 0xff, 0xff, 0xff, 0xff, 0xff, 0xff, 0xff, 0xff, 0xff, 0xff, 0xff, 0xff, 0xff, 
	0xff, 0xff, 0xff, 0xff, 0xff, 0xff, 0xff, 0xff, 0xff, 0xff, 0xff, 0xff, 0xff, 0xff, 0xff, 0xff, 
	0xff, 0xff, 0xff, 0xff, 0xff, 0xff, 0xff, 0xff, 0xff, 0xff, 0xff, 0xff, 0xff, 0xff, 0xff, 0xff, 
	0xff, 0xff, 0xff, 0xff, 0xff, 0xff, 0xff, 0xff, 0xff, 0xff, 0xff, 0xff, 0xff, 0xff, 0xff, 0xff
};
// 'frame0006', 128x50px
const unsigned char epd_bitmap_frame0006 [] PROGMEM = {
	0xff, 0xff, 0xff, 0xff, 0xff, 0xff, 0xff, 0xff, 0xff, 0xff, 0xff, 0xff, 0xff, 0xff, 0xff, 0xff, 
	0xff, 0xff, 0xff, 0xff, 0xff, 0xff, 0xff, 0xff, 0xff, 0xff, 0xff, 0xff, 0xff, 0xff, 0xff, 0xff, 
	0xff, 0xff, 0xff, 0xff, 0xff, 0xff, 0xff, 0xff, 0xff, 0xff, 0xff, 0xff, 0xff, 0xff, 0xff, 0xff, 
	0xff, 0xff, 0xff, 0xff, 0xff, 0xff, 0xff, 0xff, 0xff, 0xff, 0xff, 0xff, 0xff, 0xff, 0xff, 0xff, 
	0xff, 0xff, 0xff, 0xff, 0xff, 0xff, 0xff, 0xff, 0xff, 0xff, 0xff, 0xff, 0xff, 0xff, 0xff, 0xff, 
	0xff, 0xff, 0xff, 0xff, 0xff, 0xff, 0xff, 0xff, 0xff, 0xff, 0xff, 0xff, 0xff, 0xff, 0xff, 0xff, 
	0xff, 0xff, 0xff, 0xff, 0xff, 0xff, 0xff, 0xff, 0xff, 0xff, 0xff, 0xff, 0xff, 0xff, 0xff, 0xff, 
	0xff, 0xff, 0xff, 0xff, 0xff, 0xff, 0xff, 0xff, 0xff, 0xff, 0xff, 0xff, 0xff, 0xff, 0xff, 0xff, 
	0xff, 0xff, 0xff, 0xff, 0xff, 0xff, 0xff, 0xff, 0xff, 0xff, 0xff, 0xff, 0xff, 0xff, 0xff, 0xff, 
	0xff, 0xff, 0xff, 0xff, 0xff, 0xff, 0xff, 0xff, 0xff, 0xff, 0xff, 0xff, 0xff, 0xff, 0xff, 0xff, 
	0xff, 0xff, 0xff, 0xff, 0xff, 0xff, 0xff, 0xff, 0xff, 0xff, 0xff, 0xff, 0xff, 0xff, 0xff, 0xff, 
	0xff, 0xff, 0xff, 0xff, 0xff, 0xff, 0xff, 0xff, 0xff, 0xff, 0xff, 0xff, 0xff, 0xff, 0xff, 0xff, 
	0xff, 0xff, 0xff, 0xff, 0xff, 0xff, 0xff, 0xff, 0xff, 0xff, 0xff, 0xff, 0xff, 0xff, 0xff, 0xff, 
	0xff, 0xff, 0xff, 0xff, 0xff, 0xff, 0xff, 0xff, 0xff, 0xff, 0xff, 0xff, 0xff, 0xff, 0xff, 0xff, 
	0xff, 0xff, 0xff, 0xff, 0xff, 0xff, 0xff, 0xff, 0xff, 0xff, 0xff, 0xff, 0xff, 0xff, 0xff, 0xff, 
	0xff, 0xff, 0xff, 0xff, 0xff, 0xff, 0xff, 0xff, 0xff, 0xff, 0xff, 0xff, 0xff, 0xff, 0xff, 0xff, 
	0xff, 0xff, 0xff, 0xff, 0xff, 0xff, 0xff, 0xff, 0xff, 0xff, 0xff, 0xff, 0xff, 0xff, 0xff, 0xff, 
	0xff, 0xff, 0xff, 0xff, 0xff, 0xff, 0xff, 0xff, 0xff, 0xff, 0xff, 0xff, 0xff, 0xff, 0xff, 0xff, 
	0xff, 0xff, 0xff, 0xff, 0xff, 0xff, 0xff, 0xff, 0xff, 0xff, 0xff, 0xff, 0xff, 0xff, 0xff, 0xff, 
	0xff, 0xff, 0xff, 0xff, 0xff, 0xff, 0xff, 0xff, 0xff, 0xff, 0xff, 0xff, 0xff, 0xff, 0xff, 0xff, 
	0xff, 0xff, 0xff, 0xff, 0xff, 0xff, 0xff, 0xff, 0xff, 0xff, 0xff, 0xff, 0xff, 0xff, 0xff, 0xff, 
	0xff, 0xff, 0xff, 0xff, 0xff, 0xff, 0xff, 0xff, 0xff, 0xff, 0xff, 0xff, 0xff, 0xff, 0xff, 0xff, 
	0xff, 0xff, 0xff, 0xff, 0xff, 0xff, 0xff, 0xff, 0xff, 0xff, 0xff, 0xff, 0xff, 0xff, 0xff, 0xff, 
	0xff, 0xff, 0xff, 0xff, 0xff, 0xff, 0xff, 0xff, 0xff, 0xff, 0xff, 0xff, 0xff, 0xff, 0xff, 0xff, 
	0xff, 0xff, 0xff, 0xff, 0xff, 0xfc, 0xff, 0xff, 0xff, 0xff, 0x00, 0x00, 0x00, 0xe0, 0xff, 0xff, 
	0xff, 0xff, 0xff, 0xff, 0x3f, 0xfc, 0xff, 0xff, 0xff, 0x1f, 0x00, 0x00, 0x00, 0xc0, 0xff, 0xff, 
	0xff, 0xff, 0xff, 0x7f, 0x00, 0xf8, 0xff, 0xff, 0xff, 0x1f, 0x00, 0x00, 0x00, 0xc0, 0xff, 0xff, 
	0xff, 0xfb, 0xff, 0x01, 0x00, 0xf8, 0xff, 0xff, 0xff, 0x1f, 0x00, 0x00, 0x00, 0xc8, 0xff, 0xff, 
	0xff, 0x00, 0x00, 0x00, 0x00, 0xf8, 0xff, 0xff, 0xff, 0x1f, 0x00, 0x00, 0x00, 0xc0, 0xff, 0xff, 
	0xff, 0x00, 0x00, 0x00, 0x00, 0xf8, 0xff, 0xff, 0xff, 0x1f, 0x00, 0x00, 0x00, 0xc4, 0xff, 0xff, 
	0xff, 0x00, 0x00, 0x00, 0x00, 0xfc, 0xff, 0xff, 0xff, 0x3f, 0x00, 0xc0, 0x04, 0xe4, 0xff, 0xff, 
	0xff, 0x00, 0x00, 0x00, 0x00, 0xfc, 0xff, 0xff, 0xff, 0x3f, 0x00, 0xc0, 0x04, 0xe4, 0xff, 0xff, 
	0xff, 0x00, 0x00, 0x00, 0x00, 0xfe, 0xff, 0xff, 0xff, 0x7f, 0x00, 0x00, 0x00, 0xf0, 0xff, 0xff, 
	0xff, 0x00, 0x00, 0x00, 0x00, 0xfe, 0xff, 0xff, 0xff, 0xff, 0x00, 0x00, 0x00, 0xf8, 0xff, 0xff, 
	0xff, 0x01, 0x00, 0x00, 0x00, 0xfe, 0xff, 0xff, 0xff, 0xff, 0x01, 0x00, 0x00, 0xf8, 0xff, 0xff, 
	0xff, 0x01, 0x00, 0x00, 0x10, 0xff, 0xff, 0xff, 0xff, 0xff, 0x03, 0x00, 0x00, 0xfe, 0xff, 0xff, 
	0xff, 0x03, 0x00, 0x00, 0xc8, 0xff, 0xff, 0xff, 0xff, 0xff, 0x0f, 0x00, 0x80, 0xff, 0xff, 0xff, 
	0xff, 0x07, 0x00, 0x00, 0xc0, 0xff, 0xff, 0xff, 0xff, 0xff, 0x7f, 0x00, 0xe0, 0xff, 0xff, 0xff, 
	0xff, 0x1f, 0x00, 0x00, 0xe0, 0xff, 0xff, 0xff, 0xff, 0xff, 0xff, 0x3f, 0xff, 0xff, 0xff, 0xff, 
	0xff, 0x7f, 0x00, 0x00, 0xf0, 0xff, 0xff, 0xff, 0xff, 0xff, 0xff, 0xff, 0xff, 0xff, 0xff, 0xff, 
	0xff, 0xff, 0x01, 0x00, 0xfe, 0xff, 0xff, 0xff, 0xff, 0xff, 0xff, 0xff, 0xff, 0xff, 0xff, 0xff, 
	0x3f, 0xe0, 0x1f, 0xf0, 0xff, 0xff, 0xff, 0xff, 0xff, 0xff, 0xff, 0xff, 0xff, 0xff, 0xff, 0xff, 
	0x83, 0x0f, 0xfc, 0xff, 0xff, 0xff, 0xff, 0xff, 0xff, 0xff, 0xff, 0xff, 0xff, 0xff, 0xff, 0xff, 
	0xfc, 0xff, 0xf1, 0xff, 0xff, 0xff, 0xff, 0xff, 0xff, 0xff, 0xff, 0xff, 0xff, 0x03, 0xfe, 0xff, 
	0xfe, 0xff, 0xf7, 0xff, 0xff, 0xff, 0xff, 0xff, 0xff, 0xff, 0xff, 0xff, 0x3f, 0xfc, 0xe0, 0xff, 
	0xfe, 0xff, 0xf3, 0xff, 0xff, 0xff, 0xff, 0xff, 0xff, 0xff, 0xff, 0xff, 0xcf, 0xff, 0xcf, 0xff, 
	0xe1, 0x7f, 0xf8, 0xff, 0xff, 0xff, 0xff, 0xff, 0xff, 0xff, 0xff, 0xff, 0x9f, 0xff, 0xe7, 0xff, 
	0x0f, 0x00, 0xff, 0xff, 0xff, 0xff, 0xff, 0xff, 0xff, 0xff, 0xff, 0xff, 0x7f, 0x00, 0xf8, 0xff, 
	0xff, 0xff, 0xff, 0xff, 0xff, 0xff, 0xff, 0xff, 0xff, 0xff, 0xff, 0xff, 0xff, 0xff, 0xff, 0xff, 
	0xff, 0xff, 0xff, 0xff, 0xff, 0xff, 0xff, 0xff, 0xff, 0xff, 0xff, 0xff, 0xff, 0xff, 0xff, 0xff
};
// 'frame0007', 128x50px
const unsigned char epd_bitmap_frame0007 [] PROGMEM = {
	0xff, 0xff, 0xff, 0xff, 0xff, 0xff, 0xff, 0xff, 0xff, 0xff, 0xff, 0xff, 0xff, 0xff, 0xff, 0xff, 
	0xff, 0xff, 0xff, 0xff, 0xff, 0xff, 0xff, 0xff, 0xff, 0xff, 0xff, 0xff, 0xff, 0xff, 0xff, 0xff, 
	0xff, 0xff, 0xff, 0xff, 0xff, 0xff, 0xff, 0xff, 0xff, 0xff, 0xff, 0xff, 0xff, 0xff, 0xff, 0xff, 
	0xff, 0xff, 0xff, 0xff, 0xff, 0xff, 0xff, 0xff, 0xff, 0xff, 0xff, 0xff, 0xff, 0xff, 0xff, 0xff, 
	0xff, 0xff, 0xff, 0xff, 0xff, 0xff, 0xff, 0xff, 0xff, 0xff, 0xff, 0xff, 0xff, 0xff, 0xff, 0xff, 
	0xff, 0xff, 0xff, 0xff, 0xff, 0xff, 0xff, 0xff, 0xff, 0xff, 0xff, 0xff, 0xff, 0xff, 0xff, 0xff, 
	0xff, 0xff, 0xff, 0xff, 0xff, 0xff, 0xff, 0xff, 0xff, 0xff, 0xff, 0xff, 0xff, 0xff, 0xff, 0xff, 
	0xff, 0xff, 0xff, 0xff, 0xff, 0xff, 0xff, 0xff, 0xff, 0xff, 0xff, 0xff, 0xff, 0xff, 0xff, 0xff, 
	0xff, 0xff, 0xff, 0xff, 0xff, 0xff, 0xff, 0xff, 0xff, 0xff, 0xff, 0xff, 0xff, 0xff, 0xff, 0xff, 
	0xff, 0xff, 0xff, 0xff, 0xff, 0xff, 0xff, 0xff, 0xff, 0xff, 0xff, 0xff, 0xff, 0xff, 0xff, 0xff, 
	0xff, 0xff, 0xff, 0xff, 0xff, 0xff, 0xff, 0xff, 0xff, 0xff, 0xff, 0xff, 0xff, 0xff, 0xff, 0xff, 
	0xff, 0xff, 0xff, 0xff, 0xff, 0xff, 0xff, 0xff, 0xff, 0xff, 0xff, 0xff, 0xff, 0xff, 0xff, 0xff, 
	0xff, 0xff, 0xff, 0xff, 0xff, 0xff, 0xff, 0xff, 0xff, 0xff, 0xff, 0xff, 0xff, 0xff, 0xff, 0xff, 
	0xff, 0xff, 0xff, 0xff, 0xff, 0xff, 0xff, 0xff, 0xff, 0xff, 0xff, 0xff, 0xff, 0xff, 0xff, 0xff, 
	0xff, 0xff, 0xff, 0xff, 0xff, 0xff, 0xff, 0xff, 0xff, 0xff, 0xff, 0xff, 0xff, 0xff, 0xff, 0xff, 
	0xff, 0xff, 0xff, 0xff, 0xff, 0xff, 0xff, 0xff, 0xff, 0xff, 0xff, 0xff, 0xff, 0xff, 0xff, 0xff, 
	0xff, 0xff, 0xff, 0xff, 0xff, 0xff, 0xff, 0xff, 0xff, 0xff, 0xff, 0xff, 0xff, 0xff, 0xff, 0xff, 
	0xff, 0xff, 0xff, 0xff, 0xff, 0xff, 0xff, 0xff, 0xff, 0xff, 0xff, 0xff, 0xff, 0xff, 0xff, 0xff, 
	0xff, 0xff, 0xff, 0xff, 0xff, 0xff, 0xff, 0xff, 0xff, 0xff, 0xff, 0xff, 0xff, 0xff, 0xff, 0xff, 
	0xff, 0xff, 0xff, 0xff, 0xff, 0xff, 0xff, 0xff, 0xff, 0xff, 0xff, 0xff, 0xff, 0xff, 0xff, 0xff, 
	0xff, 0xff, 0xff, 0xff, 0xff, 0xff, 0xff, 0xff, 0xff, 0xff, 0xff, 0xff, 0xff, 0xff, 0xff, 0xff, 
	0xff, 0xff, 0xff, 0xff, 0xff, 0xff, 0xff, 0xff, 0xff, 0xff, 0xff, 0xff, 0xff, 0xff, 0xff, 0xff, 
	0xff, 0xff, 0xff, 0xff, 0xff, 0xff, 0xff, 0xff, 0xff, 0xff, 0xff, 0xff, 0xff, 0xff, 0xff, 0xff, 
	0xff, 0xff, 0xff, 0xff, 0xff, 0xff, 0xff, 0xff, 0xff, 0xff, 0xff, 0xff, 0xff, 0xff, 0xff, 0xff, 
	0xff, 0xff, 0xff, 0xff, 0xff, 0xfc, 0xff, 0xff, 0xff, 0xff, 0x00, 0x00, 0x00, 0xe0, 0xff, 0xff, 
	0xff, 0xff, 0xff, 0xff, 0x3f, 0xfc, 0xff, 0xff, 0xff, 0x1f, 0x00, 0x00, 0x00, 0xc0, 0xff, 0xff, 
	0xff, 0xff, 0xff, 0x7f, 0x00, 0xf8, 0xff, 0xff, 0xff, 0x1f, 0x00, 0x00, 0x00, 0xc0, 0xff, 0xff, 
	0xff, 0xfb, 0xff, 0x01, 0x00, 0xf8, 0xff, 0xff, 0xff, 0x1f, 0x00, 0x00, 0x00, 0xc8, 0xff, 0xff, 
	0xff, 0x00, 0x00, 0x00, 0x00, 0xf8, 0xff, 0xff, 0xff, 0x1f, 0x00, 0x00, 0x00, 0xc0, 0xff, 0xff, 
	0xff, 0x00, 0x00, 0x00, 0x00, 0xf8, 0xff, 0xff, 0xff, 0x1f, 0x00, 0x00, 0x00, 0xc4, 0xff, 0xff, 
	0xff, 0x00, 0x00, 0x00, 0x00, 0xfc, 0xff, 0xff, 0xff, 0x3f, 0x00, 0xc0, 0x04, 0xe4, 0xff, 0xff, 
	0xff, 0x00, 0x00, 0x00, 0x00, 0xfc, 0xff, 0xff, 0xff, 0x3f, 0x00, 0xc0, 0x04, 0xe4, 0xff, 0xff, 
	0xff, 0x00, 0x00, 0x00, 0x00, 0xfe, 0xff, 0xff, 0xff, 0x7f, 0x00, 0x00, 0x00, 0xf0, 0xff, 0xff, 
	0xff, 0x00, 0x00, 0x00, 0x00, 0xfe, 0xff, 0xff, 0xff, 0xff, 0x00, 0x00, 0x00, 0xf8, 0xff, 0xff, 
	0xff, 0x01, 0x00, 0x00, 0x00, 0xfe, 0xff, 0xff, 0xff, 0xff, 0x01, 0x00, 0x00, 0xf8, 0xff, 0xff, 
	0xff, 0x01, 0x00, 0x00, 0x10, 0xff, 0xff, 0xff, 0xff, 0xff, 0x03, 0x00, 0x00, 0xfe, 0xff, 0xff, 
	0xff, 0x03, 0x00, 0x00, 0xc8, 0xff, 0xff, 0xff, 0xff, 0xff, 0x0f, 0x00, 0x80, 0xff, 0xff, 0xff, 
	0xff, 0x07, 0x00, 0x00, 0xc0, 0xff, 0xff, 0xff, 0xff, 0xff, 0x7f, 0x00, 0xe0, 0xff, 0xff, 0xff, 
	0xff, 0x1f, 0x00, 0x00, 0xe0, 0xff, 0xff, 0xff, 0xff, 0xff, 0xff, 0x3f, 0xff, 0xff, 0xff, 0xff, 
	0xff, 0x7f, 0x00, 0x00, 0xf0, 0xff, 0xff, 0xff, 0xff, 0xff, 0xff, 0xff, 0xff, 0xff, 0xff, 0xff, 
	0xff, 0xff, 0x01, 0x00, 0xfe, 0xff, 0xff, 0xff, 0xff, 0xff, 0xff, 0xff, 0xff, 0xff, 0xff, 0xff, 
	0x3f, 0xe0, 0x1f, 0xf0, 0xff, 0xff, 0xff, 0xff, 0xff, 0xff, 0xff, 0xff, 0xff, 0xff, 0xff, 0xff, 
	0x83, 0x0f, 0xfc, 0xff, 0xff, 0xff, 0xff, 0xff, 0xff, 0xff, 0xff, 0xff, 0xff, 0xff, 0xff, 0xff, 
	0xfc, 0xff, 0xf1, 0xff, 0xff, 0xff, 0xff, 0xff, 0xff, 0xff, 0xff, 0xff, 0xff, 0x03, 0xfe, 0xff, 
	0xfe, 0xff, 0xf7, 0xff, 0xff, 0xff, 0xff, 0xff, 0xff, 0xff, 0xff, 0xff, 0x3f, 0xfc, 0xe0, 0xff, 
	0xfe, 0xff, 0xf3, 0xff, 0xff, 0xff, 0xff, 0xff, 0xff, 0xff, 0xff, 0xff, 0xcf, 0xff, 0xcf, 0xff, 
	0xe1, 0x7f, 0xf8, 0xff, 0xff, 0xff, 0xff, 0xff, 0xff, 0xff, 0xff, 0xff, 0x9f, 0xff, 0xe7, 0xff, 
	0x0f, 0x00, 0xff, 0xff, 0xff, 0xff, 0xff, 0xff, 0xff, 0xff, 0xff, 0xff, 0x7f, 0x00, 0xf8, 0xff, 
	0xff, 0xff, 0xff, 0xff, 0xff, 0xff, 0xff, 0xff, 0xff, 0xff, 0xff, 0xff, 0xff, 0xff, 0xff, 0xff, 
	0xff, 0xff, 0xff, 0xff, 0xff, 0xff, 0xff, 0xff, 0xff, 0xff, 0xff, 0xff, 0xff, 0xff, 0xff, 0xff
};
// 'frame0008', 128x50px
const unsigned char epd_bitmap_frame0008 [] PROGMEM = {
	0xff, 0xff, 0xff, 0xff, 0xff, 0xff, 0xff, 0xff, 0xff, 0xff, 0xff, 0xff, 0xff, 0xff, 0xff, 0xff, 
	0xff, 0xff, 0xff, 0xff, 0xff, 0xff, 0xff, 0xff, 0xff, 0xff, 0xff, 0xff, 0xff, 0xff, 0xff, 0xff, 
	0xff, 0xff, 0xff, 0xff, 0xff, 0xff, 0xff, 0xff, 0xff, 0xff, 0xff, 0xff, 0xff, 0xff, 0xff, 0xff, 
	0xff, 0xff, 0xff, 0xff, 0xff, 0xff, 0xff, 0xff, 0xff, 0xff, 0xff, 0xff, 0xff, 0xff, 0xff, 0xff, 
	0xff, 0xff, 0xff, 0xff, 0xff, 0xff, 0xff, 0xff, 0xff, 0xff, 0xff, 0xff, 0xff, 0xff, 0xff, 0xff, 
	0xff, 0xff, 0xff, 0xff, 0xff, 0xff, 0xff, 0xff, 0xff, 0xff, 0xff, 0xff, 0xff, 0xff, 0xff, 0xff, 
	0xff, 0xff, 0xff, 0xff, 0xff, 0xff, 0xff, 0xff, 0xff, 0xff, 0xff, 0xff, 0xff, 0xff, 0xff, 0xff, 
	0xff, 0xff, 0xff, 0xff, 0xff, 0xff, 0xff, 0xff, 0xff, 0xff, 0xff, 0xff, 0xff, 0xff, 0xff, 0xff, 
	0xff, 0xff, 0xff, 0xff, 0xff, 0xff, 0xff, 0xff, 0xff, 0xff, 0xff, 0xff, 0xff, 0xff, 0xff, 0xff, 
	0xff, 0xff, 0xff, 0xff, 0xff, 0xff, 0xff, 0xff, 0xff, 0xff, 0xff, 0xff, 0xff, 0xff, 0xff, 0xff, 
	0xff, 0xff, 0xff, 0xff, 0xff, 0xff, 0xff, 0xff, 0xff, 0xff, 0xff, 0xff, 0xff, 0xff, 0xff, 0xff, 
	0xff, 0xff, 0xff, 0xff, 0xff, 0xff, 0xff, 0xff, 0xff, 0xff, 0xff, 0xff, 0xff, 0xff, 0xff, 0xff, 
	0xff, 0xff, 0xff, 0xff, 0xff, 0xff, 0xff, 0xff, 0xff, 0xff, 0xff, 0xff, 0xff, 0xff, 0xff, 0xff, 
	0xff, 0xff, 0xff, 0xff, 0xff, 0xff, 0xff, 0xff, 0xff, 0xff, 0xff, 0xff, 0xff, 0xff, 0xff, 0xff, 
	0xff, 0xff, 0xff, 0xff, 0xff, 0xff, 0xff, 0xff, 0xff, 0xff, 0xff, 0x3f, 0xf0, 0xff, 0xff, 0xff, 
	0xff, 0xff, 0xff, 0xff, 0xff, 0xff, 0xff, 0xff, 0xff, 0xff, 0xff, 0x87, 0x83, 0xff, 0xff, 0xff, 
	0xff, 0xff, 0x7f, 0x00, 0xe0, 0xff, 0xff, 0xff, 0xff, 0xff, 0x7f, 0x00, 0x18, 0xfc, 0xff, 0xff, 
	0xff, 0xff, 0x07, 0x00, 0x00, 0xff, 0xff, 0xff, 0xff, 0xff, 0x1f, 0x04, 0x80, 0xf8, 0xff, 0xff, 
	0xff, 0xff, 0xe1, 0x07, 0x20, 0xfc, 0xff, 0xff, 0xff, 0xff, 0x87, 0x07, 0x00, 0xf2, 0xff, 0xff, 
	0xff, 0xff, 0xe1, 0x07, 0x20, 0xfc, 0xff, 0xff, 0xff, 0xff, 0x87, 0x07, 0x00, 0xf2, 0xff, 0xff, 
	0xff, 0x7f, 0xf8, 0x07, 0x00, 0xf8, 0xff, 0xff, 0xff, 0xff, 0xe1, 0x07, 0x00, 0xe4, 0xff, 0xff, 
	0xff, 0x1f, 0xfe, 0x01, 0x00, 0xf2, 0xff, 0xff, 0xff, 0xff, 0xf8, 0x03, 0x00, 0xc8, 0xff, 0xff, 
	0xff, 0x8f, 0xff, 0x09, 0x00, 0xf0, 0xff, 0xff, 0xff, 0x7f, 0xfc, 0x03, 0x00, 0xc0, 0xff, 0xff, 
	0xff, 0xe7, 0xff, 0x00, 0x00, 0xe4, 0xff, 0xff, 0xff, 0x3f, 0xff, 0x00, 0x00, 0x80, 0xff, 0xff, 
	0xff, 0xf7, 0xff, 0x00, 0x00, 0xe0, 0xff, 0xff, 0xff, 0x3f, 0xff, 0x00, 0x00, 0xa0, 0xff, 0xff, 
	0xff, 0xf3, 0xff, 0x00, 0x00, 0xe8, 0xff, 0xff, 0xff, 0x9f, 0x7f, 0x00, 0x00, 0x00, 0xff, 0xff, 
	0xff, 0xf9, 0x7f, 0x00, 0x00, 0xe8, 0xff, 0xff, 0xff, 0x9f, 0x7f, 0x00, 0x00, 0x00, 0xff, 0xff, 
	0xff, 0xf9, 0x7f, 0x00, 0x00, 0xe8, 0xff, 0xff, 0xff, 0x87, 0x3f, 0x01, 0x00, 0x00, 0xff, 0xff, 
	0xff, 0xf9, 0x7f, 0x00, 0x00, 0xe8, 0xff, 0xff, 0xff, 0x9f, 0x3f, 0x00, 0x00, 0x40, 0xff, 0xff, 
	0xff, 0xf3, 0x7f, 0x00, 0x00, 0xe8, 0xff, 0xff, 0xff, 0x9f, 0x1f, 0x00, 0x00, 0x40, 0xff, 0xff, 
	0xff, 0xf3, 0x3f, 0x02, 0x00, 0xe8, 0xff, 0xff, 0xff, 0x9f, 0x0f, 0x00, 0x00, 0x40, 0xff, 0xff, 
	0xff, 0xf3, 0x3f, 0x00, 0x00, 0xe8, 0xff, 0xff, 0xff, 0x9f, 0x0f, 0x00, 0x00, 0x40, 0xff, 0xff, 
	0xff, 0xe7, 0x3f, 0x00, 0x00, 0xe8, 0xff, 0xff, 0xff, 0x3f, 0x0f, 0x00, 0x00, 0x40, 0xff, 0xff, 
	0xff, 0x8f, 0x9f, 0x00, 0x00, 0xe0, 0xff, 0xff, 0xff, 0x7f, 0x07, 0x00, 0x00, 0x40, 0xff, 0xff, 
	0xff, 0x1f, 0x1f, 0x00, 0x00, 0xe4, 0xff, 0xff, 0xff, 0x7f, 0x00, 0x00, 0x00, 0x00, 0xff, 0xff, 
	0xff, 0x1f, 0x0e, 0x00, 0x00, 0xf0, 0xff, 0xff, 0xff, 0xff, 0x08, 0x00, 0x00, 0x20, 0xff, 0xff, 
	0xff, 0x7f, 0x00, 0x00, 0x00, 0xf0, 0xff, 0xff, 0xff, 0xff, 0x01, 0x00, 0x00, 0x90, 0xff, 0xff, 
	0xff, 0xff, 0x01, 0x00, 0xc0, 0xf8, 0xff, 0xff, 0xff, 0xff, 0x03, 0x00, 0x00, 0xc4, 0xff, 0xff, 
	0xff, 0xff, 0x03, 0x00, 0x10, 0xfe, 0xff, 0xff, 0xff, 0xff, 0x9f, 0x00, 0x80, 0xe1, 0xff, 0xff, 
	0xff, 0x83, 0x7f, 0xf0, 0x03, 0xff, 0xff, 0xff, 0xff, 0xff, 0x3f, 0x80, 0x01, 0xf8, 0xff, 0xff, 
	0x1f, 0x78, 0xe0, 0x00, 0xf0, 0xff, 0xff, 0xff, 0xff, 0xff, 0xff, 0x00, 0x80, 0xff, 0xff, 0xff, 
	0xe7, 0xff, 0xcf, 0xff, 0xff, 0xff, 0xff, 0xff, 0xff, 0xff, 0xff, 0xff, 0xff, 0xff, 0xff, 0xff, 
	0xf7, 0xff, 0xbf, 0xff, 0xff, 0xff, 0xff, 0xff, 0xff, 0xff, 0xff, 0xff, 0xff, 0xff, 0xff, 0xff, 
	0xf3, 0xff, 0xbf, 0xff, 0xff, 0xff, 0xff, 0xff, 0xff, 0xff, 0xff, 0xff, 0xff, 0x07, 0xe0, 0xff, 
	0xe7, 0xff, 0x9f, 0xff, 0xff, 0xff, 0xff, 0xff, 0xff, 0xff, 0xff, 0xff, 0x7f, 0xe0, 0x07, 0xff, 
	0x0f, 0xff, 0xe1, 0xff, 0xff, 0xff, 0xff, 0xff, 0xff, 0xff, 0xff, 0xff, 0x9f, 0xff, 0xff, 0xfc, 
	0x7f, 0x00, 0xfc, 0xff, 0xff, 0xff, 0xff, 0xff, 0xff, 0xff, 0xff, 0xff, 0x3f, 0xfe, 0x3f, 0xfe, 
	0xff, 0xff, 0xff, 0xff, 0xff, 0xff, 0xff, 0xff, 0xff, 0xff, 0xff, 0xff, 0xff, 0x00, 0x80, 0xff, 
	0xff, 0xff, 0xff, 0xff, 0xff, 0xff, 0xff, 0xff, 0xff, 0xff, 0xff, 0xff, 0xff, 0xff, 0xff, 0xff, 
	0xff, 0xff, 0xff, 0xff, 0xff, 0xff, 0xff, 0xff, 0xff, 0xff, 0xff, 0xff, 0xff, 0xff, 0xff, 0xff
};
// 'frame0009', 128x50px
const unsigned char epd_bitmap_frame0009 [] PROGMEM = {
	0xff, 0xff, 0xff, 0xff, 0xff, 0xff, 0xff, 0xff, 0xff, 0xff, 0xff, 0xff, 0xff, 0xff, 0xff, 0xff, 
	0xff, 0xff, 0xff, 0xff, 0xff, 0xff, 0xff, 0xff, 0xff, 0xff, 0xff, 0xff, 0xff, 0xff, 0xff, 0xff, 
	0xff, 0xff, 0xff, 0xff, 0xff, 0xff, 0xff, 0xff, 0xff, 0xff, 0xff, 0xff, 0xff, 0xff, 0xff, 0xff, 
	0xff, 0xff, 0xff, 0xff, 0xff, 0xff, 0xff, 0xff, 0xff, 0xff, 0xff, 0xff, 0xff, 0xff, 0xff, 0xff, 
	0xff, 0xff, 0xff, 0xff, 0xff, 0xff, 0xff, 0xff, 0xff, 0xff, 0xff, 0xff, 0xff, 0xff, 0xff, 0xff, 
	0xff, 0xff, 0xff, 0xff, 0xff, 0xff, 0xff, 0xff, 0xff, 0xff, 0xff, 0xff, 0xff, 0xff, 0xff, 0xff, 
	0xff, 0xff, 0xff, 0xff, 0xff, 0xff, 0xff, 0xff, 0xff, 0xff, 0xff, 0xff, 0xff, 0xff, 0xff, 0xff, 
	0xff, 0xff, 0xff, 0xff, 0xff, 0xff, 0xff, 0xff, 0xff, 0xff, 0xff, 0xff, 0xff, 0xff, 0xff, 0xff, 
	0xff, 0xff, 0xff, 0xff, 0xff, 0xff, 0xff, 0xff, 0xff, 0xff, 0xff, 0xff, 0xff, 0xff, 0xff, 0xff, 
	0xff, 0xff, 0xff, 0xff, 0xff, 0xff, 0xff, 0xff, 0xff, 0xff, 0xff, 0xff, 0xff, 0xff, 0xff, 0xff, 
	0xff, 0xff, 0xff, 0xff, 0xff, 0xff, 0xff, 0xff, 0xff, 0xff, 0xff, 0xff, 0xff, 0xff, 0xff, 0xff, 
	0xff, 0xff, 0xff, 0xff, 0xff, 0xff, 0xff, 0xff, 0xff, 0xff, 0xff, 0xff, 0xff, 0xff, 0xff, 0xff, 
	0xff, 0xff, 0xff, 0xff, 0xff, 0xff, 0xff, 0xff, 0xff, 0xff, 0xff, 0xff, 0xff, 0xff, 0xff, 0xff, 
	0xff, 0xff, 0xff, 0xff, 0xff, 0xff, 0xff, 0xff, 0xff, 0xff, 0xff, 0xff, 0xff, 0xff, 0xff, 0xff, 
	0xff, 0xff, 0xff, 0xff, 0xff, 0xff, 0xff, 0xff, 0xff, 0xff, 0xff, 0x3f, 0xf0, 0xff, 0xff, 0xff, 
	0xff, 0xff, 0xff, 0xff, 0xff, 0xff, 0xff, 0xff, 0xff, 0xff, 0xff, 0x87, 0x83, 0xff, 0xff, 0xff, 
	0xff, 0xff, 0x7f, 0x00, 0xe0, 0xff, 0xff, 0xff, 0xff, 0xff, 0x7f, 0x00, 0x18, 0xfc, 0xff, 0xff, 
	0xff, 0xff, 0x07, 0x00, 0x00, 0xff, 0xff, 0xff, 0xff, 0xff, 0x1f, 0x04, 0x80, 0xf8, 0xff, 0xff, 
	0xff, 0xff, 0xe1, 0x07, 0x20, 0xfc, 0xff, 0xff, 0xff, 0xff, 0x87, 0x07, 0x00, 0xf2, 0xff, 0xff, 
	0xff, 0xff, 0xe1, 0x07, 0x20, 0xfc, 0xff, 0xff, 0xff, 0xff, 0x87, 0x07, 0x00, 0xf2, 0xff, 0xff, 
	0xff, 0x7f, 0xf8, 0x07, 0x00, 0xf8, 0xff, 0xff, 0xff, 0xff, 0xe1, 0x07, 0x00, 0xe4, 0xff, 0xff, 
	0xff, 0x1f, 0xfe, 0x01, 0x00, 0xf2, 0xff, 0xff, 0xff, 0xff, 0xf8, 0x03, 0x00, 0xc8, 0xff, 0xff, 
	0xff, 0x8f, 0xff, 0x09, 0x00, 0xf0, 0xff, 0xff, 0xff, 0x7f, 0xfc, 0x03, 0x00, 0xc0, 0xff, 0xff, 
	0xff, 0xe7, 0xff, 0x00, 0x00, 0xe4, 0xff, 0xff, 0xff, 0x3f, 0xff, 0x00, 0x00, 0x80, 0xff, 0xff, 
	0xff, 0xf7, 0xff, 0x00, 0x00, 0xe0, 0xff, 0xff, 0xff, 0x3f, 0xff, 0x00, 0x00, 0xa0, 0xff, 0xff, 
	0xff, 0xf3, 0xff, 0x00, 0x00, 0xe8, 0xff, 0xff, 0xff, 0x9f, 0x7f, 0x00, 0x00, 0x00, 0xff, 0xff, 
	0xff, 0xf9, 0x7f, 0x00, 0x00, 0xe8, 0xff, 0xff, 0xff, 0x9f, 0x7f, 0x00, 0x00, 0x00, 0xff, 0xff, 
	0xff, 0xf9, 0x7f, 0x00, 0x00, 0xe8, 0xff, 0xff, 0xff, 0x87, 0x3f, 0x01, 0x00, 0x00, 0xff, 0xff, 
	0xff, 0xf9, 0x7f, 0x00, 0x00, 0xe8, 0xff, 0xff, 0xff, 0x9f, 0x3f, 0x00, 0x00, 0x40, 0xff, 0xff, 
	0xff, 0xf3, 0x7f, 0x00, 0x00, 0xe8, 0xff, 0xff, 0xff, 0x9f, 0x1f, 0x00, 0x00, 0x40, 0xff, 0xff, 
	0xff, 0xf3, 0x3f, 0x02, 0x00, 0xe8, 0xff, 0xff, 0xff, 0x9f, 0x0f, 0x00, 0x00, 0x40, 0xff, 0xff, 
	0xff, 0xf3, 0x3f, 0x00, 0x00, 0xe8, 0xff, 0xff, 0xff, 0x9f, 0x0f, 0x00, 0x00, 0x40, 0xff, 0xff, 
	0xff, 0xe7, 0x3f, 0x00, 0x00, 0xe8, 0xff, 0xff, 0xff, 0x3f, 0x0f, 0x00, 0x00, 0x40, 0xff, 0xff, 
	0xff, 0x8f, 0x9f, 0x00, 0x00, 0xe0, 0xff, 0xff, 0xff, 0x7f, 0x07, 0x00, 0x00, 0x40, 0xff, 0xff, 
	0xff, 0x1f, 0x1f, 0x00, 0x00, 0xe4, 0xff, 0xff, 0xff, 0x7f, 0x00, 0x00, 0x00, 0x00, 0xff, 0xff, 
	0xff, 0x1f, 0x0e, 0x00, 0x00, 0xf0, 0xff, 0xff, 0xff, 0xff, 0x08, 0x00, 0x00, 0x20, 0xff, 0xff, 
	0xff, 0x7f, 0x00, 0x00, 0x00, 0xf0, 0xff, 0xff, 0xff, 0xff, 0x01, 0x00, 0x00, 0x90, 0xff, 0xff, 
	0xff, 0xff, 0x01, 0x00, 0xc0, 0xf8, 0xff, 0xff, 0xff, 0xff, 0x03, 0x00, 0x00, 0xc4, 0xff, 0xff, 
	0xff, 0xff, 0x03, 0x00, 0x10, 0xfe, 0xff, 0xff, 0xff, 0xff, 0x9f, 0x00, 0x80, 0xe1, 0xff, 0xff, 
	0xff, 0x83, 0x7f, 0xf0, 0x03, 0xff, 0xff, 0xff, 0xff, 0xff, 0x3f, 0x80, 0x01, 0xf8, 0xff, 0xff, 
	0x1f, 0x78, 0xe0, 0x00, 0xf0, 0xff, 0xff, 0xff, 0xff, 0xff, 0xff, 0x00, 0x80, 0xff, 0xff, 0xff, 
	0xe7, 0xff, 0xcf, 0xff, 0xff, 0xff, 0xff, 0xff, 0xff, 0xff, 0xff, 0xff, 0xff, 0xff, 0xff, 0xff, 
	0xf7, 0xff, 0xbf, 0xff, 0xff, 0xff, 0xff, 0xff, 0xff, 0xff, 0xff, 0xff, 0xff, 0xff, 0xff, 0xff, 
	0xf3, 0xff, 0xbf, 0xff, 0xff, 0xff, 0xff, 0xff, 0xff, 0xff, 0xff, 0xff, 0xff, 0x07, 0xe0, 0xff, 
	0xe7, 0xff, 0x9f, 0xff, 0xff, 0xff, 0xff, 0xff, 0xff, 0xff, 0xff, 0xff, 0x7f, 0xe0, 0x07, 0xff, 
	0x0f, 0xff, 0xe1, 0xff, 0xff, 0xff, 0xff, 0xff, 0xff, 0xff, 0xff, 0xff, 0x9f, 0xff, 0xff, 0xfc, 
	0x7f, 0x00, 0xfc, 0xff, 0xff, 0xff, 0xff, 0xff, 0xff, 0xff, 0xff, 0xff, 0x3f, 0xfe, 0x3f, 0xfe, 
	0xff, 0xff, 0xff, 0xff, 0xff, 0xff, 0xff, 0xff, 0xff, 0xff, 0xff, 0xff, 0xff, 0x00, 0x80, 0xff, 
	0xff, 0xff, 0xff, 0xff, 0xff, 0xff, 0xff, 0xff, 0xff, 0xff, 0xff, 0xff, 0xff, 0xff, 0xff, 0xff, 
	0xff, 0xff, 0xff, 0xff, 0xff, 0xff, 0xff, 0xff, 0xff, 0xff, 0xff, 0xff, 0xff, 0xff, 0xff, 0xff
};
// 'frame0010', 128x50px
const unsigned char epd_bitmap_frame0010 [] PROGMEM = {
	0xff, 0xff, 0xff, 0xff, 0xff, 0xff, 0xff, 0xff, 0xff, 0xff, 0xff, 0xff, 0xff, 0xff, 0xff, 0xff, 
	0xff, 0xff, 0xff, 0xff, 0xff, 0xff, 0xff, 0xff, 0xff, 0xff, 0xff, 0xff, 0xff, 0xff, 0xff, 0xff, 
	0xff, 0xff, 0xff, 0xff, 0xff, 0xff, 0xff, 0xff, 0xff, 0xff, 0xff, 0xff, 0xff, 0xff, 0xff, 0xff, 
	0xff, 0xff, 0xff, 0xff, 0xff, 0xff, 0xff, 0xff, 0xff, 0xff, 0xff, 0xff, 0xff, 0xff, 0xff, 0xff, 
	0xff, 0xff, 0xff, 0xff, 0xff, 0xff, 0xff, 0xff, 0xff, 0xff, 0xff, 0xff, 0xff, 0xff, 0xff, 0xff, 
	0xff, 0xff, 0xff, 0xff, 0xff, 0xff, 0xff, 0xff, 0xff, 0xff, 0xff, 0xff, 0xff, 0xff, 0xff, 0xff, 
	0xff, 0xff, 0xff, 0xff, 0xff, 0xff, 0xff, 0xff, 0xff, 0xff, 0xff, 0xff, 0xff, 0xff, 0xff, 0xff, 
	0xff, 0xff, 0xff, 0xff, 0xff, 0xff, 0xff, 0xff, 0xff, 0xff, 0xff, 0xff, 0xff, 0xff, 0xff, 0xff, 
	0xff, 0xff, 0xff, 0xff, 0xff, 0xff, 0xff, 0xff, 0xff, 0xff, 0xff, 0xff, 0xff, 0xff, 0xff, 0xff, 
	0xff, 0xff, 0xff, 0xff, 0xff, 0xff, 0xff, 0xff, 0xff, 0xff, 0xff, 0xff, 0xff, 0xff, 0xff, 0xff, 
	0xff, 0xff, 0x7f, 0x00, 0xfc, 0xff, 0xff, 0xff, 0xff, 0xff, 0xff, 0xff, 0x0f, 0xf1, 0xff, 0xff, 
	0xff, 0xff, 0x9f, 0xbf, 0xc0, 0xff, 0xff, 0xff, 0xff, 0xff, 0xff, 0xff, 0x63, 0xc0, 0xff, 0xff, 
	0xff, 0xff, 0xe3, 0x3f, 0x00, 0xfc, 0xff, 0xff, 0xff, 0xff, 0xff, 0x3f, 0x1c, 0xb0, 0xff, 0xff, 
	0xff, 0xff, 0xf9, 0x7f, 0x00, 0xfd, 0xff, 0xff, 0xff, 0xff, 0xff, 0xcf, 0x1f, 0x40, 0xfe, 0xff, 
	0xff, 0xff, 0xfe, 0x3f, 0x00, 0xfa, 0xff, 0xff, 0xff, 0xff, 0xff, 0xf7, 0x0f, 0x00, 0xf8, 0xff, 
	0xff, 0x7f, 0xff, 0x3f, 0x00, 0xf0, 0xff, 0xff, 0xff, 0xff, 0xff, 0xf8, 0x0f, 0x00, 0xf0, 0xff, 
	0xff, 0x8f, 0xff, 0x1f, 0x00, 0xf0, 0xff, 0xff, 0xff, 0xff, 0x7f, 0xfc, 0x07, 0x00, 0xf0, 0xff, 
	0xff, 0xef, 0xff, 0x1f, 0x00, 0xe0, 0xff, 0xff, 0xff, 0xff, 0xbf, 0xff, 0x17, 0x00, 0xe0, 0xff, 
	0xff, 0xf7, 0xff, 0x0f, 0x00, 0xe8, 0xff, 0xff, 0xff, 0xff, 0xdf, 0xff, 0x17, 0x00, 0xe0, 0xff, 
	0xff, 0xf7, 0xff, 0x0f, 0x00, 0xe8, 0xff, 0xff, 0xff, 0xff, 0xdf, 0xff, 0x17, 0x00, 0xe0, 0xff, 
	0xff, 0xf7, 0xff, 0x0f, 0x00, 0xc0, 0xff, 0xff, 0xff, 0xff, 0x8f, 0xff, 0x07, 0x00, 0xe0, 0xff, 
	0xff, 0xf3, 0xff, 0x07, 0x00, 0xd0, 0xff, 0xff, 0xff, 0xff, 0x8f, 0xff, 0x07, 0x00, 0xe0, 0xff, 
	0xff, 0xf3, 0xff, 0x03, 0x00, 0x80, 0xff, 0xff, 0xff, 0xff, 0xe7, 0xff, 0x0b, 0x00, 0xc0, 0xff, 
	0xff, 0xfb, 0xff, 0x01, 0x00, 0x90, 0xff, 0xff, 0xff, 0xff, 0xf7, 0xff, 0x03, 0x00, 0xd0, 0xff, 
	0xff, 0xfb, 0xff, 0x00, 0x00, 0x80, 0xff, 0xff, 0xff, 0xff, 0xf7, 0xff, 0x01, 0x00, 0xc0, 0xff, 
	0xff, 0xfb, 0x7f, 0x00, 0x00, 0xc0, 0xff, 0xff, 0xff, 0xff, 0xf3, 0xff, 0x01, 0x00, 0xc0, 0xff, 
	0xff, 0xfb, 0x3f, 0x00, 0x00, 0xc0, 0xff, 0xff, 0xff, 0xff, 0xf3, 0xff, 0x02, 0x00, 0xc0, 0xff, 
	0xff, 0xfb, 0x3f, 0x00, 0x00, 0xe0, 0xff, 0xff, 0xff, 0xff, 0xf3, 0x7f, 0x01, 0x00, 0xd0, 0xff, 
	0xff, 0xfb, 0x1f, 0x00, 0x00, 0xe8, 0xff, 0xff, 0xff, 0xff, 0xf3, 0xbf, 0x00, 0x00, 0xc0, 0xff, 
	0xff, 0xfb, 0x07, 0x00, 0x00, 0xe0, 0xff, 0xff, 0xff, 0xff, 0xf7, 0x4f, 0x00, 0x00, 0xe0, 0xff, 
	0xff, 0xfb, 0x03, 0x00, 0x00, 0xe0, 0xff, 0xff, 0xff, 0xff, 0xf7, 0x07, 0x00, 0x00, 0xe0, 0xff, 
	0xff, 0xfb, 0x03, 0x00, 0x00, 0xe0, 0xff, 0xff, 0xff, 0xff, 0xf7, 0x07, 0x00, 0x00, 0xe0, 0xff, 
	0xff, 0xfb, 0x01, 0x00, 0x00, 0xe0, 0xff, 0xff, 0xff, 0xff, 0x77, 0x08, 0x00, 0x00, 0xe8, 0xff, 
	0xff, 0xfb, 0x00, 0x00, 0x00, 0xe0, 0xff, 0xff, 0xff, 0xff, 0x0f, 0x03, 0x00, 0x00, 0xf0, 0xff, 
	0xff, 0x0b, 0x00, 0x00, 0x00, 0xf0, 0xff, 0xff, 0xff, 0xff, 0x0f, 0x00, 0x00, 0x00, 0xf0, 0xff, 
	0xff, 0x07, 0x00, 0x00, 0x00, 0xf0, 0xff, 0xff, 0xff, 0xff, 0x5f, 0x00, 0x00, 0x80, 0xf0, 0xff, 
	0xff, 0x07, 0x00, 0x00, 0x00, 0xf2, 0xff, 0xff, 0xff, 0xff, 0x1f, 0x00, 0x00, 0x00, 0xff, 0xff, 
	0xff, 0x0f, 0x00, 0x00, 0x00, 0xfc, 0xff, 0xff, 0xff, 0xff, 0xbf, 0x01, 0x00, 0xa0, 0xff, 0xff, 
	0xff, 0x0f, 0x00, 0x00, 0x20, 0xfe, 0xff, 0xff, 0xff, 0xff, 0xff, 0x04, 0x00, 0xc0, 0xff, 0xff, 
	0xff, 0x1f, 0x00, 0x00, 0xc0, 0xff, 0xff, 0xff, 0xff, 0xff, 0xff, 0x13, 0x00, 0xd0, 0xff, 0xff, 
	0xff, 0xff, 0x10, 0x20, 0xf0, 0xff, 0xff, 0xff, 0xff, 0xff, 0xff, 0x8f, 0x00, 0xe4, 0xff, 0xff, 
	0xff, 0xff, 0x0f, 0x80, 0xff, 0xff, 0xff, 0xff, 0xff, 0xff, 0xff, 0x7f, 0x00, 0xf8, 0xff, 0xff, 
	0xff, 0xff, 0xff, 0xff, 0xff, 0xff, 0xff, 0xff, 0xff, 0xff, 0xff, 0xff, 0xff, 0xff, 0xff, 0xff, 
	0x3f, 0x80, 0xff, 0xff, 0xff, 0xff, 0xff, 0xff, 0xff, 0xff, 0xff, 0xff, 0xff, 0xff, 0xff, 0xff, 
	0x07, 0x3f, 0xfc, 0xff, 0xff, 0xff, 0xff, 0xff, 0xff, 0xff, 0xff, 0xff, 0xff, 0x01, 0xf0, 0xff, 
	0xf9, 0xff, 0xf3, 0xff, 0xff, 0xff, 0xff, 0xff, 0xff, 0xff, 0xff, 0xff, 0x3f, 0xfc, 0x83, 0xff, 
	0xf3, 0xff, 0xf9, 0xff, 0xff, 0xff, 0xff, 0xff, 0xff, 0xff, 0xff, 0xff, 0x1f, 0xff, 0x9f, 0xff, 
	0x0f, 0x00, 0xfe, 0xff, 0xff, 0xff, 0xff, 0xff, 0xff, 0xff, 0xff, 0xff, 0x7f, 0x00, 0xe0, 0xff, 
	0xff, 0xff, 0xff, 0xff, 0xff, 0xff, 0xff, 0xff, 0xff, 0xff, 0xff, 0xff, 0xff, 0xff, 0xff, 0xff, 
	0xff, 0xff, 0xff, 0xff, 0xff, 0xff, 0xff, 0xff, 0xff, 0xff, 0xff, 0xff, 0xff, 0xff, 0xff, 0xff
};
// 'frame0011', 128x50px
const unsigned char epd_bitmap_frame0011 [] PROGMEM = {
	0xff, 0xff, 0xff, 0xff, 0xff, 0xff, 0xff, 0xff, 0xff, 0xff, 0xff, 0xff, 0xff, 0xff, 0xff, 0xff, 
	0xff, 0xff, 0xff, 0xff, 0xff, 0xff, 0xff, 0xff, 0xff, 0xff, 0xff, 0xff, 0xff, 0xff, 0xff, 0xff, 
	0xff, 0xff, 0xff, 0xff, 0xff, 0xff, 0xff, 0xff, 0xff, 0xff, 0xff, 0xff, 0xff, 0xff, 0xff, 0xff, 
	0xff, 0xff, 0xff, 0xff, 0xff, 0xff, 0xff, 0xff, 0xff, 0xff, 0xff, 0xff, 0xff, 0xff, 0xff, 0xff, 
	0xff, 0xff, 0xff, 0xff, 0xff, 0xff, 0xff, 0xff, 0xff, 0xff, 0xff, 0xff, 0xff, 0xff, 0xff, 0xff, 
	0xff, 0xff, 0xff, 0xff, 0xff, 0xff, 0xff, 0xff, 0xff, 0xff, 0xff, 0xff, 0xff, 0xff, 0xff, 0xff, 
	0xff, 0xff, 0xff, 0xff, 0xff, 0xff, 0xff, 0xff, 0xff, 0xff, 0xff, 0xff, 0xff, 0xff, 0xff, 0xff, 
	0xff, 0xff, 0xff, 0xff, 0xff, 0xff, 0xff, 0xff, 0xff, 0xff, 0xff, 0xff, 0xff, 0xff, 0xff, 0xff, 
	0xff, 0xff, 0xff, 0xff, 0xff, 0xff, 0xff, 0xff, 0xff, 0xff, 0xff, 0xff, 0xff, 0xff, 0xff, 0xff, 
	0xff, 0xff, 0xff, 0xff, 0xff, 0xff, 0xff, 0xff, 0xff, 0xff, 0xff, 0xff, 0xff, 0xff, 0xff, 0xff, 
	0xff, 0xff, 0x7f, 0x00, 0xfc, 0xff, 0xff, 0xff, 0xff, 0xff, 0xff, 0xff, 0x0f, 0xf1, 0xff, 0xff, 
	0xff, 0xff, 0x9f, 0xbf, 0xc0, 0xff, 0xff, 0xff, 0xff, 0xff, 0xff, 0xff, 0x63, 0xc0, 0xff, 0xff, 
	0xff, 0xff, 0xe3, 0x3f, 0x00, 0xfc, 0xff, 0xff, 0xff, 0xff, 0xff, 0x3f, 0x1c, 0xb0, 0xff, 0xff, 
	0xff, 0xff, 0xf9, 0x7f, 0x00, 0xfd, 0xff, 0xff, 0xff, 0xff, 0xff, 0xcf, 0x1f, 0x40, 0xfe, 0xff, 
	0xff, 0xff, 0xfe, 0x3f, 0x00, 0xfa, 0xff, 0xff, 0xff, 0xff, 0xff, 0xf7, 0x0f, 0x00, 0xf8, 0xff, 
	0xff, 0x7f, 0xff, 0x3f, 0x00, 0xf0, 0xff, 0xff, 0xff, 0xff, 0xff, 0xf8, 0x0f, 0x00, 0xf0, 0xff, 
	0xff, 0x8f, 0xff, 0x1f, 0x00, 0xf0, 0xff, 0xff, 0xff, 0xff, 0x7f, 0xfc, 0x07, 0x00, 0xf0, 0xff, 
	0xff, 0xef, 0xff, 0x1f, 0x00, 0xe0, 0xff, 0xff, 0xff, 0xff, 0xbf, 0xff, 0x17, 0x00, 0xe0, 0xff, 
	0xff, 0xf7, 0xff, 0x0f, 0x00, 0xe8, 0xff, 0xff, 0xff, 0xff, 0xdf, 0xff, 0x17, 0x00, 0xe0, 0xff, 
	0xff, 0xf7, 0xff, 0x0f, 0x00, 0xe8, 0xff, 0xff, 0xff, 0xff, 0xdf, 0xff, 0x17, 0x00, 0xe0, 0xff, 
	0xff, 0xf7, 0xff, 0x0f, 0x00, 0xc0, 0xff, 0xff, 0xff, 0xff, 0x8f, 0xff, 0x07, 0x00, 0xe0, 0xff, 
	0xff, 0xf3, 0xff, 0x07, 0x00, 0xd0, 0xff, 0xff, 0xff, 0xff, 0x8f, 0xff, 0x07, 0x00, 0xe0, 0xff, 
	0xff, 0xf3, 0xff, 0x03, 0x00, 0x80, 0xff, 0xff, 0xff, 0xff, 0xe7, 0xff, 0x0b, 0x00, 0xc0, 0xff, 
	0xff, 0xfb, 0xff, 0x01, 0x00, 0x90, 0xff, 0xff, 0xff, 0xff, 0xf7, 0xff, 0x03, 0x00, 0xd0, 0xff, 
	0xff, 0xfb, 0xff, 0x00, 0x00, 0x80, 0xff, 0xff, 0xff, 0xff, 0xf7, 0xff, 0x01, 0x00, 0xc0, 0xff, 
	0xff, 0xfb, 0x7f, 0x00, 0x00, 0xc0, 0xff, 0xff, 0xff, 0xff, 0xf3, 0xff, 0x01, 0x00, 0xc0, 0xff, 
	0xff, 0xfb, 0x3f, 0x00, 0x00, 0xc0, 0xff, 0xff, 0xff, 0xff, 0xf3, 0xff, 0x02, 0x00, 0xc0, 0xff, 
	0xff, 0xfb, 0x3f, 0x00, 0x00, 0xe0, 0xff, 0xff, 0xff, 0xff, 0xf3, 0x7f, 0x01, 0x00, 0xd0, 0xff, 
	0xff, 0xfb, 0x1f, 0x00, 0x00, 0xe8, 0xff, 0xff, 0xff, 0xff, 0xf3, 0xbf, 0x00, 0x00, 0xc0, 0xff, 
	0xff, 0xfb, 0x07, 0x00, 0x00, 0xe0, 0xff, 0xff, 0xff, 0xff, 0xf7, 0x4f, 0x00, 0x00, 0xe0, 0xff, 
	0xff, 0xfb, 0x03, 0x00, 0x00, 0xe0, 0xff, 0xff, 0xff, 0xff, 0xf7, 0x07, 0x00, 0x00, 0xe0, 0xff, 
	0xff, 0xfb, 0x03, 0x00, 0x00, 0xe0, 0xff, 0xff, 0xff, 0xff, 0xf7, 0x07, 0x00, 0x00, 0xe0, 0xff, 
	0xff, 0xfb, 0x01, 0x00, 0x00, 0xe0, 0xff, 0xff, 0xff, 0xff, 0x77, 0x08, 0x00, 0x00, 0xe8, 0xff, 
	0xff, 0xfb, 0x00, 0x00, 0x00, 0xe0, 0xff, 0xff, 0xff, 0xff, 0x0f, 0x03, 0x00, 0x00, 0xf0, 0xff, 
	0xff, 0x0b, 0x00, 0x00, 0x00, 0xf0, 0xff, 0xff, 0xff, 0xff, 0x0f, 0x00, 0x00, 0x00, 0xf0, 0xff, 
	0xff, 0x07, 0x00, 0x00, 0x00, 0xf0, 0xff, 0xff, 0xff, 0xff, 0x5f, 0x00, 0x00, 0x80, 0xf0, 0xff, 
	0xff, 0x07, 0x00, 0x00, 0x00, 0xf2, 0xff, 0xff, 0xff, 0xff, 0x1f, 0x00, 0x00, 0x00, 0xff, 0xff, 
	0xff, 0x0f, 0x00, 0x00, 0x00, 0xfc, 0xff, 0xff, 0xff, 0xff, 0xbf, 0x01, 0x00, 0xa0, 0xff, 0xff, 
	0xff, 0x0f, 0x00, 0x00, 0x20, 0xfe, 0xff, 0xff, 0xff, 0xff, 0xff, 0x04, 0x00, 0xc0, 0xff, 0xff, 
	0xff, 0x1f, 0x00, 0x00, 0xc0, 0xff, 0xff, 0xff, 0xff, 0xff, 0xff, 0x13, 0x00, 0xd0, 0xff, 0xff, 
	0xff, 0xff, 0x10, 0x20, 0xf0, 0xff, 0xff, 0xff, 0xff, 0xff, 0xff, 0x8f, 0x00, 0xe4, 0xff, 0xff, 
	0xff, 0xff, 0x0f, 0x80, 0xff, 0xff, 0xff, 0xff, 0xff, 0xff, 0xff, 0x7f, 0x00, 0xf8, 0xff, 0xff, 
	0xff, 0xff, 0xff, 0xff, 0xff, 0xff, 0xff, 0xff, 0xff, 0xff, 0xff, 0xff, 0xff, 0xff, 0xff, 0xff, 
	0x3f, 0x80, 0xff, 0xff, 0xff, 0xff, 0xff, 0xff, 0xff, 0xff, 0xff, 0xff, 0xff, 0xff, 0xff, 0xff, 
	0x07, 0x3f, 0xfc, 0xff, 0xff, 0xff, 0xff, 0xff, 0xff, 0xff, 0xff, 0xff, 0xff, 0x01, 0xf0, 0xff, 
	0xf9, 0xff, 0xf3, 0xff, 0xff, 0xff, 0xff, 0xff, 0xff, 0xff, 0xff, 0xff, 0x3f, 0xfc, 0x83, 0xff, 
	0xf3, 0xff, 0xf9, 0xff, 0xff, 0xff, 0xff, 0xff, 0xff, 0xff, 0xff, 0xff, 0x1f, 0xff, 0x9f, 0xff, 
	0x0f, 0x00, 0xfe, 0xff, 0xff, 0xff, 0xff, 0xff, 0xff, 0xff, 0xff, 0xff, 0x7f, 0x00, 0xe0, 0xff, 
	0xff, 0xff, 0xff, 0xff, 0xff, 0xff, 0xff, 0xff, 0xff, 0xff, 0xff, 0xff, 0xff, 0xff, 0xff, 0xff, 
	0xff, 0xff, 0xff, 0xff, 0xff, 0xff, 0xff, 0xff, 0xff, 0xff, 0xff, 0xff, 0xff, 0xff, 0xff, 0xff
};
// 'frame0012', 128x50px
const unsigned char epd_bitmap_frame0012 [] PROGMEM = {
	0xff, 0xff, 0xff, 0xff, 0xff, 0xff, 0xff, 0xff, 0xff, 0xff, 0xff, 0xff, 0xff, 0xff, 0xff, 0xff, 
	0xff, 0xff, 0xff, 0xff, 0xff, 0xff, 0xff, 0xff, 0xff, 0xff, 0xff, 0xff, 0xff, 0xff, 0xff, 0xff, 
	0xff, 0xff, 0xff, 0xff, 0xff, 0xff, 0xff, 0xff, 0xff, 0xff, 0xff, 0xff, 0xff, 0xff, 0xff, 0xff, 
	0xff, 0xff, 0xff, 0xff, 0xff, 0xff, 0xff, 0xff, 0xff, 0xff, 0xff, 0xff, 0xff, 0xff, 0xff, 0xff, 
	0xff, 0xff, 0xff, 0xff, 0xff, 0xff, 0xff, 0xff, 0xff, 0xff, 0xff, 0xff, 0xff, 0xff, 0xff, 0xff, 
	0xff, 0xff, 0x7f, 0x00, 0xfe, 0xff, 0xff, 0xff, 0xff, 0xff, 0xff, 0xff, 0x00, 0xf8, 0xff, 0xff, 
	0xff, 0xff, 0x7f, 0x00, 0xfe, 0xff, 0xff, 0xff, 0xff, 0xff, 0xff, 0xff, 0x00, 0xf8, 0xff, 0xff, 
	0xff, 0xff, 0x87, 0x07, 0xe0, 0xff, 0xff, 0xff, 0xff, 0xff, 0xff, 0x0f, 0x06, 0x80, 0xff, 0xff, 
	0xff, 0xff, 0xf3, 0x0f, 0xc0, 0xff, 0xff, 0xff, 0xff, 0xff, 0xff, 0xc7, 0x07, 0x00, 0xfe, 0xff, 
	0xff, 0xff, 0xf8, 0x0f, 0x00, 0xff, 0xff, 0xff, 0xff, 0xff, 0xff, 0xf3, 0x03, 0x00, 0xfc, 0xff, 
	0xff, 0x7f, 0xfc, 0x07, 0x00, 0xfe, 0xff, 0xff, 0xff, 0xff, 0xff, 0xf8, 0x03, 0x00, 0xf8, 0xff, 
	0xff, 0x7f, 0xff, 0x07, 0x00, 0xfc, 0xff, 0xff, 0xff, 0xff, 0x7f, 0xfc, 0x03, 0x00, 0xf0, 0xff, 
	0xff, 0xbf, 0xff, 0x07, 0x00, 0xf8, 0xff, 0xff, 0xff, 0xff, 0x3f, 0xff, 0x03, 0x00, 0xf0, 0xff, 
	0xff, 0xbf, 0xff, 0x07, 0x00, 0xf9, 0xff, 0xff, 0xff, 0xff, 0x1f, 0xff, 0x03, 0x00, 0xe0, 0xff, 
	0xff, 0xef, 0xff, 0x03, 0x00, 0xf3, 0xff, 0xff, 0xff, 0xff, 0x9f, 0xff, 0x01, 0x00, 0xe0, 0xff, 
	0xff, 0xe7, 0xff, 0x03, 0x00, 0xe6, 0xff, 0xff, 0xff, 0xff, 0xcf, 0xff, 0x01, 0x00, 0xc0, 0xff, 
	0xff, 0xe7, 0xff, 0x03, 0x00, 0xec, 0xff, 0xff, 0xff, 0xff, 0xc7, 0xff, 0x00, 0x00, 0x40, 0xff, 
	0xff, 0xf7, 0xff, 0x03, 0x00, 0xec, 0xff, 0xff, 0xff, 0xff, 0xe7, 0xff, 0x00, 0x00, 0xc0, 0xff, 
	0xff, 0xf3, 0xff, 0x01, 0x00, 0xcc, 0xff, 0xff, 0xff, 0xff, 0xf3, 0x7f, 0x00, 0x00, 0x80, 0xfe, 
	0xff, 0xf3, 0xff, 0x01, 0x00, 0xc8, 0xff, 0xff, 0xff, 0xff, 0xf3, 0x7f, 0x00, 0x00, 0x80, 0xfe, 
	0xff, 0xfb, 0x7f, 0x00, 0x00, 0xc8, 0xff, 0xff, 0xff, 0xff, 0xf3, 0x3f, 0x00, 0x00, 0x80, 0xfe, 
	0xff, 0xfb, 0x3f, 0x00, 0x00, 0xc8, 0xff, 0xff, 0xff, 0xff, 0xf3, 0x1f, 0x00, 0x00, 0x80, 0xfe, 
	0xff, 0xfb, 0x1f, 0x00, 0x00, 0xc8, 0xff, 0xff, 0xff, 0xff, 0xf3, 0x0f, 0x00, 0x00, 0x80, 0xfe, 
	0xff, 0xfb, 0x07, 0x00, 0x00, 0x88, 0xff, 0xff, 0xff, 0xff, 0xf3, 0x03, 0x00, 0x00, 0x80, 0xfc, 
	0xff, 0x81, 0x00, 0x00, 0x00, 0x88, 0xff, 0xff, 0xff, 0xff, 0xf3, 0x01, 0x00, 0x00, 0x80, 0xfc, 
	0xff, 0x01, 0x00, 0x00, 0x00, 0xc8, 0xff, 0xff, 0xff, 0xff, 0x03, 0x00, 0x00, 0x00, 0x80, 0xfc, 
	0xff, 0x01, 0x00, 0x00, 0x00, 0xc8, 0xff, 0xff, 0xff, 0xff, 0x07, 0x00, 0x00, 0x00, 0x80, 0xfe, 
	0xff, 0x01, 0x00, 0x00, 0x00, 0xcc, 0xff, 0xff, 0xff, 0xff, 0x03, 0x00, 0x00, 0x00, 0x80, 0xfe, 
	0xff, 0x01, 0x00, 0x00, 0x00, 0xc4, 0xff, 0xff, 0xff, 0xff, 0x03, 0x00, 0x00, 0x00, 0x40, 0xfe, 
	0xff, 0x03, 0x00, 0x00, 0x00, 0xc4, 0xff, 0xff, 0xff, 0xff, 0x03, 0x00, 0x00, 0x00, 0x40, 0xfe, 
	0xff, 0x03, 0x00, 0x00, 0x00, 0xe4, 0xff, 0xff, 0xff, 0xff, 0x07, 0x00, 0x00, 0x00, 0x40, 0xfe, 
	0xff, 0x03, 0x00, 0x00, 0x00, 0xe4, 0xff, 0xff, 0xff, 0xff, 0x07, 0x00, 0x00, 0x00, 0x20, 0xfe, 
	0xff, 0x03, 0x00, 0x00, 0x00, 0xe4, 0xff, 0xff, 0xff, 0xff, 0x4f, 0x00, 0x00, 0x00, 0x20, 0xff, 
	0xff, 0x07, 0x00, 0x00, 0x00, 0xf4, 0xff, 0xff, 0xff, 0xff, 0x0f, 0x00, 0x00, 0x00, 0x90, 0xff, 
	0xff, 0x0f, 0x00, 0x00, 0x00, 0xfa, 0xff, 0xff, 0xff, 0xff, 0x1f, 0x00, 0x00, 0x00, 0xd0, 0xff, 
	0xff, 0x1f, 0x00, 0x00, 0x00, 0xfa, 0xff, 0xff, 0xff, 0xff, 0x3f, 0x00, 0x00, 0x00, 0xc8, 0xff, 
	0xff, 0x1f, 0x00, 0x00, 0x00, 0xff, 0xff, 0xff, 0xff, 0xff, 0x3f, 0x00, 0x00, 0x00, 0xe4, 0xff, 
	0xff, 0x1f, 0x00, 0x00, 0x80, 0xff, 0xff, 0xff, 0x0f, 0xfc, 0x7f, 0x00, 0x00, 0x00, 0xf6, 0xff, 
	0xff, 0x7f, 0x00, 0x00, 0xc0, 0xff, 0xff, 0xff, 0x07, 0x7e, 0xfe, 0x00, 0x00, 0x00, 0xfb, 0xff, 
	0xff, 0xff, 0x00, 0x00, 0xc0, 0xff, 0xff, 0xff, 0xe7, 0x7f, 0xf0, 0x03, 0x00, 0x80, 0xf8, 0xff, 
	0x3f, 0xf8, 0x03, 0x00, 0xc0, 0x07, 0xf0, 0xff, 0xe7, 0x7f, 0xe0, 0x07, 0x00, 0x60, 0xff, 0xff, 
	0xc1, 0x83, 0x07, 0x00, 0xf0, 0xbf, 0xff, 0xff, 0xc7, 0x7f, 0xe4, 0x1f, 0x10, 0xf8, 0xff, 0xff, 
	0xfc, 0x7f, 0x1e, 0x00, 0xfc, 0xbf, 0x1f, 0x87, 0x07, 0x7f, 0xfc, 0xff, 0x00, 0xff, 0x0f, 0xf8, 
	0xff, 0xff, 0xfe, 0xff, 0xff, 0xbf, 0x07, 0x03, 0xe7, 0xf0, 0xfc, 0xff, 0xff, 0xff, 0xe3, 0xc3, 
	0xfe, 0xff, 0xfe, 0xff, 0xff, 0x9f, 0x43, 0x32, 0xe7, 0xf0, 0xfc, 0xff, 0xff, 0xff, 0xfc, 0xbf, 
	0xf1, 0x0f, 0xff, 0xff, 0xff, 0x9f, 0x73, 0x72, 0xe7, 0xe2, 0xfc, 0xff, 0xff, 0xff, 0xf9, 0xcf, 
	0x07, 0xe0, 0xff, 0xff, 0xff, 0x9f, 0x63, 0x32, 0xff, 0xc0, 0xfc, 0xff, 0xff, 0xff, 0x03, 0xe0, 
	0xff, 0xff, 0xff, 0xff, 0xff, 0xbf, 0x07, 0x07, 0xff, 0x98, 0xff, 0xff, 0xff, 0xff, 0xff, 0xff, 
	0xff, 0xff, 0xff, 0xff, 0xff, 0xff, 0xdf, 0x87, 0xff, 0xff, 0xff, 0xff, 0xff, 0xff, 0xff, 0xff, 
	0xff, 0xff, 0xff, 0xff, 0xff, 0xff, 0xff, 0xff, 0xff, 0xff, 0xff, 0xff, 0xff, 0xff, 0xff, 0xff
};
// 'frame0013', 128x50px
const unsigned char epd_bitmap_frame0013 [] PROGMEM = {
	0xff, 0xff, 0xff, 0xff, 0xff, 0xff, 0xff, 0xff, 0xff, 0xff, 0xff, 0xff, 0xff, 0xff, 0xff, 0xff, 
	0xff, 0xff, 0xff, 0xff, 0xff, 0xff, 0xff, 0xff, 0xff, 0xff, 0xff, 0xff, 0xff, 0xff, 0xff, 0xff, 
	0xff, 0xff, 0xff, 0xff, 0xff, 0xff, 0xff, 0xff, 0xff, 0xff, 0xff, 0xff, 0xff, 0xff, 0xff, 0xff, 
	0xff, 0xff, 0xff, 0xff, 0xff, 0xff, 0xff, 0xff, 0xff, 0xff, 0xff, 0xff, 0xff, 0xff, 0xff, 0xff, 
	0xff, 0xff, 0xff, 0xff, 0xff, 0xff, 0xff, 0xff, 0xff, 0xff, 0xff, 0xff, 0xff, 0xff, 0xff, 0xff, 
	0xff, 0xff, 0x7f, 0x00, 0xfe, 0xff, 0xff, 0xff, 0xff, 0xff, 0xff, 0xff, 0x00, 0xf8, 0xff, 0xff, 
	0xff, 0xff, 0x7f, 0x00, 0xfe, 0xff, 0xff, 0xff, 0xff, 0xff, 0xff, 0xff, 0x00, 0xf8, 0xff, 0xff, 
	0xff, 0xff, 0x87, 0x07, 0xe0, 0xff, 0xff, 0xff, 0xff, 0xff, 0xff, 0x0f, 0x06, 0x80, 0xff, 0xff, 
	0xff, 0xff, 0xf3, 0x0f, 0xc0, 0xff, 0xff, 0xff, 0xff, 0xff, 0xff, 0xc7, 0x07, 0x00, 0xfe, 0xff, 
	0xff, 0xff, 0xf8, 0x0f, 0x00, 0xff, 0xff, 0xff, 0xff, 0xff, 0xff, 0xf3, 0x03, 0x00, 0xfc, 0xff, 
	0xff, 0x7f, 0xfc, 0x07, 0x00, 0xfe, 0xff, 0xff, 0xff, 0xff, 0xff, 0xf8, 0x03, 0x00, 0xf8, 0xff, 
	0xff, 0x7f, 0xff, 0x07, 0x00, 0xfc, 0xff, 0xff, 0xff, 0xff, 0x7f, 0xfc, 0x03, 0x00, 0xf0, 0xff, 
	0xff, 0xbf, 0xff, 0x07, 0x00, 0xf8, 0xff, 0xff, 0xff, 0xff, 0x3f, 0xff, 0x03, 0x00, 0xf0, 0xff, 
	0xff, 0xbf, 0xff, 0x07, 0x00, 0xf9, 0xff, 0xff, 0xff, 0xff, 0x1f, 0xff, 0x03, 0x00, 0xe0, 0xff, 
	0xff, 0xef, 0xff, 0x03, 0x00, 0xf3, 0xff, 0xff, 0xff, 0xff, 0x9f, 0xff, 0x01, 0x00, 0xe0, 0xff, 
	0xff, 0xe7, 0xff, 0x03, 0x00, 0xe6, 0xff, 0xff, 0xff, 0xff, 0xcf, 0xff, 0x01, 0x00, 0xc0, 0xff, 
	0xff, 0xe7, 0xff, 0x03, 0x00, 0xec, 0xff, 0xff, 0xff, 0xff, 0xc7, 0xff, 0x00, 0x00, 0x40, 0xff, 
	0xff, 0xf7, 0xff, 0x03, 0x00, 0xec, 0xff, 0xff, 0xff, 0xff, 0xe7, 0xff, 0x00, 0x00, 0xc0, 0xff, 
	0xff, 0xf3, 0xff, 0x01, 0x00, 0xcc, 0xff, 0xff, 0xff, 0xff, 0xf3, 0x7f, 0x00, 0x00, 0x80, 0xfe, 
	0xff, 0xf3, 0xff, 0x01, 0x00, 0xc8, 0xff, 0xff, 0xff, 0xff, 0xf3, 0x7f, 0x00, 0x00, 0x80, 0xfe, 
	0xff, 0xfb, 0x7f, 0x00, 0x00, 0xc8, 0xff, 0xff, 0xff, 0xff, 0xf3, 0x3f, 0x00, 0x00, 0x80, 0xfe, 
	0xff, 0xfb, 0x3f, 0x00, 0x00, 0xc8, 0xff, 0xff, 0xff, 0xff, 0xf3, 0x1f, 0x00, 0x00, 0x80, 0xfe, 
	0xff, 0xfb, 0x1f, 0x00, 0x00, 0xc8, 0xff, 0xff, 0xff, 0xff, 0xf3, 0x0f, 0x00, 0x00, 0x80, 0xfe, 
	0xff, 0xfb, 0x07, 0x00, 0x00, 0x88, 0xff, 0xff, 0xff, 0xff, 0xf3, 0x03, 0x00, 0x00, 0x80, 0xfc, 
	0xff, 0x81, 0x00, 0x00, 0x00, 0x88, 0xff, 0xff, 0xff, 0xff, 0xf3, 0x01, 0x00, 0x00, 0x80, 0xfc, 
	0xff, 0x01, 0x00, 0x00, 0x00, 0xc8, 0xff, 0xff, 0xff, 0xff, 0x03, 0x00, 0x00, 0x00, 0x80, 0xfc, 
	0xff, 0x01, 0x00, 0x00, 0x00, 0xc8, 0xff, 0xff, 0xff, 0xff, 0x07, 0x00, 0x00, 0x00, 0x80, 0xfe, 
	0xff, 0x01, 0x00, 0x00, 0x00, 0xcc, 0xff, 0xff, 0xff, 0xff, 0x03, 0x00, 0x00, 0x00, 0x80, 0xfe, 
	0xff, 0x01, 0x00, 0x00, 0x00, 0xc4, 0xff, 0xff, 0xff, 0xff, 0x03, 0x00, 0x00, 0x00, 0x40, 0xfe, 
	0xff, 0x03, 0x00, 0x00, 0x00, 0xc4, 0xff, 0xff, 0xff, 0xff, 0x03, 0x00, 0x00, 0x00, 0x40, 0xfe, 
	0xff, 0x03, 0x00, 0x00, 0x00, 0xe4, 0xff, 0xff, 0xff, 0xff, 0x07, 0x00, 0x00, 0x00, 0x40, 0xfe, 
	0xff, 0x03, 0x00, 0x00, 0x00, 0xe4, 0xff, 0xff, 0xff, 0xff, 0x07, 0x00, 0x00, 0x00, 0x20, 0xfe, 
	0xff, 0x03, 0x00, 0x00, 0x00, 0xe4, 0xff, 0xff, 0xff, 0xff, 0x4f, 0x00, 0x00, 0x00, 0x20, 0xff, 
	0xff, 0x07, 0x00, 0x00, 0x00, 0xf4, 0xff, 0xff, 0xff, 0xff, 0x0f, 0x00, 0x00, 0x00, 0x90, 0xff, 
	0xff, 0x0f, 0x00, 0x00, 0x00, 0xfa, 0xff, 0xff, 0xff, 0xff, 0x1f, 0x00, 0x00, 0x00, 0xd0, 0xff, 
	0xff, 0x1f, 0x00, 0x00, 0x00, 0xfa, 0xff, 0xff, 0xff, 0xff, 0x3f, 0x00, 0x00, 0x00, 0xc8, 0xff, 
	0xff, 0x1f, 0x00, 0x00, 0x00, 0xff, 0xff, 0xff, 0xff, 0xff, 0x3f, 0x00, 0x00, 0x00, 0xe4, 0xff, 
	0xff, 0x1f, 0x00, 0x00, 0x80, 0xff, 0xff, 0xff, 0x0f, 0xfc, 0x7f, 0x00, 0x00, 0x00, 0xf6, 0xff, 
	0xff, 0x7f, 0x00, 0x00, 0xc0, 0xff, 0xff, 0xff, 0x07, 0x7e, 0xfe, 0x00, 0x00, 0x00, 0xfb, 0xff, 
	0xff, 0xff, 0x00, 0x00, 0xc0, 0xff, 0xff, 0xff, 0xe7, 0x7f, 0xf0, 0x03, 0x00, 0x80, 0xf8, 0xff, 
	0x3f, 0xf8, 0x03, 0x00, 0xc0, 0x07, 0xf0, 0xff, 0xe7, 0x7f, 0xe0, 0x07, 0x00, 0x60, 0xff, 0xff, 
	0xc1, 0x83, 0x07, 0x00, 0xf0, 0xbf, 0xff, 0xff, 0xc7, 0x7f, 0xe4, 0x1f, 0x10, 0xf8, 0xff, 0xff, 
	0xfc, 0x7f, 0x1e, 0x00, 0xfc, 0xbf, 0x1f, 0x87, 0x07, 0x7f, 0xfc, 0xff, 0x00, 0xff, 0x0f, 0xf8, 
	0xff, 0xff, 0xfe, 0xff, 0xff, 0xbf, 0x07, 0x03, 0xe7, 0xf0, 0xfc, 0xff, 0xff, 0xff, 0xe3, 0xc3, 
	0xfe, 0xff, 0xfe, 0xff, 0xff, 0x9f, 0x43, 0x32, 0xe7, 0xf0, 0xfc, 0xff, 0xff, 0xff, 0xfc, 0xbf, 
	0xf1, 0x0f, 0xff, 0xff, 0xff, 0x9f, 0x73, 0x72, 0xe7, 0xe2, 0xfc, 0xff, 0xff, 0xff, 0xf9, 0xcf, 
	0x07, 0xe0, 0xff, 0xff, 0xff, 0x9f, 0x63, 0x32, 0xff, 0xc0, 0xfc, 0xff, 0xff, 0xff, 0x03, 0xe0, 
	0xff, 0xff, 0xff, 0xff, 0xff, 0xbf, 0x07, 0x07, 0xff, 0x98, 0xff, 0xff, 0xff, 0xff, 0xff, 0xff, 
	0xff, 0xff, 0xff, 0xff, 0xff, 0xff, 0xdf, 0x87, 0xff, 0xff, 0xff, 0xff, 0xff, 0xff, 0xff, 0xff, 
	0xff, 0xff, 0xff, 0xff, 0xff, 0xff, 0xff, 0xff, 0xff, 0xff, 0xff, 0xff, 0xff, 0xff, 0xff, 0xff
};
// 'frame0014', 128x50px
const unsigned char epd_bitmap_frame0014 [] PROGMEM = {
	0xff, 0xff, 0xff, 0xff, 0xff, 0xff, 0xff, 0xff, 0xff, 0xff, 0xff, 0xff, 0xff, 0xff, 0xff, 0xff, 
	0xff, 0xff, 0xff, 0xff, 0xff, 0xff, 0xff, 0xff, 0xff, 0xff, 0xff, 0xff, 0xff, 0xff, 0xff, 0xff, 
	0xff, 0xff, 0xff, 0xff, 0xff, 0xff, 0xff, 0xff, 0xff, 0xff, 0xff, 0xff, 0xff, 0xff, 0xff, 0xff, 
	0xff, 0xff, 0xff, 0xff, 0xff, 0xff, 0xff, 0xff, 0xff, 0xff, 0xff, 0xff, 0xff, 0xff, 0xff, 0xff, 
	0xff, 0xff, 0xff, 0xff, 0xff, 0xff, 0xff, 0xff, 0xff, 0xff, 0xff, 0xff, 0xff, 0xff, 0xff, 0xff, 
	0xff, 0xff, 0x7f, 0x00, 0xfe, 0xff, 0xff, 0xff, 0xff, 0xff, 0xff, 0xff, 0x00, 0xf8, 0xff, 0xff, 
	0xff, 0xff, 0x7f, 0x00, 0xfe, 0xff, 0xff, 0xff, 0xff, 0xff, 0xff, 0xff, 0x00, 0xf8, 0xff, 0xff, 
	0xff, 0xff, 0x87, 0x07, 0xe0, 0xff, 0xff, 0xff, 0xff, 0xff, 0xff, 0x0f, 0x06, 0x80, 0xff, 0xff, 
	0xff, 0xff, 0xf3, 0x0f, 0xc0, 0xff, 0xff, 0xff, 0xff, 0xff, 0xff, 0xc7, 0x07, 0x00, 0xfe, 0xff, 
	0xff, 0xff, 0xf8, 0x0f, 0x00, 0xff, 0xff, 0xff, 0xff, 0xff, 0xff, 0xf3, 0x03, 0x00, 0xfc, 0xff, 
	0xff, 0x7f, 0xfc, 0x07, 0x00, 0xfe, 0xff, 0xff, 0xff, 0xff, 0xff, 0xf8, 0x03, 0x00, 0xf8, 0xff, 
	0xff, 0x7f, 0xff, 0x07, 0x00, 0xfc, 0xff, 0xff, 0xff, 0xff, 0x7f, 0xfc, 0x03, 0x00, 0xf0, 0xff, 
	0xff, 0xbf, 0xff, 0x07, 0x00, 0xf8, 0xff, 0xff, 0xff, 0xff, 0x3f, 0xff, 0x03, 0x00, 0xf0, 0xff, 
	0xff, 0xbf, 0xff, 0x07, 0x00, 0xf9, 0xff, 0xff, 0xff, 0xff, 0x1f, 0xff, 0x03, 0x00, 0xe0, 0xff, 
	0xff, 0xef, 0xff, 0x03, 0x00, 0xf3, 0xff, 0xff, 0xff, 0xff, 0x9f, 0xff, 0x01, 0x00, 0xe0, 0xff, 
	0xff, 0xe7, 0xff, 0x03, 0x00, 0xe6, 0xff, 0xff, 0xff, 0xff, 0xcf, 0xff, 0x01, 0x00, 0xc0, 0xff, 
	0xff, 0xe7, 0xff, 0x03, 0x00, 0xec, 0xff, 0xff, 0xff, 0xff, 0xc7, 0xff, 0x00, 0x00, 0x40, 0xff, 
	0xff, 0xf7, 0xff, 0x03, 0x00, 0xec, 0xff, 0xff, 0xff, 0xff, 0xe7, 0xff, 0x00, 0x00, 0xc0, 0xff, 
	0xff, 0xf3, 0xff, 0x01, 0x00, 0xcc, 0xff, 0xff, 0xff, 0xff, 0xf3, 0x7f, 0x00, 0x00, 0x80, 0xfe, 
	0xff, 0xf3, 0xff, 0x01, 0x00, 0xc8, 0xff, 0xff, 0xff, 0xff, 0xf3, 0x7f, 0x00, 0x00, 0x80, 0xfe, 
	0xff, 0xfb, 0x7f, 0x00, 0x00, 0xc8, 0xff, 0xff, 0xff, 0xff, 0xf3, 0x3f, 0x00, 0x00, 0x80, 0xfe, 
	0xff, 0xfb, 0x3f, 0x00, 0x00, 0xc8, 0xff, 0xff, 0xff, 0xff, 0xf3, 0x1f, 0x00, 0x00, 0x80, 0xfe, 
	0xff, 0xfb, 0x1f, 0x00, 0x00, 0xc8, 0xff, 0xff, 0xff, 0xff, 0xf3, 0x0f, 0x00, 0x00, 0x80, 0xfe, 
	0xff, 0xfb, 0x07, 0x00, 0x00, 0x88, 0xff, 0xff, 0xff, 0xff, 0xf3, 0x03, 0x00, 0x00, 0x80, 0xfc, 
	0xff, 0x81, 0x00, 0x00, 0x00, 0x88, 0xff, 0xff, 0xff, 0xff, 0xf3, 0x01, 0x00, 0x00, 0x80, 0xfc, 
	0xff, 0x01, 0x00, 0x00, 0x00, 0xc8, 0xff, 0xff, 0xff, 0xff, 0x03, 0x00, 0x00, 0x00, 0x80, 0xfc, 
	0xff, 0x01, 0x00, 0x00, 0x00, 0xc8, 0xff, 0xff, 0xff, 0xff, 0x07, 0x00, 0x00, 0x00, 0x80, 0xfe, 
	0xff, 0x01, 0x00, 0x00, 0x00, 0xcc, 0xff, 0xff, 0xff, 0xff, 0x03, 0x00, 0x00, 0x00, 0x80, 0xfe, 
	0xff, 0x01, 0x00, 0x00, 0x00, 0xc4, 0xff, 0xff, 0xff, 0xff, 0x03, 0x00, 0x00, 0x00, 0x40, 0xfe, 
	0xff, 0x03, 0x00, 0x00, 0x00, 0xc4, 0xff, 0xff, 0xff, 0xff, 0x03, 0x00, 0x00, 0x00, 0x40, 0xfe, 
	0xff, 0x03, 0x00, 0x00, 0x00, 0xe4, 0xff, 0xff, 0xff, 0xff, 0x07, 0x00, 0x00, 0x00, 0x40, 0xfe, 
	0xff, 0x03, 0x00, 0x00, 0x00, 0xe4, 0xff, 0xff, 0xff, 0xff, 0x07, 0x00, 0x00, 0x00, 0x20, 0xfe, 
	0xff, 0x03, 0x00, 0x00, 0x00, 0xe4, 0xff, 0xff, 0xff, 0xff, 0x4f, 0x00, 0x00, 0x00, 0x20, 0xff, 
	0xff, 0x07, 0x00, 0x00, 0x00, 0xf4, 0xff, 0xff, 0xff, 0xff, 0x0f, 0x00, 0x00, 0x00, 0x90, 0xff, 
	0xff, 0x0f, 0x00, 0x00, 0x00, 0xfa, 0xff, 0xff, 0xff, 0xff, 0x1f, 0x00, 0x00, 0x00, 0xd0, 0xff, 
	0xff, 0x1f, 0x00, 0x00, 0x00, 0xfa, 0xff, 0xff, 0xff, 0xff, 0x3f, 0x00, 0x00, 0x00, 0xc8, 0xff, 
	0xff, 0x1f, 0x00, 0x00, 0x00, 0xff, 0xff, 0xff, 0xff, 0xff, 0x3f, 0x00, 0x00, 0x00, 0xe4, 0xff, 
	0xff, 0x1f, 0x00, 0x00, 0x80, 0xff, 0xff, 0xff, 0x0f, 0xfc, 0x7f, 0x00, 0x00, 0x00, 0xf6, 0xff, 
	0xff, 0x7f, 0x00, 0x00, 0xc0, 0xff, 0xff, 0xff, 0x07, 0x7e, 0xfe, 0x00, 0x00, 0x00, 0xfb, 0xff, 
	0xff, 0xff, 0x00, 0x00, 0xc0, 0xff, 0xff, 0xff, 0xe7, 0x7f, 0xf0, 0x03, 0x00, 0x80, 0xf8, 0xff, 
	0x3f, 0xf8, 0x03, 0x00, 0xc0, 0x07, 0xf0, 0xff, 0xe7, 0x7f, 0xe0, 0x07, 0x00, 0x60, 0xff, 0xff, 
	0xc1, 0x83, 0x07, 0x00, 0xf0, 0xbf, 0xff, 0xff, 0xc7, 0x7f, 0xe4, 0x1f, 0x10, 0xf8, 0xff, 0xff, 
	0xfc, 0x7f, 0x1e, 0x00, 0xfc, 0xbf, 0x1f, 0x87, 0x07, 0x7f, 0xfc, 0xff, 0x00, 0xff, 0x0f, 0xf8, 
	0xff, 0xff, 0xfe, 0xff, 0xff, 0xbf, 0x07, 0x03, 0xe7, 0xf0, 0xfc, 0xff, 0xff, 0xff, 0xe3, 0xc3, 
	0xfe, 0xff, 0xfe, 0xff, 0xff, 0x9f, 0x43, 0x32, 0xe7, 0xf0, 0xfc, 0xff, 0xff, 0xff, 0xfc, 0xbf, 
	0xf1, 0x0f, 0xff, 0xff, 0xff, 0x9f, 0x73, 0x72, 0xe7, 0xe2, 0xfc, 0xff, 0xff, 0xff, 0xf9, 0xcf, 
	0x07, 0xe0, 0xff, 0xff, 0xff, 0x9f, 0x63, 0x32, 0xff, 0xc0, 0xfc, 0xff, 0xff, 0xff, 0x03, 0xe0, 
	0xff, 0xff, 0xff, 0xff, 0xff, 0xbf, 0x07, 0x07, 0xff, 0x98, 0xff, 0xff, 0xff, 0xff, 0xff, 0xff, 
	0xff, 0xff, 0xff, 0xff, 0xff, 0xff, 0xdf, 0x87, 0xff, 0xff, 0xff, 0xff, 0xff, 0xff, 0xff, 0xff, 
	0xff, 0xff, 0xff, 0xff, 0xff, 0xff, 0xff, 0xff, 0xff, 0xff, 0xff, 0xff, 0xff, 0xff, 0xff, 0xff
};
// 'frame0015', 128x50px
const unsigned char epd_bitmap_frame0015 [] PROGMEM = {
	0xff, 0xff, 0xff, 0xff, 0xff, 0xff, 0xff, 0xff, 0xff, 0xff, 0xff, 0xff, 0xff, 0xff, 0xff, 0xff, 
	0xff, 0xff, 0xff, 0xff, 0xff, 0xff, 0xff, 0xff, 0xff, 0xff, 0xff, 0xff, 0xff, 0xff, 0xff, 0xff, 
	0xff, 0xff, 0xff, 0xff, 0xff, 0xff, 0xff, 0xff, 0xff, 0xff, 0xff, 0xff, 0xff, 0xff, 0xff, 0xff, 
	0xff, 0xff, 0xff, 0xff, 0xff, 0xff, 0xff, 0xff, 0xff, 0xff, 0xff, 0xff, 0xff, 0xff, 0xff, 0xff, 
	0xff, 0xff, 0xff, 0xff, 0xff, 0xff, 0xff, 0xff, 0xff, 0xff, 0xff, 0xff, 0xff, 0xff, 0xff, 0xff, 
	0xff, 0xff, 0x7f, 0x00, 0xfe, 0xff, 0xff, 0xff, 0xff, 0xff, 0xff, 0xff, 0x00, 0xf8, 0xff, 0xff, 
	0xff, 0xff, 0x7f, 0x00, 0xfe, 0xff, 0xff, 0xff, 0xff, 0xff, 0xff, 0xff, 0x00, 0xf8, 0xff, 0xff, 
	0xff, 0xff, 0x87, 0x07, 0xe0, 0xff, 0xff, 0xff, 0xff, 0xff, 0xff, 0x0f, 0x06, 0x80, 0xff, 0xff, 
	0xff, 0xff, 0xf3, 0x0f, 0xc0, 0xff, 0xff, 0xff, 0xff, 0xff, 0xff, 0xc7, 0x07, 0x00, 0xfe, 0xff, 
	0xff, 0xff, 0xf8, 0x0f, 0x00, 0xff, 0xff, 0xff, 0xff, 0xff, 0xff, 0xf3, 0x03, 0x00, 0xfc, 0xff, 
	0xff, 0x7f, 0xfc, 0x07, 0x00, 0xfe, 0xff, 0xff, 0xff, 0xff, 0xff, 0xf8, 0x03, 0x00, 0xf8, 0xff, 
	0xff, 0x7f, 0xff, 0x07, 0x00, 0xfc, 0xff, 0xff, 0xff, 0xff, 0x7f, 0xfc, 0x03, 0x00, 0xf0, 0xff, 
	0xff, 0xbf, 0xff, 0x07, 0x00, 0xf8, 0xff, 0xff, 0xff, 0xff, 0x3f, 0xff, 0x03, 0x00, 0xf0, 0xff, 
	0xff, 0xbf, 0xff, 0x07, 0x00, 0xf9, 0xff, 0xff, 0xff, 0xff, 0x1f, 0xff, 0x03, 0x00, 0xe0, 0xff, 
	0xff, 0xef, 0xff, 0x03, 0x00, 0xf3, 0xff, 0xff, 0xff, 0xff, 0x9f, 0xff, 0x01, 0x00, 0xe0, 0xff, 
	0xff, 0xe7, 0xff, 0x03, 0x00, 0xe6, 0xff, 0xff, 0xff, 0xff, 0xcf, 0xff, 0x01, 0x00, 0xc0, 0xff, 
	0xff, 0xe7, 0xff, 0x03, 0x00, 0xec, 0xff, 0xff, 0xff, 0xff, 0xc7, 0xff, 0x00, 0x00, 0x40, 0xff, 
	0xff, 0xf7, 0xff, 0x03, 0x00, 0xec, 0xff, 0xff, 0xff, 0xff, 0xe7, 0xff, 0x00, 0x00, 0xc0, 0xff, 
	0xff, 0xf3, 0xff, 0x01, 0x00, 0xcc, 0xff, 0xff, 0xff, 0xff, 0xf3, 0x7f, 0x00, 0x00, 0x80, 0xfe, 
	0xff, 0xf3, 0xff, 0x01, 0x00, 0xc8, 0xff, 0xff, 0xff, 0xff, 0xf3, 0x7f, 0x00, 0x00, 0x80, 0xfe, 
	0xff, 0xfb, 0x7f, 0x00, 0x00, 0xc8, 0xff, 0xff, 0xff, 0xff, 0xf3, 0x3f, 0x00, 0x00, 0x80, 0xfe, 
	0xff, 0xfb, 0x3f, 0x00, 0x00, 0xc8, 0xff, 0xff, 0xff, 0xff, 0xf3, 0x1f, 0x00, 0x00, 0x80, 0xfe, 
	0xff, 0xfb, 0x1f, 0x00, 0x00, 0xc8, 0xff, 0xff, 0xff, 0xff, 0xf3, 0x0f, 0x00, 0x00, 0x80, 0xfe, 
	0xff, 0xfb, 0x07, 0x00, 0x00, 0x88, 0xff, 0xff, 0xff, 0xff, 0xf3, 0x03, 0x00, 0x00, 0x80, 0xfc, 
	0xff, 0x81, 0x00, 0x00, 0x00, 0x88, 0xff, 0xff, 0xff, 0xff, 0xf3, 0x01, 0x00, 0x00, 0x80, 0xfc, 
	0xff, 0x01, 0x00, 0x00, 0x00, 0xc8, 0xff, 0xff, 0xff, 0xff, 0x03, 0x00, 0x00, 0x00, 0x80, 0xfc, 
	0xff, 0x01, 0x00, 0x00, 0x00, 0xc8, 0xff, 0xff, 0xff, 0xff, 0x07, 0x00, 0x00, 0x00, 0x80, 0xfe, 
	0xff, 0x01, 0x00, 0x00, 0x00, 0xcc, 0xff, 0xff, 0xff, 0xff, 0x03, 0x00, 0x00, 0x00, 0x80, 0xfe, 
	0xff, 0x01, 0x00, 0x00, 0x00, 0xc4, 0xff, 0xff, 0xff, 0xff, 0x03, 0x00, 0x00, 0x00, 0x40, 0xfe, 
	0xff, 0x03, 0x00, 0x00, 0x00, 0xc4, 0xff, 0xff, 0xff, 0xff, 0x03, 0x00, 0x00, 0x00, 0x40, 0xfe, 
	0xff, 0x03, 0x00, 0x00, 0x00, 0xe4, 0xff, 0xff, 0xff, 0xff, 0x07, 0x00, 0x00, 0x00, 0x40, 0xfe, 
	0xff, 0x03, 0x00, 0x00, 0x00, 0xe4, 0xff, 0xff, 0xff, 0xff, 0x07, 0x00, 0x00, 0x00, 0x20, 0xfe, 
	0xff, 0x03, 0x00, 0x00, 0x00, 0xe4, 0xff, 0xff, 0xff, 0xff, 0x4f, 0x00, 0x00, 0x00, 0x20, 0xff, 
	0xff, 0x07, 0x00, 0x00, 0x00, 0xf4, 0xff, 0xff, 0xff, 0xff, 0x0f, 0x00, 0x00, 0x00, 0x90, 0xff, 
	0xff, 0x0f, 0x00, 0x00, 0x00, 0xfa, 0xff, 0xff, 0xff, 0xff, 0x1f, 0x00, 0x00, 0x00, 0xd0, 0xff, 
	0xff, 0x1f, 0x00, 0x00, 0x00, 0xfa, 0xff, 0xff, 0xff, 0xff, 0x3f, 0x00, 0x00, 0x00, 0xc8, 0xff, 
	0xff, 0x1f, 0x00, 0x00, 0x00, 0xff, 0xff, 0xff, 0xff, 0xff, 0x3f, 0x00, 0x00, 0x00, 0xe4, 0xff, 
	0xff, 0x1f, 0x00, 0x00, 0x80, 0xff, 0xff, 0xff, 0x0f, 0xfc, 0x7f, 0x00, 0x00, 0x00, 0xf6, 0xff, 
	0xff, 0x7f, 0x00, 0x00, 0xc0, 0xff, 0xff, 0xff, 0x07, 0x7e, 0xfe, 0x00, 0x00, 0x00, 0xfb, 0xff, 
	0xff, 0xff, 0x00, 0x00, 0xc0, 0xff, 0xff, 0xff, 0xe7, 0x7f, 0xf0, 0x03, 0x00, 0x80, 0xf8, 0xff, 
	0x3f, 0xf8, 0x03, 0x00, 0xc0, 0x07, 0xf0, 0xff, 0xe7, 0x7f, 0xe0, 0x07, 0x00, 0x60, 0xff, 0xff, 
	0xc1, 0x83, 0x07, 0x00, 0xf0, 0xbf, 0xff, 0xff, 0xc7, 0x7f, 0xe4, 0x1f, 0x10, 0xf8, 0xff, 0xff, 
	0xfc, 0x7f, 0x1e, 0x00, 0xfc, 0xbf, 0x1f, 0x87, 0x07, 0x7f, 0xfc, 0xff, 0x00, 0xff, 0x0f, 0xf8, 
	0xff, 0xff, 0xfe, 0xff, 0xff, 0xbf, 0x07, 0x03, 0xe7, 0xf0, 0xfc, 0xff, 0xff, 0xff, 0xe3, 0xc3, 
	0xfe, 0xff, 0xfe, 0xff, 0xff, 0x9f, 0x43, 0x32, 0xe7, 0xf0, 0xfc, 0xff, 0xff, 0xff, 0xfc, 0xbf, 
	0xf1, 0x0f, 0xff, 0xff, 0xff, 0x9f, 0x73, 0x72, 0xe7, 0xe2, 0xfc, 0xff, 0xff, 0xff, 0xf9, 0xcf, 
	0x07, 0xe0, 0xff, 0xff, 0xff, 0x9f, 0x63, 0x32, 0xff, 0xc0, 0xfc, 0xff, 0xff, 0xff, 0x03, 0xe0, 
	0xff, 0xff, 0xff, 0xff, 0xff, 0xbf, 0x07, 0x07, 0xff, 0x98, 0xff, 0xff, 0xff, 0xff, 0xff, 0xff, 
	0xff, 0xff, 0xff, 0xff, 0xff, 0xff, 0xdf, 0x87, 0xff, 0xff, 0xff, 0xff, 0xff, 0xff, 0xff, 0xff, 
	0xff, 0xff, 0xff, 0xff, 0xff, 0xff, 0xff, 0xff, 0xff, 0xff, 0xff, 0xff, 0xff, 0xff, 0xff, 0xff
};
// 'frame0016', 128x50px
const unsigned char epd_bitmap_frame0016 [] PROGMEM = {
	0xff, 0xff, 0xff, 0xff, 0xff, 0xff, 0xff, 0xff, 0xff, 0xff, 0xff, 0xff, 0xff, 0xff, 0xff, 0xff, 
	0xff, 0xff, 0xff, 0xff, 0xff, 0xff, 0xff, 0xff, 0xff, 0xff, 0xff, 0xff, 0xff, 0xff, 0xff, 0xff, 
	0xff, 0xff, 0xff, 0xff, 0xff, 0xff, 0xff, 0xff, 0xff, 0xff, 0xff, 0xff, 0xff, 0xff, 0xff, 0xff, 
	0xff, 0xff, 0xff, 0xff, 0xff, 0xff, 0xff, 0xff, 0xff, 0xff, 0xff, 0xff, 0xff, 0xff, 0xff, 0xff, 
	0xff, 0xff, 0xff, 0xff, 0xff, 0xff, 0xff, 0xff, 0xff, 0xff, 0xff, 0xff, 0xff, 0xff, 0xff, 0xff, 
	0xff, 0xff, 0x7f, 0x00, 0xfe, 0xff, 0xff, 0xff, 0xff, 0xff, 0xff, 0xff, 0x00, 0xf8, 0xff, 0xff, 
	0xff, 0xff, 0x7f, 0x00, 0xfe, 0xff, 0xff, 0xff, 0xff, 0xff, 0xff, 0xff, 0x00, 0xf8, 0xff, 0xff, 
	0xff, 0xff, 0x87, 0x07, 0xe0, 0xff, 0xff, 0xff, 0xff, 0xff, 0xff, 0x0f, 0x06, 0x80, 0xff, 0xff, 
	0xff, 0xff, 0xf3, 0x0f, 0xc0, 0xff, 0xff, 0xff, 0xff, 0xff, 0xff, 0xc7, 0x07, 0x00, 0xfe, 0xff, 
	0xff, 0xff, 0xf8, 0x0f, 0x00, 0xff, 0xff, 0xff, 0xff, 0xff, 0xff, 0xf3, 0x03, 0x00, 0xfc, 0xff, 
	0xff, 0x7f, 0xfc, 0x07, 0x00, 0xfe, 0xff, 0xff, 0xff, 0xff, 0xff, 0xf8, 0x03, 0x00, 0xf8, 0xff, 
	0xff, 0x7f, 0xff, 0x07, 0x00, 0xfc, 0xff, 0xff, 0xff, 0xff, 0x7f, 0xfc, 0x03, 0x00, 0xf0, 0xff, 
	0xff, 0xbf, 0xff, 0x07, 0x00, 0xf8, 0xff, 0xff, 0xff, 0xff, 0x3f, 0xff, 0x03, 0x00, 0xf0, 0xff, 
	0xff, 0xbf, 0xff, 0x07, 0x00, 0xf9, 0xff, 0xff, 0xff, 0xff, 0x1f, 0xff, 0x03, 0x00, 0xe0, 0xff, 
	0xff, 0xef, 0xff, 0x03, 0x00, 0xf3, 0xff, 0xff, 0xff, 0xff, 0x9f, 0xff, 0x01, 0x00, 0xe0, 0xff, 
	0xff, 0xe7, 0xff, 0x03, 0x00, 0xe6, 0xff, 0xff, 0xff, 0xff, 0xcf, 0xff, 0x01, 0x00, 0xc0, 0xff, 
	0xff, 0xe7, 0xff, 0x03, 0x00, 0xec, 0xff, 0xff, 0xff, 0xff, 0xc7, 0xff, 0x00, 0x00, 0x40, 0xff, 
	0xff, 0xf7, 0xff, 0x03, 0x00, 0xec, 0xff, 0xff, 0xff, 0xff, 0xe7, 0xff, 0x00, 0x00, 0xc0, 0xff, 
	0xff, 0xf3, 0xff, 0x01, 0x00, 0xcc, 0xff, 0xff, 0xff, 0xff, 0xf3, 0x7f, 0x00, 0x00, 0x80, 0xfe, 
	0xff, 0xf3, 0xff, 0x01, 0x00, 0xc8, 0xff, 0xff, 0xff, 0xff, 0xf3, 0x7f, 0x00, 0x00, 0x80, 0xfe, 
	0xff, 0xfb, 0x7f, 0x00, 0x00, 0xc8, 0xff, 0xff, 0xff, 0xff, 0xf3, 0x3f, 0x00, 0x00, 0x80, 0xfe, 
	0xff, 0xfb, 0x3f, 0x00, 0x00, 0xc8, 0xff, 0xff, 0xff, 0xff, 0xf3, 0x1f, 0x00, 0x00, 0x80, 0xfe, 
	0xff, 0xfb, 0x1f, 0x00, 0x00, 0xc8, 0xff, 0xff, 0xff, 0xff, 0xf3, 0x0f, 0x00, 0x00, 0x80, 0xfe, 
	0xff, 0xfb, 0x07, 0x00, 0x00, 0x88, 0xff, 0xff, 0xff, 0xff, 0xf3, 0x03, 0x00, 0x00, 0x80, 0xfc, 
	0xff, 0x81, 0x00, 0x00, 0x00, 0x88, 0xff, 0xff, 0xff, 0xff, 0xf3, 0x01, 0x00, 0x00, 0x80, 0xfc, 
	0xff, 0x01, 0x00, 0x00, 0x00, 0xc8, 0xff, 0xff, 0xff, 0xff, 0x03, 0x00, 0x00, 0x00, 0x80, 0xfc, 
	0xff, 0x01, 0x00, 0x00, 0x00, 0xc8, 0xff, 0xff, 0xff, 0xff, 0x07, 0x00, 0x00, 0x00, 0x80, 0xfe, 
	0xff, 0x01, 0x00, 0x00, 0x00, 0xcc, 0xff, 0xff, 0xff, 0xff, 0x03, 0x00, 0x00, 0x00, 0x80, 0xfe, 
	0xff, 0x01, 0x00, 0x00, 0x00, 0xc4, 0xff, 0xff, 0xff, 0xff, 0x03, 0x00, 0x00, 0x00, 0x40, 0xfe, 
	0xff, 0x03, 0x00, 0x00, 0x00, 0xc4, 0xff, 0xff, 0xff, 0xff, 0x03, 0x00, 0x00, 0x00, 0x40, 0xfe, 
	0xff, 0x03, 0x00, 0x00, 0x00, 0xe4, 0xff, 0xff, 0xff, 0xff, 0x07, 0x00, 0x00, 0x00, 0x40, 0xfe, 
	0xff, 0x03, 0x00, 0x00, 0x00, 0xe4, 0xff, 0xff, 0xff, 0xff, 0x07, 0x00, 0x00, 0x00, 0x20, 0xfe, 
	0xff, 0x03, 0x00, 0x00, 0x00, 0xe4, 0xff, 0xff, 0xff, 0xff, 0x4f, 0x00, 0x00, 0x00, 0x20, 0xff, 
	0xff, 0x07, 0x00, 0x00, 0x00, 0xf4, 0xff, 0xff, 0xff, 0xff, 0x0f, 0x00, 0x00, 0x00, 0x90, 0xff, 
	0xff, 0x0f, 0x00, 0x00, 0x00, 0xfa, 0xff, 0xff, 0xff, 0xff, 0x1f, 0x00, 0x00, 0x00, 0xd0, 0xff, 
	0xff, 0x1f, 0x00, 0x00, 0x00, 0xfa, 0xff, 0xff, 0xff, 0xff, 0x3f, 0x00, 0x00, 0x00, 0xc8, 0xff, 
	0xff, 0x1f, 0x00, 0x00, 0x00, 0xff, 0xff, 0xff, 0xff, 0xff, 0x3f, 0x00, 0x00, 0x00, 0xe4, 0xff, 
	0xff, 0x1f, 0x00, 0x00, 0x80, 0xff, 0xff, 0xff, 0x0f, 0xfc, 0x7f, 0x00, 0x00, 0x00, 0xf6, 0xff, 
	0xff, 0x7f, 0x00, 0x00, 0xc0, 0xff, 0xff, 0xff, 0x07, 0x7e, 0xfe, 0x00, 0x00, 0x00, 0xfb, 0xff, 
	0xff, 0xff, 0x00, 0x00, 0xc0, 0xff, 0xff, 0xff, 0xe7, 0x7f, 0xf0, 0x03, 0x00, 0x80, 0xf8, 0xff, 
	0x3f, 0xf8, 0x03, 0x00, 0xc0, 0x07, 0xf0, 0xff, 0xe7, 0x7f, 0xe0, 0x07, 0x00, 0x60, 0xff, 0xff, 
	0xc1, 0x83, 0x07, 0x00, 0xf0, 0xbf, 0xff, 0xff, 0xc7, 0x7f, 0xe4, 0x1f, 0x10, 0xf8, 0xff, 0xff, 
	0xfc, 0x7f, 0x1e, 0x00, 0xfc, 0xbf, 0x1f, 0x87, 0x07, 0x7f, 0xfc, 0xff, 0x00, 0xff, 0x0f, 0xf8, 
	0xff, 0xff, 0xfe, 0xff, 0xff, 0xbf, 0x07, 0x03, 0xe7, 0xf0, 0xfc, 0xff, 0xff, 0xff, 0xe3, 0xc3, 
	0xfe, 0xff, 0xfe, 0xff, 0xff, 0x9f, 0x43, 0x32, 0xe7, 0xf0, 0xfc, 0xff, 0xff, 0xff, 0xfc, 0xbf, 
	0xf1, 0x0f, 0xff, 0xff, 0xff, 0x9f, 0x73, 0x72, 0xe7, 0xe2, 0xfc, 0xff, 0xff, 0xff, 0xf9, 0xcf, 
	0x07, 0xe0, 0xff, 0xff, 0xff, 0x9f, 0x63, 0x32, 0xff, 0xc0, 0xfc, 0xff, 0xff, 0xff, 0x03, 0xe0, 
	0xff, 0xff, 0xff, 0xff, 0xff, 0xbf, 0x07, 0x07, 0xff, 0x98, 0xff, 0xff, 0xff, 0xff, 0xff, 0xff, 
	0xff, 0xff, 0xff, 0xff, 0xff, 0xff, 0xdf, 0x87, 0xff, 0xff, 0xff, 0xff, 0xff, 0xff, 0xff, 0xff, 
	0xff, 0xff, 0xff, 0xff, 0xff, 0xff, 0xff, 0xff, 0xff, 0xff, 0xff, 0xff, 0xff, 0xff, 0xff, 0xff
};
// 'frame0017', 128x50px
const unsigned char epd_bitmap_frame0017 [] PROGMEM = {
	0xff, 0xff, 0xff, 0xff, 0xff, 0xff, 0xff, 0xff, 0xff, 0xff, 0xff, 0xff, 0xff, 0xff, 0xff, 0xff, 
	0xff, 0xff, 0xff, 0xff, 0xff, 0xff, 0xff, 0xff, 0xff, 0xff, 0xff, 0xff, 0xff, 0xff, 0xff, 0xff, 
	0xff, 0xff, 0xff, 0xff, 0xff, 0xff, 0xff, 0xff, 0xff, 0xff, 0xff, 0xff, 0xff, 0xff, 0xff, 0xff, 
	0xff, 0xff, 0xff, 0xff, 0xff, 0xff, 0xff, 0xff, 0xff, 0xff, 0xff, 0xff, 0xff, 0xff, 0xff, 0xff, 
	0xff, 0xff, 0xff, 0xff, 0xff, 0xff, 0xff, 0xff, 0xff, 0xff, 0xff, 0xff, 0xff, 0xff, 0xff, 0xff, 
	0xff, 0xff, 0x7f, 0x00, 0xfe, 0xff, 0xff, 0xff, 0xff, 0xff, 0xff, 0xff, 0x00, 0xf8, 0xff, 0xff, 
	0xff, 0xff, 0x7f, 0x00, 0xfe, 0xff, 0xff, 0xff, 0xff, 0xff, 0xff, 0xff, 0x00, 0xf8, 0xff, 0xff, 
	0xff, 0xff, 0x87, 0x07, 0xe0, 0xff, 0xff, 0xff, 0xff, 0xff, 0xff, 0x0f, 0x06, 0x80, 0xff, 0xff, 
	0xff, 0xff, 0xf3, 0x0f, 0xc0, 0xff, 0xff, 0xff, 0xff, 0xff, 0xff, 0xc7, 0x07, 0x00, 0xfe, 0xff, 
	0xff, 0xff, 0xf8, 0x0f, 0x00, 0xff, 0xff, 0xff, 0xff, 0xff, 0xff, 0xf3, 0x03, 0x00, 0xfc, 0xff, 
	0xff, 0x7f, 0xfc, 0x07, 0x00, 0xfe, 0xff, 0xff, 0xff, 0xff, 0xff, 0xf8, 0x03, 0x00, 0xf8, 0xff, 
	0xff, 0x7f, 0xff, 0x07, 0x00, 0xfc, 0xff, 0xff, 0xff, 0xff, 0x7f, 0xfc, 0x03, 0x00, 0xf0, 0xff, 
	0xff, 0xbf, 0xff, 0x07, 0x00, 0xf8, 0xff, 0xff, 0xff, 0xff, 0x3f, 0xff, 0x03, 0x00, 0xf0, 0xff, 
	0xff, 0xbf, 0xff, 0x07, 0x00, 0xf9, 0xff, 0xff, 0xff, 0xff, 0x1f, 0xff, 0x03, 0x00, 0xe0, 0xff, 
	0xff, 0xef, 0xff, 0x03, 0x00, 0xf3, 0xff, 0xff, 0xff, 0xff, 0x9f, 0xff, 0x01, 0x00, 0xe0, 0xff, 
	0xff, 0xe7, 0xff, 0x03, 0x00, 0xe6, 0xff, 0xff, 0xff, 0xff, 0xcf, 0xff, 0x01, 0x00, 0xc0, 0xff, 
	0xff, 0xe7, 0xff, 0x03, 0x00, 0xec, 0xff, 0xff, 0xff, 0xff, 0xc7, 0xff, 0x00, 0x00, 0x40, 0xff, 
	0xff, 0xf7, 0xff, 0x03, 0x00, 0xec, 0xff, 0xff, 0xff, 0xff, 0xe7, 0xff, 0x00, 0x00, 0xc0, 0xff, 
	0xff, 0xf3, 0xff, 0x01, 0x00, 0xcc, 0xff, 0xff, 0xff, 0xff, 0xf3, 0x7f, 0x00, 0x00, 0x80, 0xfe, 
	0xff, 0xf3, 0xff, 0x01, 0x00, 0xc8, 0xff, 0xff, 0xff, 0xff, 0xf3, 0x7f, 0x00, 0x00, 0x80, 0xfe, 
	0xff, 0xfb, 0x7f, 0x00, 0x00, 0xc8, 0xff, 0xff, 0xff, 0xff, 0xf3, 0x3f, 0x00, 0x00, 0x80, 0xfe, 
	0xff, 0xfb, 0x3f, 0x00, 0x00, 0xc8, 0xff, 0xff, 0xff, 0xff, 0xf3, 0x1f, 0x00, 0x00, 0x80, 0xfe, 
	0xff, 0xfb, 0x1f, 0x00, 0x00, 0xc8, 0xff, 0xff, 0xff, 0xff, 0xf3, 0x0f, 0x00, 0x00, 0x80, 0xfe, 
	0xff, 0xfb, 0x07, 0x00, 0x00, 0x88, 0xff, 0xff, 0xff, 0xff, 0xf3, 0x03, 0x00, 0x00, 0x80, 0xfc, 
	0xff, 0x81, 0x00, 0x00, 0x00, 0x88, 0xff, 0xff, 0xff, 0xff, 0xf3, 0x01, 0x00, 0x00, 0x80, 0xfc, 
	0xff, 0x01, 0x00, 0x00, 0x00, 0xc8, 0xff, 0xff, 0xff, 0xff, 0x03, 0x00, 0x00, 0x00, 0x80, 0xfc, 
	0xff, 0x01, 0x00, 0x00, 0x00, 0xc8, 0xff, 0xff, 0xff, 0xff, 0x07, 0x00, 0x00, 0x00, 0x80, 0xfe, 
	0xff, 0x01, 0x00, 0x00, 0x00, 0xcc, 0xff, 0xff, 0xff, 0xff, 0x03, 0x00, 0x00, 0x00, 0x80, 0xfe, 
	0xff, 0x01, 0x00, 0x00, 0x00, 0xc4, 0xff, 0xff, 0xff, 0xff, 0x03, 0x00, 0x00, 0x00, 0x40, 0xfe, 
	0xff, 0x03, 0x00, 0x00, 0x00, 0xc4, 0xff, 0xff, 0xff, 0xff, 0x03, 0x00, 0x00, 0x00, 0x40, 0xfe, 
	0xff, 0x03, 0x00, 0x00, 0x00, 0xe4, 0xff, 0xff, 0xff, 0xff, 0x07, 0x00, 0x00, 0x00, 0x40, 0xfe, 
	0xff, 0x03, 0x00, 0x00, 0x00, 0xe4, 0xff, 0xff, 0xff, 0xff, 0x07, 0x00, 0x00, 0x00, 0x20, 0xfe, 
	0xff, 0x03, 0x00, 0x00, 0x00, 0xe4, 0xff, 0xff, 0xff, 0xff, 0x4f, 0x00, 0x00, 0x00, 0x20, 0xff, 
	0xff, 0x07, 0x00, 0x00, 0x00, 0xf4, 0xff, 0xff, 0xff, 0xff, 0x0f, 0x00, 0x00, 0x00, 0x90, 0xff, 
	0xff, 0x0f, 0x00, 0x00, 0x00, 0xfa, 0xff, 0xff, 0xff, 0xff, 0x1f, 0x00, 0x00, 0x00, 0xd0, 0xff, 
	0xff, 0x1f, 0x00, 0x00, 0x00, 0xfa, 0xff, 0xff, 0xff, 0xff, 0x3f, 0x00, 0x00, 0x00, 0xc8, 0xff, 
	0xff, 0x1f, 0x00, 0x00, 0x00, 0xff, 0xff, 0xff, 0xff, 0xff, 0x3f, 0x00, 0x00, 0x00, 0xe4, 0xff, 
	0xff, 0x1f, 0x00, 0x00, 0x80, 0xff, 0xff, 0xff, 0x0f, 0xfc, 0x7f, 0x00, 0x00, 0x00, 0xf6, 0xff, 
	0xff, 0x7f, 0x00, 0x00, 0xc0, 0xff, 0xff, 0xff, 0x07, 0x7e, 0xfe, 0x00, 0x00, 0x00, 0xfb, 0xff, 
	0xff, 0xff, 0x00, 0x00, 0xc0, 0xff, 0xff, 0xff, 0xe7, 0x7f, 0xf0, 0x03, 0x00, 0x80, 0xf8, 0xff, 
	0x3f, 0xf8, 0x03, 0x00, 0xc0, 0x07, 0xf0, 0xff, 0xe7, 0x7f, 0xe0, 0x07, 0x00, 0x60, 0xff, 0xff, 
	0xc1, 0x83, 0x07, 0x00, 0xf0, 0xbf, 0xff, 0xff, 0xc7, 0x7f, 0xe4, 0x1f, 0x10, 0xf8, 0xff, 0xff, 
	0xfc, 0x7f, 0x1e, 0x00, 0xfc, 0xbf, 0x1f, 0x87, 0x07, 0x7f, 0xfc, 0xff, 0x00, 0xff, 0x0f, 0xf8, 
	0xff, 0xff, 0xfe, 0xff, 0xff, 0xbf, 0x07, 0x03, 0xe7, 0xf0, 0xfc, 0xff, 0xff, 0xff, 0xe3, 0xc3, 
	0xfe, 0xff, 0xfe, 0xff, 0xff, 0x9f, 0x43, 0x32, 0xe7, 0xf0, 0xfc, 0xff, 0xff, 0xff, 0xfc, 0xbf, 
	0xf1, 0x0f, 0xff, 0xff, 0xff, 0x9f, 0x73, 0x72, 0xe7, 0xe2, 0xfc, 0xff, 0xff, 0xff, 0xf9, 0xcf, 
	0x07, 0xe0, 0xff, 0xff, 0xff, 0x9f, 0x63, 0x32, 0xff, 0xc0, 0xfc, 0xff, 0xff, 0xff, 0x03, 0xe0, 
	0xff, 0xff, 0xff, 0xff, 0xff, 0xbf, 0x07, 0x07, 0xff, 0x98, 0xff, 0xff, 0xff, 0xff, 0xff, 0xff, 
	0xff, 0xff, 0xff, 0xff, 0xff, 0xff, 0xdf, 0x87, 0xff, 0xff, 0xff, 0xff, 0xff, 0xff, 0xff, 0xff, 
	0xff, 0xff, 0xff, 0xff, 0xff, 0xff, 0xff, 0xff, 0xff, 0xff, 0xff, 0xff, 0xff, 0xff, 0xff, 0xff
};
// 'frame0018', 128x50px
const unsigned char epd_bitmap_frame0018 [] PROGMEM = {
	0xff, 0xff, 0xff, 0xff, 0xff, 0xff, 0xff, 0xff, 0xff, 0xff, 0xff, 0xff, 0xff, 0xff, 0xff, 0xff, 
	0xff, 0xff, 0xff, 0xff, 0xff, 0xff, 0xff, 0xff, 0xff, 0xff, 0xff, 0xff, 0xff, 0xff, 0xff, 0xff, 
	0xff, 0xff, 0xff, 0xff, 0xff, 0xff, 0xff, 0xff, 0xff, 0xff, 0xff, 0xff, 0xff, 0xff, 0xff, 0xff, 
	0xff, 0xff, 0xff, 0xff, 0xff, 0xff, 0xff, 0xff, 0xff, 0xff, 0xff, 0xff, 0xff, 0xff, 0xff, 0xff, 
	0xff, 0xff, 0xff, 0xff, 0xff, 0xff, 0xff, 0xff, 0xff, 0xff, 0xff, 0xff, 0xff, 0xff, 0xff, 0xff, 
	0xff, 0xff, 0x7f, 0x00, 0xfe, 0xff, 0xff, 0xff, 0xff, 0xff, 0xff, 0xff, 0x00, 0xf8, 0xff, 0xff, 
	0xff, 0xff, 0x7f, 0x00, 0xfe, 0xff, 0xff, 0xff, 0xff, 0xff, 0xff, 0xff, 0x00, 0xf8, 0xff, 0xff, 
	0xff, 0xff, 0x87, 0x07, 0xe0, 0xff, 0xff, 0xff, 0xff, 0xff, 0xff, 0x0f, 0x06, 0x80, 0xff, 0xff, 
	0xff, 0xff, 0xf3, 0x0f, 0xc0, 0xff, 0xff, 0xff, 0xff, 0xff, 0xff, 0xc7, 0x07, 0x00, 0xfe, 0xff, 
	0xff, 0xff, 0xf8, 0x0f, 0x00, 0xff, 0xff, 0xff, 0xff, 0xff, 0xff, 0xf3, 0x03, 0x00, 0xfc, 0xff, 
	0xff, 0x7f, 0xfc, 0x07, 0x00, 0xfe, 0xff, 0xff, 0xff, 0xff, 0xff, 0xf8, 0x03, 0x00, 0xf8, 0xff, 
	0xff, 0x7f, 0xff, 0x07, 0x00, 0xfc, 0xff, 0xff, 0xff, 0xff, 0x7f, 0xfc, 0x03, 0x00, 0xf0, 0xff, 
	0xff, 0xbf, 0xff, 0x07, 0x00, 0xf8, 0xff, 0xff, 0xff, 0xff, 0x3f, 0xff, 0x03, 0x00, 0xf0, 0xff, 
	0xff, 0xbf, 0xff, 0x07, 0x00, 0xf9, 0xff, 0xff, 0xff, 0xff, 0x1f, 0xff, 0x03, 0x00, 0xe0, 0xff, 
	0xff, 0xef, 0xff, 0x03, 0x00, 0xf3, 0xff, 0xff, 0xff, 0xff, 0x9f, 0xff, 0x01, 0x00, 0xe0, 0xff, 
	0xff, 0xe7, 0xff, 0x03, 0x00, 0xe6, 0xff, 0xff, 0xff, 0xff, 0xcf, 0xff, 0x01, 0x00, 0xc0, 0xff, 
	0xff, 0xe7, 0xff, 0x03, 0x00, 0xec, 0xff, 0xff, 0xff, 0xff, 0xc7, 0xff, 0x00, 0x00, 0x40, 0xff, 
	0xff, 0xf7, 0xff, 0x03, 0x00, 0xec, 0xff, 0xff, 0xff, 0xff, 0xe7, 0xff, 0x00, 0x00, 0xc0, 0xff, 
	0xff, 0xf3, 0xff, 0x01, 0x00, 0xcc, 0xff, 0xff, 0xff, 0xff, 0xf3, 0x7f, 0x00, 0x00, 0x80, 0xfe, 
	0xff, 0xf3, 0xff, 0x01, 0x00, 0xc8, 0xff, 0xff, 0xff, 0xff, 0xf3, 0x7f, 0x00, 0x00, 0x80, 0xfe, 
	0xff, 0xfb, 0x7f, 0x00, 0x00, 0xc8, 0xff, 0xff, 0xff, 0xff, 0xf3, 0x3f, 0x00, 0x00, 0x80, 0xfe, 
	0xff, 0xfb, 0x3f, 0x00, 0x00, 0xc8, 0xff, 0xff, 0xff, 0xff, 0xf3, 0x1f, 0x00, 0x00, 0x80, 0xfe, 
	0xff, 0xfb, 0x1f, 0x00, 0x00, 0xc8, 0xff, 0xff, 0xff, 0xff, 0xf3, 0x0f, 0x00, 0x00, 0x80, 0xfe, 
	0xff, 0xfb, 0x07, 0x00, 0x00, 0x88, 0xff, 0xff, 0xff, 0xff, 0xf3, 0x03, 0x00, 0x00, 0x80, 0xfc, 
	0xff, 0x81, 0x00, 0x00, 0x00, 0x88, 0xff, 0xff, 0xff, 0xff, 0xf3, 0x01, 0x00, 0x00, 0x80, 0xfc, 
	0xff, 0x01, 0x00, 0x00, 0x00, 0xc8, 0xff, 0xff, 0xff, 0xff, 0x03, 0x00, 0x00, 0x00, 0x80, 0xfc, 
	0xff, 0x01, 0x00, 0x00, 0x00, 0xc8, 0xff, 0xff, 0xff, 0xff, 0x07, 0x00, 0x00, 0x00, 0x80, 0xfe, 
	0xff, 0x01, 0x00, 0x00, 0x00, 0xcc, 0xff, 0xff, 0xff, 0xff, 0x03, 0x00, 0x00, 0x00, 0x80, 0xfe, 
	0xff, 0x01, 0x00, 0x00, 0x00, 0xc4, 0xff, 0xff, 0xff, 0xff, 0x03, 0x00, 0x00, 0x00, 0x40, 0xfe, 
	0xff, 0x03, 0x00, 0x00, 0x00, 0xc4, 0xff, 0xff, 0xff, 0xff, 0x03, 0x00, 0x00, 0x00, 0x40, 0xfe, 
	0xff, 0x03, 0x00, 0x00, 0x00, 0xe4, 0xff, 0xff, 0xff, 0xff, 0x07, 0x00, 0x00, 0x00, 0x40, 0xfe, 
	0xff, 0x03, 0x00, 0x00, 0x00, 0xe4, 0xff, 0xff, 0xff, 0xff, 0x07, 0x00, 0x00, 0x00, 0x20, 0xfe, 
	0xff, 0x03, 0x00, 0x00, 0x00, 0xe4, 0xff, 0xff, 0xff, 0xff, 0x4f, 0x00, 0x00, 0x00, 0x20, 0xff, 
	0xff, 0x07, 0x00, 0x00, 0x00, 0xf4, 0xff, 0xff, 0xff, 0xff, 0x0f, 0x00, 0x00, 0x00, 0x90, 0xff, 
	0xff, 0x0f, 0x00, 0x00, 0x00, 0xfa, 0xff, 0xff, 0xff, 0xff, 0x1f, 0x00, 0x00, 0x00, 0xd0, 0xff, 
	0xff, 0x1f, 0x00, 0x00, 0x00, 0xfa, 0xff, 0xff, 0xff, 0xff, 0x3f, 0x00, 0x00, 0x00, 0xc8, 0xff, 
	0xff, 0x1f, 0x00, 0x00, 0x00, 0xff, 0xff, 0xff, 0xff, 0xff, 0x3f, 0x00, 0x00, 0x00, 0xe4, 0xff, 
	0xff, 0x1f, 0x00, 0x00, 0x80, 0xff, 0xff, 0xff, 0x0f, 0xfc, 0x7f, 0x00, 0x00, 0x00, 0xf6, 0xff, 
	0xff, 0x7f, 0x00, 0x00, 0xc0, 0xff, 0xff, 0xff, 0x07, 0x7e, 0xfe, 0x00, 0x00, 0x00, 0xfb, 0xff, 
	0xff, 0xff, 0x00, 0x00, 0xc0, 0xff, 0xff, 0xff, 0xe7, 0x7f, 0xf0, 0x03, 0x00, 0x80, 0xf8, 0xff, 
	0x3f, 0xf8, 0x03, 0x00, 0xc0, 0x07, 0xf0, 0xff, 0xe7, 0x7f, 0xe0, 0x07, 0x00, 0x60, 0xff, 0xff, 
	0xc1, 0x83, 0x07, 0x00, 0xf0, 0xbf, 0xff, 0xff, 0xc7, 0x7f, 0xe4, 0x1f, 0x10, 0xf8, 0xff, 0xff, 
	0xfc, 0x7f, 0x1e, 0x00, 0xfc, 0xbf, 0x1f, 0x87, 0x07, 0x7f, 0xfc, 0xff, 0x00, 0xff, 0x0f, 0xf8, 
	0xff, 0xff, 0xfe, 0xff, 0xff, 0xbf, 0x07, 0x03, 0xe7, 0xf0, 0xfc, 0xff, 0xff, 0xff, 0xe3, 0xc3, 
	0xfe, 0xff, 0xfe, 0xff, 0xff, 0x9f, 0x43, 0x32, 0xe7, 0xf0, 0xfc, 0xff, 0xff, 0xff, 0xfc, 0xbf, 
	0xf1, 0x0f, 0xff, 0xff, 0xff, 0x9f, 0x73, 0x72, 0xe7, 0xe2, 0xfc, 0xff, 0xff, 0xff, 0xf9, 0xcf, 
	0x07, 0xe0, 0xff, 0xff, 0xff, 0x9f, 0x63, 0x32, 0xff, 0xc0, 0xfc, 0xff, 0xff, 0xff, 0x03, 0xe0, 
	0xff, 0xff, 0xff, 0xff, 0xff, 0xbf, 0x07, 0x07, 0xff, 0x98, 0xff, 0xff, 0xff, 0xff, 0xff, 0xff, 
	0xff, 0xff, 0xff, 0xff, 0xff, 0xff, 0xdf, 0x87, 0xff, 0xff, 0xff, 0xff, 0xff, 0xff, 0xff, 0xff, 
	0xff, 0xff, 0xff, 0xff, 0xff, 0xff, 0xff, 0xff, 0xff, 0xff, 0xff, 0xff, 0xff, 0xff, 0xff, 0xff
};
// 'frame0019', 128x50px
const unsigned char epd_bitmap_frame0019 [] PROGMEM = {
	0xff, 0xff, 0xff, 0xff, 0xff, 0xff, 0xff, 0xff, 0xff, 0xff, 0xff, 0xff, 0xff, 0xff, 0xff, 0xff, 
	0xff, 0xff, 0xff, 0xff, 0xff, 0xff, 0xff, 0xff, 0xff, 0xff, 0xff, 0xff, 0xff, 0xff, 0xff, 0xff, 
	0xff, 0xff, 0xff, 0xff, 0xff, 0xff, 0xff, 0xff, 0xff, 0xff, 0xff, 0xff, 0xff, 0xff, 0xff, 0xff, 
	0xff, 0xff, 0xff, 0xff, 0xff, 0xff, 0xff, 0xff, 0xff, 0xff, 0xff, 0xff, 0xff, 0xff, 0xff, 0xff, 
	0xff, 0xff, 0xff, 0xff, 0xff, 0xff, 0xff, 0xff, 0xff, 0xff, 0xff, 0xff, 0xff, 0xff, 0xff, 0xff, 
	0xff, 0xff, 0x7f, 0x00, 0xfe, 0xff, 0xff, 0xff, 0xff, 0xff, 0xff, 0xff, 0x00, 0xf8, 0xff, 0xff, 
	0xff, 0xff, 0x7f, 0x00, 0xfe, 0xff, 0xff, 0xff, 0xff, 0xff, 0xff, 0xff, 0x00, 0xf8, 0xff, 0xff, 
	0xff, 0xff, 0x87, 0x07, 0xe0, 0xff, 0xff, 0xff, 0xff, 0xff, 0xff, 0x0f, 0x06, 0x80, 0xff, 0xff, 
	0xff, 0xff, 0xf3, 0x0f, 0xc0, 0xff, 0xff, 0xff, 0xff, 0xff, 0xff, 0xc7, 0x07, 0x00, 0xfe, 0xff, 
	0xff, 0xff, 0xf8, 0x0f, 0x00, 0xff, 0xff, 0xff, 0xff, 0xff, 0xff, 0xf3, 0x03, 0x00, 0xfc, 0xff, 
	0xff, 0x7f, 0xfc, 0x07, 0x00, 0xfe, 0xff, 0xff, 0xff, 0xff, 0xff, 0xf8, 0x03, 0x00, 0xf8, 0xff, 
	0xff, 0x7f, 0xff, 0x07, 0x00, 0xfc, 0xff, 0xff, 0xff, 0xff, 0x7f, 0xfc, 0x03, 0x00, 0xf0, 0xff, 
	0xff, 0xbf, 0xff, 0x07, 0x00, 0xf8, 0xff, 0xff, 0xff, 0xff, 0x3f, 0xff, 0x03, 0x00, 0xf0, 0xff, 
	0xff, 0xbf, 0xff, 0x07, 0x00, 0xf9, 0xff, 0xff, 0xff, 0xff, 0x1f, 0xff, 0x03, 0x00, 0xe0, 0xff, 
	0xff, 0xef, 0xff, 0x03, 0x00, 0xf3, 0xff, 0xff, 0xff, 0xff, 0x9f, 0xff, 0x01, 0x00, 0xe0, 0xff, 
	0xff, 0xe7, 0xff, 0x03, 0x00, 0xe6, 0xff, 0xff, 0xff, 0xff, 0xcf, 0xff, 0x01, 0x00, 0xc0, 0xff, 
	0xff, 0xe7, 0xff, 0x03, 0x00, 0xec, 0xff, 0xff, 0xff, 0xff, 0xc7, 0xff, 0x00, 0x00, 0x40, 0xff, 
	0xff, 0xf7, 0xff, 0x03, 0x00, 0xec, 0xff, 0xff, 0xff, 0xff, 0xe7, 0xff, 0x00, 0x00, 0xc0, 0xff, 
	0xff, 0xf3, 0xff, 0x01, 0x00, 0xcc, 0xff, 0xff, 0xff, 0xff, 0xf3, 0x7f, 0x00, 0x00, 0x80, 0xfe, 
	0xff, 0xf3, 0xff, 0x01, 0x00, 0xc8, 0xff, 0xff, 0xff, 0xff, 0xf3, 0x7f, 0x00, 0x00, 0x80, 0xfe, 
	0xff, 0xfb, 0x7f, 0x00, 0x00, 0xc8, 0xff, 0xff, 0xff, 0xff, 0xf3, 0x3f, 0x00, 0x00, 0x80, 0xfe, 
	0xff, 0xfb, 0x3f, 0x00, 0x00, 0xc8, 0xff, 0xff, 0xff, 0xff, 0xf3, 0x1f, 0x00, 0x00, 0x80, 0xfe, 
	0xff, 0xfb, 0x1f, 0x00, 0x00, 0xc8, 0xff, 0xff, 0xff, 0xff, 0xf3, 0x0f, 0x00, 0x00, 0x80, 0xfe, 
	0xff, 0xfb, 0x07, 0x00, 0x00, 0x88, 0xff, 0xff, 0xff, 0xff, 0xf3, 0x03, 0x00, 0x00, 0x80, 0xfc, 
	0xff, 0x81, 0x00, 0x00, 0x00, 0x88, 0xff, 0xff, 0xff, 0xff, 0xf3, 0x01, 0x00, 0x00, 0x80, 0xfc, 
	0xff, 0x01, 0x00, 0x00, 0x00, 0xc8, 0xff, 0xff, 0xff, 0xff, 0x03, 0x00, 0x00, 0x00, 0x80, 0xfc, 
	0xff, 0x01, 0x00, 0x00, 0x00, 0xc8, 0xff, 0xff, 0xff, 0xff, 0x07, 0x00, 0x00, 0x00, 0x80, 0xfe, 
	0xff, 0x01, 0x00, 0x00, 0x00, 0xcc, 0xff, 0xff, 0xff, 0xff, 0x03, 0x00, 0x00, 0x00, 0x80, 0xfe, 
	0xff, 0x01, 0x00, 0x00, 0x00, 0xc4, 0xff, 0xff, 0xff, 0xff, 0x03, 0x00, 0x00, 0x00, 0x40, 0xfe, 
	0xff, 0x03, 0x00, 0x00, 0x00, 0xc4, 0xff, 0xff, 0xff, 0xff, 0x03, 0x00, 0x00, 0x00, 0x40, 0xfe, 
	0xff, 0x03, 0x00, 0x00, 0x00, 0xe4, 0xff, 0xff, 0xff, 0xff, 0x07, 0x00, 0x00, 0x00, 0x40, 0xfe, 
	0xff, 0x03, 0x00, 0x00, 0x00, 0xe4, 0xff, 0xff, 0xff, 0xff, 0x07, 0x00, 0x00, 0x00, 0x20, 0xfe, 
	0xff, 0x03, 0x00, 0x00, 0x00, 0xe4, 0xff, 0xff, 0xff, 0xff, 0x4f, 0x00, 0x00, 0x00, 0x20, 0xff, 
	0xff, 0x07, 0x00, 0x00, 0x00, 0xf4, 0xff, 0xff, 0xff, 0xff, 0x0f, 0x00, 0x00, 0x00, 0x90, 0xff, 
	0xff, 0x0f, 0x00, 0x00, 0x00, 0xfa, 0xff, 0xff, 0xff, 0xff, 0x1f, 0x00, 0x00, 0x00, 0xd0, 0xff, 
	0xff, 0x1f, 0x00, 0x00, 0x00, 0xfa, 0xff, 0xff, 0xff, 0xff, 0x3f, 0x00, 0x00, 0x00, 0xc8, 0xff, 
	0xff, 0x1f, 0x00, 0x00, 0x00, 0xff, 0xff, 0xff, 0xff, 0xff, 0x3f, 0x00, 0x00, 0x00, 0xe4, 0xff, 
	0xff, 0x1f, 0x00, 0x00, 0x80, 0xff, 0xff, 0xff, 0x0f, 0xfc, 0x7f, 0x00, 0x00, 0x00, 0xf6, 0xff, 
	0xff, 0x7f, 0x00, 0x00, 0xc0, 0xff, 0xff, 0xff, 0x07, 0x7e, 0xfe, 0x00, 0x00, 0x00, 0xfb, 0xff, 
	0xff, 0xff, 0x00, 0x00, 0xc0, 0xff, 0xff, 0xff, 0xe7, 0x7f, 0xf0, 0x03, 0x00, 0x80, 0xf8, 0xff, 
	0x3f, 0xf8, 0x03, 0x00, 0xc0, 0x07, 0xf0, 0xff, 0xe7, 0x7f, 0xe0, 0x07, 0x00, 0x60, 0xff, 0xff, 
	0xc1, 0x83, 0x07, 0x00, 0xf0, 0xbf, 0xff, 0xff, 0xc7, 0x7f, 0xe4, 0x1f, 0x10, 0xf8, 0xff, 0xff, 
	0xfc, 0x7f, 0x1e, 0x00, 0xfc, 0xbf, 0x1f, 0x87, 0x07, 0x7f, 0xfc, 0xff, 0x00, 0xff, 0x0f, 0xf8, 
	0xff, 0xff, 0xfe, 0xff, 0xff, 0xbf, 0x07, 0x03, 0xe7, 0xf0, 0xfc, 0xff, 0xff, 0xff, 0xe3, 0xc3, 
	0xfe, 0xff, 0xfe, 0xff, 0xff, 0x9f, 0x43, 0x32, 0xe7, 0xf0, 0xfc, 0xff, 0xff, 0xff, 0xfc, 0xbf, 
	0xf1, 0x0f, 0xff, 0xff, 0xff, 0x9f, 0x73, 0x72, 0xe7, 0xe2, 0xfc, 0xff, 0xff, 0xff, 0xf9, 0xcf, 
	0x07, 0xe0, 0xff, 0xff, 0xff, 0x9f, 0x63, 0x32, 0xff, 0xc0, 0xfc, 0xff, 0xff, 0xff, 0x03, 0xe0, 
	0xff, 0xff, 0xff, 0xff, 0xff, 0xbf, 0x07, 0x07, 0xff, 0x98, 0xff, 0xff, 0xff, 0xff, 0xff, 0xff, 
	0xff, 0xff, 0xff, 0xff, 0xff, 0xff, 0xdf, 0x87, 0xff, 0xff, 0xff, 0xff, 0xff, 0xff, 0xff, 0xff, 
	0xff, 0xff, 0xff, 0xff, 0xff, 0xff, 0xff, 0xff, 0xff, 0xff, 0xff, 0xff, 0xff, 0xff, 0xff, 0xff
};
// 'frame0020', 128x50px
const unsigned char epd_bitmap_frame0020 [] PROGMEM = {
	0xff, 0xff, 0xff, 0xff, 0xff, 0xff, 0xff, 0xff, 0xff, 0xff, 0xff, 0xff, 0xff, 0xff, 0xff, 0xff, 
	0xff, 0xff, 0xff, 0xff, 0xff, 0xff, 0xff, 0xff, 0xff, 0xff, 0xff, 0xff, 0xff, 0xff, 0xff, 0xff, 
	0xff, 0xff, 0xff, 0xff, 0xff, 0xff, 0xff, 0xff, 0xff, 0xff, 0xff, 0xff, 0xff, 0xff, 0xff, 0xff, 
	0xff, 0xff, 0xff, 0xff, 0xff, 0xff, 0xff, 0xff, 0xff, 0xff, 0xff, 0xff, 0xff, 0xff, 0xff, 0xff, 
	0xff, 0xff, 0xff, 0xff, 0xff, 0xff, 0xff, 0xff, 0xff, 0xff, 0xff, 0xff, 0xff, 0xff, 0xff, 0xff, 
	0xff, 0xff, 0x7f, 0x00, 0xfe, 0xff, 0xff, 0xff, 0xff, 0xff, 0xff, 0xff, 0x00, 0xf8, 0xff, 0xff, 
	0xff, 0xff, 0x7f, 0x00, 0xfe, 0xff, 0xff, 0xff, 0xff, 0xff, 0xff, 0xff, 0x00, 0xf8, 0xff, 0xff, 
	0xff, 0xff, 0x87, 0x07, 0xe0, 0xff, 0xff, 0xff, 0xff, 0xff, 0xff, 0x0f, 0x06, 0x80, 0xff, 0xff, 
	0xff, 0xff, 0xf3, 0x0f, 0xc0, 0xff, 0xff, 0xff, 0xff, 0xff, 0xff, 0xc7, 0x07, 0x00, 0xfe, 0xff, 
	0xff, 0xff, 0xf8, 0x0f, 0x00, 0xff, 0xff, 0xff, 0xff, 0xff, 0xff, 0xf3, 0x03, 0x00, 0xfc, 0xff, 
	0xff, 0x7f, 0xfc, 0x07, 0x00, 0xfe, 0xff, 0xff, 0xff, 0xff, 0xff, 0xf8, 0x03, 0x00, 0xf8, 0xff, 
	0xff, 0x7f, 0xff, 0x07, 0x00, 0xfc, 0xff, 0xff, 0xff, 0xff, 0x7f, 0xfc, 0x03, 0x00, 0xf0, 0xff, 
	0xff, 0xbf, 0xff, 0x07, 0x00, 0xf8, 0xff, 0xff, 0xff, 0xff, 0x3f, 0xff, 0x03, 0x00, 0xf0, 0xff, 
	0xff, 0xbf, 0xff, 0x07, 0x00, 0xf9, 0xff, 0xff, 0xff, 0xff, 0x1f, 0xff, 0x03, 0x00, 0xe0, 0xff, 
	0xff, 0xef, 0xff, 0x03, 0x00, 0xf3, 0xff, 0xff, 0xff, 0xff, 0x9f, 0xff, 0x01, 0x00, 0xe0, 0xff, 
	0xff, 0xe7, 0xff, 0x03, 0x00, 0xe6, 0xff, 0xff, 0xff, 0xff, 0xcf, 0xff, 0x01, 0x00, 0xc0, 0xff, 
	0xff, 0xe7, 0xff, 0x03, 0x00, 0xec, 0xff, 0xff, 0xff, 0xff, 0xc7, 0xff, 0x00, 0x00, 0x40, 0xff, 
	0xff, 0xf7, 0xff, 0x03, 0x00, 0xec, 0xff, 0xff, 0xff, 0xff, 0xe7, 0xff, 0x00, 0x00, 0xc0, 0xff, 
	0xff, 0xf3, 0xff, 0x01, 0x00, 0xcc, 0xff, 0xff, 0xff, 0xff, 0xf3, 0x7f, 0x00, 0x00, 0x80, 0xfe, 
	0xff, 0xf3, 0xff, 0x01, 0x00, 0xc8, 0xff, 0xff, 0xff, 0xff, 0xf3, 0x7f, 0x00, 0x00, 0x80, 0xfe, 
	0xff, 0xfb, 0x7f, 0x00, 0x00, 0xc8, 0xff, 0xff, 0xff, 0xff, 0xf3, 0x3f, 0x00, 0x00, 0x80, 0xfe, 
	0xff, 0xfb, 0x3f, 0x00, 0x00, 0xc8, 0xff, 0xff, 0xff, 0xff, 0xf3, 0x1f, 0x00, 0x00, 0x80, 0xfe, 
	0xff, 0xfb, 0x1f, 0x00, 0x00, 0xc8, 0xff, 0xff, 0xff, 0xff, 0xf3, 0x0f, 0x00, 0x00, 0x80, 0xfe, 
	0xff, 0xfb, 0x07, 0x00, 0x00, 0x88, 0xff, 0xff, 0xff, 0xff, 0xf3, 0x03, 0x00, 0x00, 0x80, 0xfc, 
	0xff, 0x81, 0x00, 0x00, 0x00, 0x88, 0xff, 0xff, 0xff, 0xff, 0xf3, 0x01, 0x00, 0x00, 0x80, 0xfc, 
	0xff, 0x01, 0x00, 0x00, 0x00, 0xc8, 0xff, 0xff, 0xff, 0xff, 0x03, 0x00, 0x00, 0x00, 0x80, 0xfc, 
	0xff, 0x01, 0x00, 0x00, 0x00, 0xc8, 0xff, 0xff, 0xff, 0xff, 0x07, 0x00, 0x00, 0x00, 0x80, 0xfe, 
	0xff, 0x01, 0x00, 0x00, 0x00, 0xcc, 0xff, 0xff, 0xff, 0xff, 0x03, 0x00, 0x00, 0x00, 0x80, 0xfe, 
	0xff, 0x01, 0x00, 0x00, 0x00, 0xc4, 0xff, 0xff, 0xff, 0xff, 0x03, 0x00, 0x00, 0x00, 0x40, 0xfe, 
	0xff, 0x03, 0x00, 0x00, 0x00, 0xc4, 0xff, 0xff, 0xff, 0xff, 0x03, 0x00, 0x00, 0x00, 0x40, 0xfe, 
	0xff, 0x03, 0x00, 0x00, 0x00, 0xe4, 0xff, 0xff, 0xff, 0xff, 0x07, 0x00, 0x00, 0x00, 0x40, 0xfe, 
	0xff, 0x03, 0x00, 0x00, 0x00, 0xe4, 0xff, 0xff, 0xff, 0xff, 0x07, 0x00, 0x00, 0x00, 0x20, 0xfe, 
	0xff, 0x03, 0x00, 0x00, 0x00, 0xe4, 0xff, 0xff, 0xff, 0xff, 0x4f, 0x00, 0x00, 0x00, 0x20, 0xff, 
	0xff, 0x07, 0x00, 0x00, 0x00, 0xf4, 0xff, 0xff, 0xff, 0xff, 0x0f, 0x00, 0x00, 0x00, 0x90, 0xff, 
	0xff, 0x0f, 0x00, 0x00, 0x00, 0xfa, 0xff, 0xff, 0xff, 0xff, 0x1f, 0x00, 0x00, 0x00, 0xd0, 0xff, 
	0xff, 0x1f, 0x00, 0x00, 0x00, 0xfa, 0xff, 0xff, 0xff, 0xff, 0x3f, 0x00, 0x00, 0x00, 0xc8, 0xff, 
	0xff, 0x1f, 0x00, 0x00, 0x00, 0xff, 0xff, 0xff, 0xff, 0xff, 0x3f, 0x00, 0x00, 0x00, 0xe4, 0xff, 
	0xff, 0x1f, 0x00, 0x00, 0x80, 0xff, 0xff, 0xff, 0x0f, 0xfc, 0x7f, 0x00, 0x00, 0x00, 0xf6, 0xff, 
	0xff, 0x7f, 0x00, 0x00, 0xc0, 0xff, 0xff, 0xff, 0x07, 0x7e, 0xfe, 0x00, 0x00, 0x00, 0xfb, 0xff, 
	0xff, 0xff, 0x00, 0x00, 0xc0, 0xff, 0xff, 0xff, 0xe7, 0x7f, 0xf0, 0x03, 0x00, 0x80, 0xf8, 0xff, 
	0x3f, 0xf8, 0x03, 0x00, 0xc0, 0x07, 0xf0, 0xff, 0xe7, 0x7f, 0xe0, 0x07, 0x00, 0x60, 0xff, 0xff, 
	0xc1, 0x83, 0x07, 0x00, 0xf0, 0xbf, 0xff, 0xff, 0xc7, 0x7f, 0xe4, 0x1f, 0x10, 0xf8, 0xff, 0xff, 
	0xfc, 0x7f, 0x1e, 0x00, 0xfc, 0xbf, 0x1f, 0x87, 0x07, 0x7f, 0xfc, 0xff, 0x00, 0xff, 0x0f, 0xf8, 
	0xff, 0xff, 0xfe, 0xff, 0xff, 0xbf, 0x07, 0x03, 0xe7, 0xf0, 0xfc, 0xff, 0xff, 0xff, 0xe3, 0xc3, 
	0xfe, 0xff, 0xfe, 0xff, 0xff, 0x9f, 0x43, 0x32, 0xe7, 0xf0, 0xfc, 0xff, 0xff, 0xff, 0xfc, 0xbf, 
	0xf1, 0x0f, 0xff, 0xff, 0xff, 0x9f, 0x73, 0x72, 0xe7, 0xe2, 0xfc, 0xff, 0xff, 0xff, 0xf9, 0xcf, 
	0x07, 0xe0, 0xff, 0xff, 0xff, 0x9f, 0x63, 0x32, 0xff, 0xc0, 0xfc, 0xff, 0xff, 0xff, 0x03, 0xe0, 
	0xff, 0xff, 0xff, 0xff, 0xff, 0xbf, 0x07, 0x07, 0xff, 0x98, 0xff, 0xff, 0xff, 0xff, 0xff, 0xff, 
	0xff, 0xff, 0xff, 0xff, 0xff, 0xff, 0xdf, 0x87, 0xff, 0xff, 0xff, 0xff, 0xff, 0xff, 0xff, 0xff, 
	0xff, 0xff, 0xff, 0xff, 0xff, 0xff, 0xff, 0xff, 0xff, 0xff, 0xff, 0xff, 0xff, 0xff, 0xff, 0xff
};

// Array of all bitmaps for convenience. (Total bytes used to store images in PROGMEM = 17136)
const int epd_bitmap_allArray_LEN = 21;
const unsigned char* epd_bitmap_allArray[21] = {
	epd_bitmap_frame0000,
	epd_bitmap_frame0001,
	epd_bitmap_frame0002,
	epd_bitmap_frame0003,
	epd_bitmap_frame0004,
	epd_bitmap_frame0005,
	epd_bitmap_frame0006,
	epd_bitmap_frame0007,
	epd_bitmap_frame0008,
	epd_bitmap_frame0009,
	epd_bitmap_frame0010,
	epd_bitmap_frame0011,
	epd_bitmap_frame0012,
	epd_bitmap_frame0013,
	epd_bitmap_frame0014,
	epd_bitmap_frame0015,
	epd_bitmap_frame0016,
	epd_bitmap_frame0017,
	epd_bitmap_frame0018,
	epd_bitmap_frame0019,
	epd_bitmap_frame0020
};
// 'happi0000', 128x50px
const unsigned char epd_bitmap_happi0000 [] PROGMEM = {
	0xff, 0xff, 0xff, 0xff, 0xff, 0xff, 0xff, 0xff, 0xff, 0xff, 0xff, 0xff, 0xff, 0xff, 0xff, 0xff, 
	0xff, 0xff, 0xff, 0xff, 0xff, 0xff, 0xff, 0xff, 0xff, 0xff, 0xff, 0xff, 0xff, 0xff, 0xff, 0xff, 
	0xff, 0xff, 0xff, 0xff, 0xff, 0xff, 0xff, 0xff, 0xff, 0xff, 0xff, 0xff, 0xff, 0xff, 0xff, 0xff, 
	0xff, 0xff, 0xff, 0xff, 0xff, 0xff, 0xff, 0xff, 0xff, 0xff, 0xff, 0xff, 0xff, 0xff, 0xff, 0xff, 
	0xff, 0xff, 0xff, 0xff, 0xff, 0xff, 0xff, 0xff, 0xff, 0xff, 0xff, 0xff, 0xff, 0xff, 0xff, 0xff, 
	0xff, 0xff, 0x7f, 0x00, 0xfe, 0xff, 0xff, 0xff, 0xff, 0xff, 0xff, 0xff, 0x00, 0xf8, 0xff, 0xff, 
	0xff, 0xff, 0x7f, 0x00, 0xfe, 0xff, 0xff, 0xff, 0xff, 0xff, 0xff, 0xff, 0x00, 0xf8, 0xff, 0xff, 
	0xff, 0xff, 0x87, 0x07, 0xe0, 0xff, 0xff, 0xff, 0xff, 0xff, 0xff, 0x0f, 0x06, 0x80, 0xff, 0xff, 
	0xff, 0xff, 0xf3, 0x0f, 0xc0, 0xff, 0xff, 0xff, 0xff, 0xff, 0xff, 0xc7, 0x07, 0x00, 0xfe, 0xff, 
	0xff, 0xff, 0xf8, 0x0f, 0x00, 0xff, 0xff, 0xff, 0xff, 0xff, 0xff, 0xf3, 0x03, 0x00, 0xfc, 0xff, 
	0xff, 0x7f, 0xfc, 0x07, 0x00, 0xfe, 0xff, 0xff, 0xff, 0xff, 0xff, 0xf8, 0x03, 0x00, 0xf8, 0xff, 
	0xff, 0x7f, 0xff, 0x07, 0x00, 0xfc, 0xff, 0xff, 0xff, 0xff, 0x7f, 0xfc, 0x03, 0x00, 0xf0, 0xff, 
	0xff, 0xbf, 0xff, 0x07, 0x00, 0xf8, 0xff, 0xff, 0xff, 0xff, 0x3f, 0xff, 0x03, 0x00, 0xf0, 0xff, 
	0xff, 0xbf, 0xff, 0x07, 0x00, 0xf9, 0xff, 0xff, 0xff, 0xff, 0x1f, 0xff, 0x03, 0x00, 0xe0, 0xff, 
	0xff, 0xef, 0xff, 0x03, 0x00, 0xf3, 0xff, 0xff, 0xff, 0xff, 0x9f, 0xff, 0x01, 0x00, 0xe0, 0xff, 
	0xff, 0xe7, 0xff, 0x03, 0x00, 0xe6, 0xff, 0xff, 0xff, 0xff, 0xcf, 0xff, 0x01, 0x00, 0xc0, 0xff, 
	0xff, 0xe7, 0xff, 0x03, 0x00, 0xec, 0xff, 0xff, 0xff, 0xff, 0xc7, 0xff, 0x00, 0x00, 0x40, 0xff, 
	0xff, 0xf7, 0xff, 0x03, 0x00, 0xec, 0xff, 0xff, 0xff, 0xff, 0xe7, 0xff, 0x00, 0x00, 0xc0, 0xff, 
	0xff, 0xf3, 0xff, 0x01, 0x00, 0xcc, 0xff, 0xff, 0xff, 0xff, 0xf3, 0x7f, 0x00, 0x00, 0x80, 0xfe, 
	0xff, 0xf3, 0xff, 0x01, 0x00, 0xc8, 0xff, 0xff, 0xff, 0xff, 0xf3, 0x7f, 0x00, 0x00, 0x80, 0xfe, 
	0xff, 0xfb, 0x7f, 0x00, 0x00, 0xc8, 0xff, 0xff, 0xff, 0xff, 0xf3, 0x3f, 0x00, 0x00, 0x80, 0xfe, 
	0xff, 0xfb, 0x3f, 0x00, 0x00, 0xc8, 0xff, 0xff, 0xff, 0xff, 0xf3, 0x1f, 0x00, 0x00, 0x80, 0xfe, 
	0xff, 0xfb, 0x1f, 0x00, 0x00, 0xc8, 0xff, 0xff, 0xff, 0xff, 0xf3, 0x0f, 0x00, 0x00, 0x80, 0xfe, 
	0xff, 0xfb, 0x07, 0x00, 0x00, 0x88, 0xff, 0xff, 0xff, 0xff, 0xf3, 0x03, 0x00, 0x00, 0x80, 0xfc, 
	0xff, 0x81, 0x00, 0x00, 0x00, 0x88, 0xff, 0xff, 0xff, 0xff, 0xf3, 0x01, 0x00, 0x00, 0x80, 0xfc, 
	0xff, 0x01, 0x00, 0x00, 0x00, 0xc8, 0xff, 0xff, 0xff, 0xff, 0x03, 0x00, 0x00, 0x00, 0x80, 0xfc, 
	0xff, 0x01, 0x00, 0x00, 0x00, 0xc8, 0xff, 0xff, 0xff, 0xff, 0x07, 0x00, 0x00, 0x00, 0x80, 0xfe, 
	0xff, 0x01, 0x00, 0x00, 0x00, 0xcc, 0xff, 0xff, 0xff, 0xff, 0x03, 0x00, 0x00, 0x00, 0x80, 0xfe, 
	0xff, 0x01, 0x00, 0x00, 0x00, 0xc4, 0xff, 0xff, 0xff, 0xff, 0x03, 0x00, 0x00, 0x00, 0x40, 0xfe, 
	0xff, 0x03, 0x00, 0x00, 0x00, 0xc4, 0xff, 0xff, 0xff, 0xff, 0x03, 0x00, 0x00, 0x00, 0x40, 0xfe, 
	0xff, 0x03, 0x00, 0x00, 0x00, 0xe4, 0xff, 0xff, 0xff, 0xff, 0x07, 0x00, 0x00, 0x00, 0x40, 0xfe, 
	0xff, 0x03, 0x00, 0x00, 0x00, 0xe4, 0xff, 0xff, 0xff, 0xff, 0x07, 0x00, 0x00, 0x00, 0x20, 0xfe, 
	0xff, 0x03, 0x00, 0x00, 0x00, 0xe4, 0xff, 0xff, 0xff, 0xff, 0x4f, 0x00, 0x00, 0x00, 0x20, 0xff, 
	0xff, 0x07, 0x00, 0x00, 0x00, 0xf4, 0xff, 0xff, 0xff, 0xff, 0x0f, 0x00, 0x00, 0x00, 0x90, 0xff, 
	0xff, 0x0f, 0x00, 0x00, 0x00, 0xfa, 0xff, 0xff, 0xff, 0xff, 0x1f, 0x00, 0x00, 0x00, 0xd0, 0xff, 
	0xff, 0x1f, 0x00, 0x00, 0x00, 0xfa, 0xff, 0xff, 0xff, 0xff, 0x3f, 0x00, 0x00, 0x00, 0xc8, 0xff, 
	0xff, 0x1f, 0x00, 0x00, 0x00, 0xff, 0xff, 0xff, 0xff, 0xff, 0x3f, 0x00, 0x00, 0x00, 0xe4, 0xff, 
	0xff, 0x1f, 0x00, 0x00, 0x80, 0xff, 0xff, 0xff, 0xff, 0xff, 0x7f, 0x00, 0x00, 0x00, 0xf6, 0xff, 
	0xff, 0x7f, 0x00, 0x00, 0x80, 0xff, 0xff, 0xff, 0xff, 0xff, 0xff, 0x00, 0x00, 0x00, 0xfb, 0xff, 
	0xff, 0xff, 0x00, 0x00, 0xc0, 0xff, 0xff, 0xff, 0xff, 0xff, 0xff, 0x03, 0x00, 0x80, 0xf8, 0xff, 
	0x3f, 0xf8, 0x03, 0x00, 0xc0, 0xff, 0xff, 0xff, 0xff, 0xff, 0xff, 0x07, 0x00, 0x60, 0xff, 0xff, 
	0xc1, 0x83, 0x07, 0x00, 0xf0, 0xff, 0xff, 0xff, 0xff, 0xff, 0xff, 0x1f, 0x10, 0xf8, 0xff, 0xff, 
	0xfc, 0x7f, 0x1e, 0x00, 0xfc, 0xff, 0xff, 0xff, 0xff, 0xff, 0xff, 0xff, 0x00, 0xff, 0x0f, 0xf8, 
	0xff, 0xff, 0xfe, 0xff, 0xff, 0xff, 0xff, 0xff, 0xff, 0xff, 0xff, 0xff, 0xff, 0xff, 0xe3, 0xc3, 
	0xfe, 0xff, 0xfe, 0xff, 0xff, 0xff, 0xff, 0xff, 0xff, 0xff, 0xff, 0xff, 0xff, 0xff, 0xfc, 0xbf, 
	0xf1, 0x0f, 0xff, 0xff, 0xff, 0xff, 0xff, 0xff, 0xff, 0xff, 0xff, 0xff, 0xff, 0xff, 0xf9, 0xcf, 
	0x07, 0xe0, 0xff, 0xff, 0xff, 0xff, 0xff, 0xff, 0xff, 0xff, 0xff, 0xff, 0xff, 0xff, 0x03, 0xe0, 
	0xff, 0xff, 0xff, 0xff, 0xff, 0xff, 0xff, 0xff, 0xff, 0xff, 0xff, 0xff, 0xff, 0xff, 0xff, 0xff, 
	0xff, 0xff, 0xff, 0xff, 0xff, 0xff, 0xff, 0xff, 0xff, 0xff, 0xff, 0xff, 0xff, 0xff, 0xff, 0xff, 
	0xff, 0xff, 0xff, 0xff, 0xff, 0xff, 0xff, 0xff, 0xff, 0xff, 0xff, 0xff, 0xff, 0xff, 0xff, 0xff
};
// 'happi0001', 128x50px
const unsigned char epd_bitmap_happi0001 [] PROGMEM = {
	0xff, 0xff, 0xff, 0xff, 0xff, 0xff, 0xff, 0xff, 0xff, 0xff, 0xff, 0xff, 0xff, 0xff, 0xff, 0xff, 
	0xff, 0xff, 0xff, 0xff, 0xff, 0xff, 0xff, 0xff, 0xff, 0xff, 0xff, 0xff, 0xff, 0xff, 0xff, 0xff, 
	0xff, 0xff, 0xff, 0xff, 0xff, 0xff, 0xff, 0xff, 0xff, 0xff, 0xff, 0xff, 0xff, 0xff, 0xff, 0xff, 
	0xff, 0xff, 0xff, 0xff, 0xff, 0xff, 0xff, 0xff, 0xff, 0xff, 0xff, 0xff, 0xff, 0xff, 0xff, 0xff, 
	0xff, 0xff, 0xff, 0xff, 0xff, 0xff, 0xff, 0xff, 0xff, 0xff, 0xff, 0xff, 0xff, 0xff, 0xff, 0xff, 
	0xff, 0xff, 0x7f, 0x00, 0xfe, 0xff, 0xff, 0xff, 0xff, 0xff, 0xff, 0xff, 0x00, 0xf8, 0xff, 0xff, 
	0xff, 0xff, 0x7f, 0x00, 0xfe, 0xff, 0xff, 0xff, 0xff, 0xff, 0xff, 0xff, 0x00, 0xf8, 0xff, 0xff, 
	0xff, 0xff, 0x87, 0x07, 0xe0, 0xff, 0xff, 0xff, 0xff, 0xff, 0xff, 0x0f, 0x06, 0x80, 0xff, 0xff, 
	0xff, 0xff, 0xf3, 0x0f, 0xc0, 0xff, 0xff, 0xff, 0xff, 0xff, 0xff, 0xc7, 0x07, 0x00, 0xfe, 0xff, 
	0xff, 0xff, 0xf8, 0x0f, 0x00, 0xff, 0xff, 0xff, 0xff, 0xff, 0xff, 0xf3, 0x03, 0x00, 0xfc, 0xff, 
	0xff, 0x7f, 0xfc, 0x07, 0x00, 0xfe, 0xff, 0xff, 0xff, 0xff, 0xff, 0xf8, 0x03, 0x00, 0xf8, 0xff, 
	0xff, 0x7f, 0xff, 0x07, 0x00, 0xfc, 0xff, 0xff, 0xff, 0xff, 0x7f, 0xfc, 0x03, 0x00, 0xf0, 0xff, 
	0xff, 0xbf, 0xff, 0x07, 0x00, 0xf8, 0xff, 0xff, 0xff, 0xff, 0x3f, 0xff, 0x03, 0x00, 0xf0, 0xff, 
	0xff, 0xbf, 0xff, 0x07, 0x00, 0xf9, 0xff, 0xff, 0xff, 0xff, 0x1f, 0xff, 0x03, 0x00, 0xe0, 0xff, 
	0xff, 0xef, 0xff, 0x03, 0x00, 0xf3, 0xff, 0xff, 0xff, 0xff, 0x9f, 0xff, 0x01, 0x00, 0xe0, 0xff, 
	0xff, 0xe7, 0xff, 0x03, 0x00, 0xe6, 0xff, 0xff, 0xff, 0xff, 0xcf, 0xff, 0x01, 0x00, 0xc0, 0xff, 
	0xff, 0xe7, 0xff, 0x03, 0x00, 0xec, 0xff, 0xff, 0xff, 0xff, 0xc7, 0xff, 0x00, 0x00, 0x40, 0xff, 
	0xff, 0xf7, 0xff, 0x03, 0x00, 0xec, 0xff, 0xff, 0xff, 0xff, 0xe7, 0xff, 0x00, 0x00, 0xc0, 0xff, 
	0xff, 0xf3, 0xff, 0x01, 0x00, 0xcc, 0xff, 0xff, 0xff, 0xff, 0xf3, 0x7f, 0x00, 0x00, 0x80, 0xfe, 
	0xff, 0xf3, 0xff, 0x01, 0x00, 0xc8, 0xff, 0xff, 0xff, 0xff, 0xf3, 0x7f, 0x00, 0x00, 0x80, 0xfe, 
	0xff, 0xfb, 0x7f, 0x00, 0x00, 0xc8, 0xff, 0xff, 0xff, 0xff, 0xf3, 0x3f, 0x00, 0x00, 0x80, 0xfe, 
	0xff, 0xfb, 0x3f, 0x00, 0x00, 0xc8, 0xff, 0xff, 0xff, 0xff, 0xf3, 0x1f, 0x00, 0x00, 0x80, 0xfe, 
	0xff, 0xfb, 0x1f, 0x00, 0x00, 0xc8, 0xff, 0xff, 0xff, 0xff, 0xf3, 0x0f, 0x00, 0x00, 0x80, 0xfe, 
	0xff, 0xfb, 0x07, 0x00, 0x00, 0x88, 0xff, 0xff, 0xff, 0xff, 0xf3, 0x03, 0x00, 0x00, 0x80, 0xfc, 
	0xff, 0x81, 0x00, 0x00, 0x00, 0x88, 0xff, 0xff, 0xff, 0xff, 0xf3, 0x01, 0x00, 0x00, 0x80, 0xfc, 
	0xff, 0x01, 0x00, 0x00, 0x00, 0xc8, 0xff, 0xff, 0xff, 0xff, 0x03, 0x00, 0x00, 0x00, 0x80, 0xfc, 
	0xff, 0x01, 0x00, 0x00, 0x00, 0xc8, 0xff, 0xff, 0xff, 0xff, 0x07, 0x00, 0x00, 0x00, 0x80, 0xfe, 
	0xff, 0x01, 0x00, 0x00, 0x00, 0xcc, 0xff, 0xff, 0xff, 0xff, 0x03, 0x00, 0x00, 0x00, 0x80, 0xfe, 
	0xff, 0x01, 0x00, 0x00, 0x00, 0xc4, 0xff, 0xff, 0xff, 0xff, 0x03, 0x00, 0x00, 0x00, 0x40, 0xfe, 
	0xff, 0x03, 0x00, 0x00, 0x00, 0xc4, 0xff, 0xff, 0xff, 0xff, 0x03, 0x00, 0x00, 0x00, 0x40, 0xfe, 
	0xff, 0x03, 0x00, 0x00, 0x00, 0xe4, 0xff, 0xff, 0xff, 0xff, 0x07, 0x00, 0x00, 0x00, 0x40, 0xfe, 
	0xff, 0x03, 0x00, 0x00, 0x00, 0xe4, 0xff, 0xff, 0xff, 0xff, 0x07, 0x00, 0x00, 0x00, 0x20, 0xfe, 
	0xff, 0x03, 0x00, 0x00, 0x00, 0xe4, 0xff, 0xff, 0xff, 0xff, 0x4f, 0x00, 0x00, 0x00, 0x20, 0xff, 
	0xff, 0x07, 0x00, 0x00, 0x00, 0xf4, 0xff, 0xff, 0xff, 0xff, 0x0f, 0x00, 0x00, 0x00, 0x90, 0xff, 
	0xff, 0x0f, 0x00, 0x00, 0x00, 0xfa, 0xff, 0xff, 0xff, 0xff, 0x1f, 0x00, 0x00, 0x00, 0xd0, 0xff, 
	0xff, 0x1f, 0x00, 0x00, 0x00, 0xfa, 0xff, 0xff, 0xff, 0xff, 0x3f, 0x00, 0x00, 0x00, 0xc8, 0xff, 
	0xff, 0x1f, 0x00, 0x00, 0x00, 0xff, 0xff, 0xff, 0xff, 0xff, 0x3f, 0x00, 0x00, 0x00, 0xe4, 0xff, 
	0xff, 0x1f, 0x00, 0x00, 0x80, 0xff, 0xff, 0xff, 0xff, 0xff, 0x7f, 0x00, 0x00, 0x00, 0xf6, 0xff, 
	0xff, 0x7f, 0x00, 0x00, 0x80, 0xff, 0xff, 0xff, 0xff, 0xff, 0xff, 0x00, 0x00, 0x00, 0xfb, 0xff, 
	0xff, 0xff, 0x00, 0x00, 0xc0, 0xff, 0xff, 0xff, 0xff, 0xff, 0xff, 0x03, 0x00, 0x80, 0xf8, 0xff, 
	0x3f, 0xf8, 0x03, 0x00, 0xc0, 0xff, 0xff, 0xff, 0xff, 0xff, 0xff, 0x07, 0x00, 0x60, 0xff, 0xff, 
	0xc1, 0x83, 0x07, 0x00, 0xf0, 0xff, 0xff, 0xff, 0xff, 0xff, 0xff, 0x1f, 0x10, 0xf8, 0xff, 0xff, 
	0xfc, 0x7f, 0x1e, 0x00, 0xfc, 0xff, 0xff, 0xff, 0xff, 0xff, 0xff, 0xff, 0x00, 0xff, 0x0f, 0xf8, 
	0xff, 0xff, 0xfe, 0xff, 0xff, 0xff, 0xff, 0xff, 0xff, 0xff, 0xff, 0xff, 0xff, 0xff, 0xe3, 0xc3, 
	0xfe, 0xff, 0xfe, 0xff, 0xff, 0xff, 0xff, 0xff, 0xff, 0xff, 0xff, 0xff, 0xff, 0xff, 0xfc, 0xbf, 
	0xf1, 0x0f, 0xff, 0xff, 0xff, 0xff, 0xff, 0xff, 0xff, 0xff, 0xff, 0xff, 0xff, 0xff, 0xf9, 0xcf, 
	0x07, 0xe0, 0xff, 0xff, 0xff, 0xff, 0xff, 0xff, 0xff, 0xff, 0xff, 0xff, 0xff, 0xff, 0x03, 0xe0, 
	0xff, 0xff, 0xff, 0xff, 0xff, 0xff, 0xff, 0xff, 0xff, 0xff, 0xff, 0xff, 0xff, 0xff, 0xff, 0xff, 
	0xff, 0xff, 0xff, 0xff, 0xff, 0xff, 0xff, 0xff, 0xff, 0xff, 0xff, 0xff, 0xff, 0xff, 0xff, 0xff, 
	0xff, 0xff, 0xff, 0xff, 0xff, 0xff, 0xff, 0xff, 0xff, 0xff, 0xff, 0xff, 0xff, 0xff, 0xff, 0xff
};
// 'happi0002', 128x50px
const unsigned char epd_bitmap_happi0002 [] PROGMEM = {
	0xff, 0xff, 0xff, 0xff, 0xff, 0xff, 0xff, 0xff, 0xff, 0xff, 0xff, 0xff, 0xff, 0xff, 0xff, 0xff, 
	0xff, 0xff, 0xff, 0xff, 0xff, 0xff, 0xff, 0xff, 0xff, 0xff, 0xff, 0xff, 0xff, 0xff, 0xff, 0xff, 
	0xff, 0xff, 0xff, 0xff, 0xff, 0xff, 0xff, 0xff, 0xff, 0xff, 0xff, 0xff, 0xff, 0xff, 0xff, 0xff, 
	0xff, 0xff, 0xff, 0xff, 0xff, 0xff, 0xff, 0xff, 0xff, 0xff, 0xff, 0xff, 0xff, 0xff, 0xff, 0xff, 
	0xff, 0xff, 0xff, 0xff, 0xff, 0xff, 0xff, 0xff, 0xff, 0xff, 0xff, 0xff, 0xff, 0xff, 0xff, 0xff, 
	0xff, 0xff, 0x7f, 0x00, 0xfe, 0xff, 0xff, 0xff, 0xff, 0xff, 0xff, 0xff, 0x00, 0xf8, 0xff, 0xff, 
	0xff, 0xff, 0x7f, 0x00, 0xfe, 0xff, 0xff, 0xff, 0xff, 0xff, 0xff, 0xff, 0x00, 0xf8, 0xff, 0xff, 
	0xff, 0xff, 0x87, 0x07, 0xe0, 0xff, 0xff, 0xff, 0xff, 0xff, 0xff, 0x0f, 0x06, 0x80, 0xff, 0xff, 
	0xff, 0xff, 0xf3, 0x0f, 0xc0, 0xff, 0xff, 0xff, 0xff, 0xff, 0xff, 0xc7, 0x07, 0x00, 0xfe, 0xff, 
	0xff, 0xff, 0xf8, 0x0f, 0x00, 0xff, 0xff, 0xff, 0xff, 0xff, 0xff, 0xf3, 0x03, 0x00, 0xfc, 0xff, 
	0xff, 0x7f, 0xfc, 0x07, 0x00, 0xfe, 0xff, 0xff, 0xff, 0xff, 0xff, 0xf8, 0x03, 0x00, 0xf8, 0xff, 
	0xff, 0x7f, 0xff, 0x07, 0x00, 0xfc, 0xff, 0xff, 0xff, 0xff, 0x7f, 0xfc, 0x03, 0x00, 0xf0, 0xff, 
	0xff, 0xbf, 0xff, 0x07, 0x00, 0xf8, 0xff, 0xff, 0xff, 0xff, 0x3f, 0xff, 0x03, 0x00, 0xf0, 0xff, 
	0xff, 0xbf, 0xff, 0x07, 0x00, 0xf9, 0xff, 0xff, 0xff, 0xff, 0x1f, 0xff, 0x03, 0x00, 0xe0, 0xff, 
	0xff, 0xef, 0xff, 0x03, 0x00, 0xf3, 0xff, 0xff, 0xff, 0xff, 0x9f, 0xff, 0x01, 0x00, 0xe0, 0xff, 
	0xff, 0xe7, 0xff, 0x03, 0x00, 0xe6, 0xff, 0xff, 0xff, 0xff, 0xcf, 0xff, 0x01, 0x00, 0xc0, 0xff, 
	0xff, 0xe7, 0xff, 0x03, 0x00, 0xec, 0xff, 0xff, 0xff, 0xff, 0xc7, 0xff, 0x00, 0x00, 0x40, 0xff, 
	0xff, 0xf7, 0xff, 0x03, 0x00, 0xec, 0xff, 0xff, 0xff, 0xff, 0xe7, 0xff, 0x00, 0x00, 0xc0, 0xff, 
	0xff, 0xf3, 0xff, 0x01, 0x00, 0xcc, 0xff, 0xff, 0xff, 0xff, 0xf3, 0x7f, 0x00, 0x00, 0x80, 0xfe, 
	0xff, 0xf3, 0xff, 0x01, 0x00, 0xc8, 0xff, 0xff, 0xff, 0xff, 0xf3, 0x7f, 0x00, 0x00, 0x80, 0xfe, 
	0xff, 0xfb, 0x7f, 0x00, 0x00, 0xc8, 0xff, 0xff, 0xff, 0xff, 0xf3, 0x3f, 0x00, 0x00, 0x80, 0xfe, 
	0xff, 0xfb, 0x3f, 0x00, 0x00, 0xc8, 0xff, 0xff, 0xff, 0xff, 0xf3, 0x1f, 0x00, 0x00, 0x80, 0xfe, 
	0xff, 0xfb, 0x1f, 0x00, 0x00, 0xc8, 0xff, 0xff, 0xff, 0xff, 0xf3, 0x0f, 0x00, 0x00, 0x80, 0xfe, 
	0xff, 0xfb, 0x07, 0x00, 0x00, 0x88, 0xff, 0xff, 0xff, 0xff, 0xf3, 0x03, 0x00, 0x00, 0x80, 0xfc, 
	0xff, 0x81, 0x00, 0x00, 0x00, 0x88, 0xff, 0xff, 0xff, 0xff, 0xf3, 0x01, 0x00, 0x00, 0x80, 0xfc, 
	0xff, 0x01, 0x00, 0x00, 0x00, 0xc8, 0xff, 0xff, 0xff, 0xff, 0x03, 0x00, 0x00, 0x00, 0x80, 0xfc, 
	0xff, 0x01, 0x00, 0x00, 0x00, 0xc8, 0xff, 0xff, 0xff, 0xff, 0x07, 0x00, 0x00, 0x00, 0x80, 0xfe, 
	0xff, 0x01, 0x00, 0x00, 0x00, 0xcc, 0xff, 0xff, 0xff, 0xff, 0x03, 0x00, 0x00, 0x00, 0x80, 0xfe, 
	0xff, 0x01, 0x00, 0x00, 0x00, 0xc4, 0xff, 0xff, 0xff, 0xff, 0x03, 0x00, 0x00, 0x00, 0x40, 0xfe, 
	0xff, 0x03, 0x00, 0x00, 0x00, 0xc4, 0xff, 0xff, 0xff, 0xff, 0x03, 0x00, 0x00, 0x00, 0x40, 0xfe, 
	0xff, 0x03, 0x00, 0x00, 0x00, 0xe4, 0xff, 0xff, 0xff, 0xff, 0x07, 0x00, 0x00, 0x00, 0x40, 0xfe, 
	0xff, 0x03, 0x00, 0x00, 0x00, 0xe4, 0xff, 0xff, 0xff, 0xff, 0x07, 0x00, 0x00, 0x00, 0x20, 0xfe, 
	0xff, 0x03, 0x00, 0x00, 0x00, 0xe4, 0xff, 0xff, 0xff, 0xff, 0x4f, 0x00, 0x00, 0x00, 0x20, 0xff, 
	0xff, 0x07, 0x00, 0x00, 0x00, 0xf4, 0xff, 0xff, 0xff, 0xff, 0x0f, 0x00, 0x00, 0x00, 0x90, 0xff, 
	0xff, 0x0f, 0x00, 0x00, 0x00, 0xfa, 0xff, 0xff, 0xff, 0xff, 0x1f, 0x00, 0x00, 0x00, 0xd0, 0xff, 
	0xff, 0x1f, 0x00, 0x00, 0x00, 0xfa, 0xff, 0xff, 0xff, 0xff, 0x3f, 0x00, 0x00, 0x00, 0xc8, 0xff, 
	0xff, 0x1f, 0x00, 0x00, 0x00, 0xff, 0xff, 0xff, 0xff, 0xff, 0x3f, 0x00, 0x00, 0x00, 0xe4, 0xff, 
	0xff, 0x1f, 0x00, 0x00, 0x80, 0xff, 0xff, 0xff, 0xff, 0xff, 0x7f, 0x00, 0x00, 0x00, 0xf6, 0xff, 
	0xff, 0x7f, 0x00, 0x00, 0x80, 0xff, 0xff, 0xff, 0xff, 0xff, 0xff, 0x00, 0x00, 0x00, 0xfb, 0xff, 
	0xff, 0xff, 0x00, 0x00, 0xc0, 0xff, 0xff, 0xff, 0xff, 0xff, 0xff, 0x03, 0x00, 0x80, 0xf8, 0xff, 
	0x3f, 0xf8, 0x03, 0x00, 0xc0, 0xff, 0xff, 0xff, 0xff, 0xff, 0xff, 0x07, 0x00, 0x60, 0xff, 0xff, 
	0xc1, 0x83, 0x07, 0x00, 0xf0, 0xff, 0xff, 0xff, 0xff, 0xff, 0xff, 0x1f, 0x10, 0xf8, 0xff, 0xff, 
	0xfc, 0x7f, 0x1e, 0x00, 0xfc, 0xff, 0xff, 0xff, 0xff, 0xff, 0xff, 0xff, 0x00, 0xff, 0x0f, 0xf8, 
	0xff, 0xff, 0xfe, 0xff, 0xff, 0xff, 0xff, 0xff, 0xff, 0xff, 0xff, 0xff, 0xff, 0xff, 0xe3, 0xc3, 
	0xfe, 0xff, 0xfe, 0xff, 0xff, 0xff, 0xff, 0xff, 0xff, 0xff, 0xff, 0xff, 0xff, 0xff, 0xfc, 0xbf, 
	0xf1, 0x0f, 0xff, 0xff, 0xff, 0xff, 0xff, 0xff, 0xff, 0xff, 0xff, 0xff, 0xff, 0xff, 0xf9, 0xcf, 
	0x07, 0xe0, 0xff, 0xff, 0xff, 0xff, 0xff, 0xff, 0xff, 0xff, 0xff, 0xff, 0xff, 0xff, 0x03, 0xe0, 
	0xff, 0xff, 0xff, 0xff, 0xff, 0xff, 0xff, 0xff, 0xff, 0xff, 0xff, 0xff, 0xff, 0xff, 0xff, 0xff, 
	0xff, 0xff, 0xff, 0xff, 0xff, 0xff, 0xff, 0xff, 0xff, 0xff, 0xff, 0xff, 0xff, 0xff, 0xff, 0xff, 
	0xff, 0xff, 0xff, 0xff, 0xff, 0xff, 0xff, 0xff, 0xff, 0xff, 0xff, 0xff, 0xff, 0xff, 0xff, 0xff
};
// 'happi0003', 128x50px
const unsigned char epd_bitmap_happi0003 [] PROGMEM = {
	0xff, 0xff, 0xff, 0xff, 0xff, 0xff, 0xff, 0xff, 0xff, 0xff, 0xff, 0xff, 0xff, 0xff, 0xff, 0xff, 
	0xff, 0xff, 0xff, 0xff, 0xff, 0xff, 0xff, 0xff, 0xff, 0xff, 0xff, 0xff, 0xff, 0xff, 0xff, 0xff, 
	0xff, 0xff, 0xff, 0xff, 0xff, 0xff, 0xff, 0xff, 0xff, 0xff, 0xff, 0xff, 0xff, 0xff, 0xff, 0xff, 
	0xff, 0xff, 0xff, 0xff, 0xff, 0xff, 0xff, 0xff, 0xff, 0xff, 0xff, 0xff, 0xff, 0xff, 0xff, 0xff, 
	0xff, 0xff, 0xff, 0xff, 0xff, 0xff, 0xff, 0xff, 0xff, 0xff, 0xff, 0xff, 0xff, 0xff, 0xff, 0xff, 
	0xff, 0xff, 0xff, 0xff, 0xff, 0xff, 0xff, 0xff, 0xff, 0xff, 0xff, 0xff, 0x87, 0xff, 0xff, 0xff, 
	0xff, 0xff, 0xff, 0x3f, 0xfc, 0xff, 0xff, 0xff, 0xff, 0xff, 0xff, 0x3f, 0x00, 0xf8, 0xff, 0xff, 
	0xff, 0xff, 0xff, 0x01, 0xc0, 0xff, 0xff, 0xff, 0xff, 0xff, 0xff, 0x9f, 0x0f, 0xe3, 0xff, 0xff, 
	0xff, 0xff, 0xff, 0xfc, 0x18, 0xff, 0xff, 0xff, 0xff, 0xff, 0xff, 0xc7, 0x0f, 0xc8, 0xff, 0xff, 
	0xff, 0xff, 0x3f, 0xff, 0x40, 0xfe, 0xff, 0xff, 0xff, 0xff, 0xff, 0xf3, 0x1f, 0x00, 0xff, 0xff, 
	0xff, 0xff, 0xdf, 0xff, 0x04, 0xf8, 0xff, 0xff, 0xff, 0xff, 0xff, 0xf9, 0x3f, 0x40, 0xfe, 0xff, 
	0xff, 0xff, 0xcf, 0xff, 0x01, 0xf2, 0xff, 0xff, 0xff, 0xff, 0xff, 0xfc, 0x3f, 0x00, 0xfe, 0xff, 
	0xff, 0xff, 0xe7, 0xff, 0x01, 0xf0, 0xff, 0xff, 0xff, 0xff, 0x7f, 0xfe, 0x3f, 0x00, 0xfd, 0xff, 
	0xff, 0xff, 0xf3, 0xff, 0x00, 0xe8, 0xff, 0xff, 0xff, 0xff, 0x7f, 0xff, 0x1f, 0x00, 0xf8, 0xff, 
	0xff, 0xff, 0xfb, 0xff, 0x00, 0xc0, 0xff, 0xff, 0xff, 0xff, 0x3f, 0xff, 0x1f, 0x00, 0xfa, 0xff, 
	0xff, 0xff, 0xf9, 0xff, 0x00, 0xd0, 0xff, 0xff, 0xff, 0xff, 0x9f, 0xff, 0x1f, 0x00, 0xf0, 0xff, 
	0xff, 0xff, 0xfc, 0xff, 0x00, 0x80, 0xff, 0xff, 0xff, 0xff, 0x9f, 0xff, 0x1f, 0x00, 0xf0, 0xff, 
	0xff, 0xff, 0xfc, 0x7f, 0x00, 0x80, 0xff, 0xff, 0xff, 0xff, 0xdf, 0xff, 0x1f, 0x00, 0xf0, 0xff, 
	0xff, 0xff, 0xfe, 0x7f, 0x00, 0x90, 0xff, 0xff, 0xff, 0xff, 0xcf, 0xff, 0x0f, 0x00, 0xe4, 0xff, 
	0xff, 0xff, 0xfc, 0x7f, 0x00, 0x10, 0xff, 0xff, 0xff, 0xff, 0xcf, 0xff, 0x0f, 0x00, 0xec, 0xff, 
	0xff, 0xff, 0xf8, 0x3f, 0x00, 0x50, 0xff, 0xff, 0xff, 0xff, 0x8f, 0xff, 0x0f, 0x00, 0xe4, 0xff, 
	0xff, 0x7f, 0xf0, 0x3f, 0x00, 0x30, 0xff, 0xff, 0xff, 0xff, 0x0f, 0xfc, 0x03, 0x00, 0xe4, 0xff, 
	0xff, 0x3f, 0xc0, 0x1f, 0x00, 0x10, 0xff, 0xff, 0xff, 0xff, 0x0f, 0x00, 0x00, 0x00, 0xe4, 0xff, 
	0xff, 0x7f, 0x00, 0x00, 0x00, 0x10, 0xff, 0xff, 0xff, 0xff, 0x0f, 0x00, 0x00, 0x00, 0xe4, 0xff, 
	0xff, 0x7f, 0x00, 0x00, 0x00, 0x10, 0xff, 0xff, 0xff, 0xff, 0x0f, 0x00, 0x00, 0x00, 0xec, 0xff, 
	0xff, 0x7f, 0x00, 0x00, 0x00, 0x58, 0xff, 0xff, 0xff, 0xff, 0x1f, 0x00, 0x00, 0x00, 0xec, 0xff, 
	0xff, 0xff, 0x00, 0x00, 0x00, 0x18, 0xff, 0xff, 0xff, 0xff, 0x1f, 0x00, 0x00, 0x00, 0xe4, 0xff, 
	0xff, 0xff, 0x00, 0x00, 0x00, 0x18, 0xff, 0xff, 0xff, 0xff, 0x1f, 0x00, 0x00, 0x00, 0xf6, 0xff, 
	0xff, 0xff, 0x00, 0x00, 0x00, 0x88, 0xff, 0xff, 0xff, 0xff, 0x1f, 0x00, 0x00, 0x00, 0xf2, 0xff, 
	0xff, 0xff, 0x00, 0x00, 0x00, 0x8c, 0xff, 0xff, 0xff, 0xff, 0x1f, 0x00, 0x00, 0x00, 0xf1, 0xff, 
	0xff, 0xff, 0x01, 0x00, 0x00, 0x86, 0xff, 0xff, 0xff, 0xff, 0x3f, 0x00, 0x00, 0xc0, 0xf9, 0xff, 
	0xff, 0xff, 0x01, 0x00, 0x00, 0xc6, 0xff, 0xff, 0xff, 0xff, 0x7f, 0x00, 0x00, 0x60, 0xfc, 0xff, 
	0xff, 0xff, 0x03, 0x00, 0x00, 0xe2, 0xff, 0xff, 0xff, 0xff, 0xff, 0x00, 0x00, 0x30, 0xfc, 0xff, 
	0xff, 0xff, 0x07, 0x00, 0xc0, 0xe1, 0xff, 0xff, 0xff, 0xff, 0xff, 0x00, 0x00, 0x00, 0xfe, 0xff, 
	0xff, 0xff, 0x07, 0x00, 0xe0, 0xf0, 0xff, 0xff, 0xff, 0xff, 0xff, 0x01, 0x00, 0x00, 0xfe, 0xff, 
	0xff, 0xff, 0x0f, 0x00, 0x00, 0xf0, 0xff, 0xff, 0xff, 0xff, 0x1f, 0xc0, 0xff, 0x00, 0xc0, 0xff, 
	0xff, 0xff, 0x0f, 0xb0, 0x0f, 0x80, 0xff, 0xff, 0xff, 0xff, 0x0f, 0xff, 0xff, 0xff, 0xa1, 0xff, 
	0xff, 0xff, 0x07, 0xff, 0xff, 0x07, 0xfe, 0xff, 0xff, 0xff, 0xe7, 0xff, 0xff, 0xff, 0x8f, 0xff, 
	0xff, 0xff, 0xe3, 0xff, 0xff, 0xef, 0xf8, 0xff, 0xff, 0xff, 0xf3, 0xff, 0xff, 0xff, 0xff, 0xff, 
	0xff, 0xff, 0xfb, 0xff, 0xff, 0xff, 0xfb, 0xff, 0xff, 0xff, 0xf3, 0xff, 0xff, 0xff, 0xff, 0xff, 
	0xff, 0xff, 0xff, 0xff, 0xff, 0xff, 0xfb, 0xff, 0xff, 0xff, 0xfb, 0xff, 0xff, 0xff, 0xff, 0xff, 
	0xff, 0x07, 0xf0, 0xff, 0xff, 0xff, 0xff, 0xff, 0xff, 0xff, 0xff, 0xff, 0xff, 0x3f, 0x00, 0xff, 
	0x7f, 0xc0, 0x00, 0xff, 0xff, 0xff, 0xff, 0xff, 0xff, 0xff, 0xff, 0xff, 0xff, 0x07, 0x0c, 0xfc, 
	0x1f, 0xff, 0x7f, 0xfe, 0xff, 0xff, 0xff, 0xff, 0xff, 0xff, 0xff, 0xff, 0xff, 0xf3, 0xff, 0xf9, 
	0x9f, 0xff, 0xff, 0xfe, 0xff, 0xff, 0xff, 0xff, 0xff, 0xff, 0xff, 0xff, 0xff, 0xc7, 0xff, 0xf8, 
	0x3f, 0xf8, 0x0f, 0xff, 0xff, 0xff, 0xff, 0xff, 0xff, 0xff, 0xff, 0xff, 0xff, 0x0f, 0x00, 0xfe, 
	0xff, 0x00, 0xc0, 0xff, 0xff, 0xff, 0xff, 0xff, 0xff, 0xff, 0xff, 0xff, 0xff, 0xff, 0xff, 0xff, 
	0xff, 0xff, 0xff, 0xff, 0xff, 0xff, 0xff, 0xff, 0xff, 0xff, 0xff, 0xff, 0xff, 0xff, 0xff, 0xff, 
	0xff, 0xff, 0xff, 0xff, 0xff, 0xff, 0xff, 0xff, 0xff, 0xff, 0xff, 0xff, 0xff, 0xff, 0xff, 0xff, 
	0xff, 0xff, 0xff, 0xff, 0xff, 0xff, 0xff, 0xff, 0xff, 0xff, 0xff, 0xff, 0xff, 0xff, 0xff, 0xff
};
// 'happi0004', 128x50px
const unsigned char epd_bitmap_happi0004 [] PROGMEM = {
	0xff, 0xff, 0xff, 0xff, 0xff, 0xff, 0xff, 0xff, 0xff, 0xff, 0xff, 0xff, 0xff, 0xff, 0xff, 0xff, 
	0xff, 0xff, 0xff, 0xff, 0xff, 0xff, 0xff, 0xff, 0xff, 0xff, 0xff, 0xff, 0xff, 0xff, 0xff, 0xff, 
	0xff, 0xff, 0xff, 0xff, 0xff, 0xff, 0xff, 0xff, 0xff, 0xff, 0xff, 0xff, 0xff, 0xff, 0xff, 0xff, 
	0xff, 0xff, 0xff, 0xff, 0xff, 0xff, 0xff, 0xff, 0xff, 0xff, 0xff, 0xff, 0xff, 0xff, 0xff, 0xff, 
	0xff, 0xff, 0xff, 0xff, 0xff, 0xff, 0xff, 0xff, 0xff, 0xff, 0xff, 0xff, 0xff, 0xff, 0xff, 0xff, 
	0xff, 0xff, 0xff, 0xff, 0xff, 0xff, 0xff, 0xff, 0xff, 0xff, 0xff, 0xff, 0x87, 0xff, 0xff, 0xff, 
	0xff, 0xff, 0xff, 0x3f, 0xfc, 0xff, 0xff, 0xff, 0xff, 0xff, 0xff, 0x3f, 0x00, 0xf8, 0xff, 0xff, 
	0xff, 0xff, 0xff, 0x01, 0xc0, 0xff, 0xff, 0xff, 0xff, 0xff, 0xff, 0x9f, 0x0f, 0xe3, 0xff, 0xff, 
	0xff, 0xff, 0xff, 0xfc, 0x18, 0xff, 0xff, 0xff, 0xff, 0xff, 0xff, 0xc7, 0x0f, 0xc8, 0xff, 0xff, 
	0xff, 0xff, 0x3f, 0xff, 0x40, 0xfe, 0xff, 0xff, 0xff, 0xff, 0xff, 0xf3, 0x1f, 0x00, 0xff, 0xff, 
	0xff, 0xff, 0xdf, 0xff, 0x04, 0xf8, 0xff, 0xff, 0xff, 0xff, 0xff, 0xf9, 0x3f, 0x40, 0xfe, 0xff, 
	0xff, 0xff, 0xcf, 0xff, 0x01, 0xf2, 0xff, 0xff, 0xff, 0xff, 0xff, 0xfc, 0x3f, 0x00, 0xfe, 0xff, 
	0xff, 0xff, 0xe7, 0xff, 0x01, 0xf0, 0xff, 0xff, 0xff, 0xff, 0x7f, 0xfe, 0x3f, 0x00, 0xfd, 0xff, 
	0xff, 0xff, 0xf3, 0xff, 0x00, 0xe8, 0xff, 0xff, 0xff, 0xff, 0x7f, 0xff, 0x1f, 0x00, 0xf8, 0xff, 
	0xff, 0xff, 0xfb, 0xff, 0x00, 0xc0, 0xff, 0xff, 0xff, 0xff, 0x3f, 0xff, 0x1f, 0x00, 0xfa, 0xff, 
	0xff, 0xff, 0xf9, 0xff, 0x00, 0xd0, 0xff, 0xff, 0xff, 0xff, 0x9f, 0xff, 0x1f, 0x00, 0xf0, 0xff, 
	0xff, 0xff, 0xfc, 0xff, 0x00, 0x80, 0xff, 0xff, 0xff, 0xff, 0x9f, 0xff, 0x1f, 0x00, 0xf0, 0xff, 
	0xff, 0xff, 0xfc, 0x7f, 0x00, 0x80, 0xff, 0xff, 0xff, 0xff, 0xdf, 0xff, 0x1f, 0x00, 0xf0, 0xff, 
	0xff, 0xff, 0xfe, 0x7f, 0x00, 0x90, 0xff, 0xff, 0xff, 0xff, 0xcf, 0xff, 0x0f, 0x00, 0xe4, 0xff, 
	0xff, 0xff, 0xfc, 0x7f, 0x00, 0x10, 0xff, 0xff, 0xff, 0xff, 0xcf, 0xff, 0x0f, 0x00, 0xec, 0xff, 
	0xff, 0xff, 0xf8, 0x3f, 0x00, 0x50, 0xff, 0xff, 0xff, 0xff, 0x8f, 0xff, 0x0f, 0x00, 0xe4, 0xff, 
	0xff, 0x7f, 0xf0, 0x3f, 0x00, 0x30, 0xff, 0xff, 0xff, 0xff, 0x0f, 0xfc, 0x03, 0x00, 0xe4, 0xff, 
	0xff, 0x3f, 0xc0, 0x1f, 0x00, 0x10, 0xff, 0xff, 0xff, 0xff, 0x0f, 0x00, 0x00, 0x00, 0xe4, 0xff, 
	0xff, 0x7f, 0x00, 0x00, 0x00, 0x10, 0xff, 0xff, 0xff, 0xff, 0x0f, 0x00, 0x00, 0x00, 0xe4, 0xff, 
	0xff, 0x7f, 0x00, 0x00, 0x00, 0x10, 0xff, 0xff, 0xff, 0xff, 0x0f, 0x00, 0x00, 0x00, 0xec, 0xff, 
	0xff, 0x7f, 0x00, 0x00, 0x00, 0x58, 0xff, 0xff, 0xff, 0xff, 0x1f, 0x00, 0x00, 0x00, 0xec, 0xff, 
	0xff, 0xff, 0x00, 0x00, 0x00, 0x18, 0xff, 0xff, 0xff, 0xff, 0x1f, 0x00, 0x00, 0x00, 0xe4, 0xff, 
	0xff, 0xff, 0x00, 0x00, 0x00, 0x18, 0xff, 0xff, 0xff, 0xff, 0x1f, 0x00, 0x00, 0x00, 0xf6, 0xff, 
	0xff, 0xff, 0x00, 0x00, 0x00, 0x88, 0xff, 0xff, 0xff, 0xff, 0x1f, 0x00, 0x00, 0x00, 0xf2, 0xff, 
	0xff, 0xff, 0x00, 0x00, 0x00, 0x8c, 0xff, 0xff, 0xff, 0xff, 0x1f, 0x00, 0x00, 0x00, 0xf1, 0xff, 
	0xff, 0xff, 0x01, 0x00, 0x00, 0x86, 0xff, 0xff, 0xff, 0xff, 0x3f, 0x00, 0x00, 0xc0, 0xf9, 0xff, 
	0xff, 0xff, 0x01, 0x00, 0x00, 0xc6, 0xff, 0xff, 0xff, 0xff, 0x7f, 0x00, 0x00, 0x60, 0xfc, 0xff, 
	0xff, 0xff, 0x03, 0x00, 0x00, 0xe2, 0xff, 0xff, 0xff, 0xff, 0xff, 0x00, 0x00, 0x30, 0xfc, 0xff, 
	0xff, 0xff, 0x07, 0x00, 0xc0, 0xe1, 0xff, 0xff, 0xff, 0xff, 0xff, 0x00, 0x00, 0x00, 0xfe, 0xff, 
	0xff, 0xff, 0x07, 0x00, 0xe0, 0xf0, 0xff, 0xff, 0xff, 0xff, 0xff, 0x01, 0x00, 0x00, 0xfe, 0xff, 
	0xff, 0xff, 0x0f, 0x00, 0x00, 0xf0, 0xff, 0xff, 0xff, 0xff, 0x1f, 0xc0, 0xff, 0x00, 0xc0, 0xff, 
	0xff, 0xff, 0x0f, 0xb0, 0x0f, 0x80, 0xff, 0xff, 0xff, 0xff, 0x0f, 0xff, 0xff, 0xff, 0xa1, 0xff, 
	0xff, 0xff, 0x07, 0xff, 0xff, 0x07, 0xfe, 0xff, 0xff, 0xff, 0xe7, 0xff, 0xff, 0xff, 0x8f, 0xff, 
	0xff, 0xff, 0xe3, 0xff, 0xff, 0xef, 0xf8, 0xff, 0xff, 0xff, 0xf3, 0xff, 0xff, 0xff, 0xff, 0xff, 
	0xff, 0xff, 0xfb, 0xff, 0xff, 0xff, 0xfb, 0xff, 0xff, 0xff, 0xf3, 0xff, 0xff, 0xff, 0xff, 0xff, 
	0xff, 0xff, 0xff, 0xff, 0xff, 0xff, 0xfb, 0xff, 0xff, 0xff, 0xfb, 0xff, 0xff, 0xff, 0xff, 0xff, 
	0xff, 0x07, 0xf0, 0xff, 0xff, 0xff, 0xff, 0xff, 0xff, 0xff, 0xff, 0xff, 0xff, 0x3f, 0x00, 0xff, 
	0x7f, 0xc0, 0x00, 0xff, 0xff, 0xff, 0xff, 0xff, 0xff, 0xff, 0xff, 0xff, 0xff, 0x07, 0x0c, 0xfc, 
	0x1f, 0xff, 0x7f, 0xfe, 0xff, 0xff, 0xff, 0xff, 0xff, 0xff, 0xff, 0xff, 0xff, 0xf3, 0xff, 0xf9, 
	0x9f, 0xff, 0xff, 0xfe, 0xff, 0xff, 0xff, 0xff, 0xff, 0xff, 0xff, 0xff, 0xff, 0xc7, 0xff, 0xf8, 
	0x3f, 0xf8, 0x0f, 0xff, 0xff, 0xff, 0xff, 0xff, 0xff, 0xff, 0xff, 0xff, 0xff, 0x0f, 0x00, 0xfe, 
	0xff, 0x00, 0xc0, 0xff, 0xff, 0xff, 0xff, 0xff, 0xff, 0xff, 0xff, 0xff, 0xff, 0xff, 0xff, 0xff, 
	0xff, 0xff, 0xff, 0xff, 0xff, 0xff, 0xff, 0xff, 0xff, 0xff, 0xff, 0xff, 0xff, 0xff, 0xff, 0xff, 
	0xff, 0xff, 0xff, 0xff, 0xff, 0xff, 0xff, 0xff, 0xff, 0xff, 0xff, 0xff, 0xff, 0xff, 0xff, 0xff, 
	0xff, 0xff, 0xff, 0xff, 0xff, 0xff, 0xff, 0xff, 0xff, 0xff, 0xff, 0xff, 0xff, 0xff, 0xff, 0xff
};
// 'happi0005', 128x50px
const unsigned char epd_bitmap_happi0005 [] PROGMEM = {
	0xff, 0xff, 0xff, 0xff, 0xff, 0xff, 0xff, 0xff, 0xff, 0xff, 0xff, 0xff, 0xff, 0xff, 0xff, 0xff, 
	0xff, 0xff, 0xff, 0xff, 0xff, 0xff, 0xff, 0xff, 0xff, 0xff, 0xff, 0xff, 0xff, 0xff, 0xff, 0xff, 
	0xff, 0xff, 0xff, 0xff, 0xff, 0xff, 0xff, 0xff, 0xff, 0xff, 0xff, 0xff, 0xff, 0xff, 0xff, 0xff, 
	0xff, 0xff, 0xff, 0xff, 0xff, 0xff, 0xff, 0xff, 0xff, 0xff, 0xff, 0xff, 0xff, 0xff, 0xff, 0xff, 
	0xff, 0xff, 0xff, 0xff, 0xff, 0xff, 0xff, 0xff, 0xff, 0xff, 0xff, 0xff, 0xff, 0xff, 0xff, 0xff, 
	0xff, 0xff, 0xff, 0xff, 0xff, 0xff, 0xff, 0xff, 0xff, 0xff, 0xff, 0xff, 0x87, 0xff, 0xff, 0xff, 
	0xff, 0xff, 0xff, 0x3f, 0xfc, 0xff, 0xff, 0xff, 0xff, 0xff, 0xff, 0x3f, 0x00, 0xf8, 0xff, 0xff, 
	0xff, 0xff, 0xff, 0x01, 0xc0, 0xff, 0xff, 0xff, 0xff, 0xff, 0xff, 0x9f, 0x0f, 0xe3, 0xff, 0xff, 
	0xff, 0xff, 0xff, 0xfc, 0x18, 0xff, 0xff, 0xff, 0xff, 0xff, 0xff, 0xc7, 0x0f, 0xc8, 0xff, 0xff, 
	0xff, 0xff, 0x3f, 0xff, 0x40, 0xfe, 0xff, 0xff, 0xff, 0xff, 0xff, 0xf3, 0x1f, 0x00, 0xff, 0xff, 
	0xff, 0xff, 0xdf, 0xff, 0x04, 0xf8, 0xff, 0xff, 0xff, 0xff, 0xff, 0xf9, 0x3f, 0x40, 0xfe, 0xff, 
	0xff, 0xff, 0xcf, 0xff, 0x01, 0xf2, 0xff, 0xff, 0xff, 0xff, 0xff, 0xfc, 0x3f, 0x00, 0xfe, 0xff, 
	0xff, 0xff, 0xe7, 0xff, 0x01, 0xf0, 0xff, 0xff, 0xff, 0xff, 0x7f, 0xfe, 0x3f, 0x00, 0xfd, 0xff, 
	0xff, 0xff, 0xf3, 0xff, 0x00, 0xe8, 0xff, 0xff, 0xff, 0xff, 0x7f, 0xff, 0x1f, 0x00, 0xf8, 0xff, 
	0xff, 0xff, 0xfb, 0xff, 0x00, 0xc0, 0xff, 0xff, 0xff, 0xff, 0x3f, 0xff, 0x1f, 0x00, 0xfa, 0xff, 
	0xff, 0xff, 0xf9, 0xff, 0x00, 0xd0, 0xff, 0xff, 0xff, 0xff, 0x9f, 0xff, 0x1f, 0x00, 0xf0, 0xff, 
	0xff, 0xff, 0xfc, 0xff, 0x00, 0x80, 0xff, 0xff, 0xff, 0xff, 0x9f, 0xff, 0x1f, 0x00, 0xf0, 0xff, 
	0xff, 0xff, 0xfc, 0x7f, 0x00, 0x80, 0xff, 0xff, 0xff, 0xff, 0xdf, 0xff, 0x1f, 0x00, 0xf0, 0xff, 
	0xff, 0xff, 0xfe, 0x7f, 0x00, 0x90, 0xff, 0xff, 0xff, 0xff, 0xcf, 0xff, 0x0f, 0x00, 0xe4, 0xff, 
	0xff, 0xff, 0xfc, 0x7f, 0x00, 0x10, 0xff, 0xff, 0xff, 0xff, 0xcf, 0xff, 0x0f, 0x00, 0xec, 0xff, 
	0xff, 0xff, 0xf8, 0x3f, 0x00, 0x50, 0xff, 0xff, 0xff, 0xff, 0x8f, 0xff, 0x0f, 0x00, 0xe4, 0xff, 
	0xff, 0x7f, 0xf0, 0x3f, 0x00, 0x30, 0xff, 0xff, 0xff, 0xff, 0x0f, 0xfc, 0x03, 0x00, 0xe4, 0xff, 
	0xff, 0x3f, 0xc0, 0x1f, 0x00, 0x10, 0xff, 0xff, 0xff, 0xff, 0x0f, 0x00, 0x00, 0x00, 0xe4, 0xff, 
	0xff, 0x7f, 0x00, 0x00, 0x00, 0x10, 0xff, 0xff, 0xff, 0xff, 0x0f, 0x00, 0x00, 0x00, 0xe4, 0xff, 
	0xff, 0x7f, 0x00, 0x00, 0x00, 0x10, 0xff, 0xff, 0xff, 0xff, 0x0f, 0x00, 0x00, 0x00, 0xec, 0xff, 
	0xff, 0x7f, 0x00, 0x00, 0x00, 0x58, 0xff, 0xff, 0xff, 0xff, 0x1f, 0x00, 0x00, 0x00, 0xec, 0xff, 
	0xff, 0xff, 0x00, 0x00, 0x00, 0x18, 0xff, 0xff, 0xff, 0xff, 0x1f, 0x00, 0x00, 0x00, 0xe4, 0xff, 
	0xff, 0xff, 0x00, 0x00, 0x00, 0x18, 0xff, 0xff, 0xff, 0xff, 0x1f, 0x00, 0x00, 0x00, 0xf6, 0xff, 
	0xff, 0xff, 0x00, 0x00, 0x00, 0x88, 0xff, 0xff, 0xff, 0xff, 0x1f, 0x00, 0x00, 0x00, 0xf2, 0xff, 
	0xff, 0xff, 0x00, 0x00, 0x00, 0x8c, 0xff, 0xff, 0xff, 0xff, 0x1f, 0x00, 0x00, 0x00, 0xf1, 0xff, 
	0xff, 0xff, 0x01, 0x00, 0x00, 0x86, 0xff, 0xff, 0xff, 0xff, 0x3f, 0x00, 0x00, 0xc0, 0xf9, 0xff, 
	0xff, 0xff, 0x01, 0x00, 0x00, 0xc6, 0xff, 0xff, 0xff, 0xff, 0x7f, 0x00, 0x00, 0x60, 0xfc, 0xff, 
	0xff, 0xff, 0x03, 0x00, 0x00, 0xe2, 0xff, 0xff, 0xff, 0xff, 0xff, 0x00, 0x00, 0x30, 0xfc, 0xff, 
	0xff, 0xff, 0x07, 0x00, 0xc0, 0xe1, 0xff, 0xff, 0xff, 0xff, 0xff, 0x00, 0x00, 0x00, 0xfe, 0xff, 
	0xff, 0xff, 0x07, 0x00, 0xe0, 0xf0, 0xff, 0xff, 0xff, 0xff, 0xff, 0x01, 0x00, 0x00, 0xfe, 0xff, 
	0xff, 0xff, 0x0f, 0x00, 0x00, 0xf0, 0xff, 0xff, 0xff, 0xff, 0x1f, 0xc0, 0xff, 0x00, 0xc0, 0xff, 
	0xff, 0xff, 0x0f, 0xb0, 0x0f, 0x80, 0xff, 0xff, 0xff, 0xff, 0x0f, 0xff, 0xff, 0xff, 0xa1, 0xff, 
	0xff, 0xff, 0x07, 0xff, 0xff, 0x07, 0xfe, 0xff, 0xff, 0xff, 0xe7, 0xff, 0xff, 0xff, 0x8f, 0xff, 
	0xff, 0xff, 0xe3, 0xff, 0xff, 0xef, 0xf8, 0xff, 0xff, 0xff, 0xf3, 0xff, 0xff, 0xff, 0xff, 0xff, 
	0xff, 0xff, 0xfb, 0xff, 0xff, 0xff, 0xfb, 0xff, 0xff, 0xff, 0xf3, 0xff, 0xff, 0xff, 0xff, 0xff, 
	0xff, 0xff, 0xff, 0xff, 0xff, 0xff, 0xfb, 0xff, 0xff, 0xff, 0xfb, 0xff, 0xff, 0xff, 0xff, 0xff, 
	0xff, 0x07, 0xf0, 0xff, 0xff, 0xff, 0xff, 0xff, 0xff, 0xff, 0xff, 0xff, 0xff, 0x3f, 0x00, 0xff, 
	0x7f, 0xc0, 0x00, 0xff, 0xff, 0xff, 0xff, 0xff, 0xff, 0xff, 0xff, 0xff, 0xff, 0x07, 0x0c, 0xfc, 
	0x1f, 0xff, 0x7f, 0xfe, 0xff, 0xff, 0xff, 0xff, 0xff, 0xff, 0xff, 0xff, 0xff, 0xf3, 0xff, 0xf9, 
	0x9f, 0xff, 0xff, 0xfe, 0xff, 0xff, 0xff, 0xff, 0xff, 0xff, 0xff, 0xff, 0xff, 0xc7, 0xff, 0xf8, 
	0x3f, 0xf8, 0x0f, 0xff, 0xff, 0xff, 0xff, 0xff, 0xff, 0xff, 0xff, 0xff, 0xff, 0x0f, 0x00, 0xfe, 
	0xff, 0x00, 0xc0, 0xff, 0xff, 0xff, 0xff, 0xff, 0xff, 0xff, 0xff, 0xff, 0xff, 0xff, 0xff, 0xff, 
	0xff, 0xff, 0xff, 0xff, 0xff, 0xff, 0xff, 0xff, 0xff, 0xff, 0xff, 0xff, 0xff, 0xff, 0xff, 0xff, 
	0xff, 0xff, 0xff, 0xff, 0xff, 0xff, 0xff, 0xff, 0xff, 0xff, 0xff, 0xff, 0xff, 0xff, 0xff, 0xff, 
	0xff, 0xff, 0xff, 0xff, 0xff, 0xff, 0xff, 0xff, 0xff, 0xff, 0xff, 0xff, 0xff, 0xff, 0xff, 0xff
};
// 'happi0006', 128x50px
const unsigned char epd_bitmap_happi0006 [] PROGMEM = {
	0xff, 0xff, 0xff, 0xff, 0xff, 0xff, 0xff, 0xff, 0xff, 0xff, 0xff, 0xff, 0xff, 0xff, 0xff, 0xff, 
	0xff, 0xff, 0xff, 0xff, 0xff, 0xff, 0xff, 0xff, 0xff, 0xff, 0xff, 0xff, 0xff, 0xff, 0xff, 0xff, 
	0xff, 0xff, 0xff, 0xff, 0xff, 0xff, 0xff, 0xff, 0xff, 0xff, 0xff, 0xff, 0xff, 0xff, 0xff, 0xff, 
	0xff, 0xff, 0xff, 0xff, 0xff, 0xff, 0xff, 0xff, 0xff, 0xff, 0xff, 0xff, 0xff, 0xff, 0xff, 0xff, 
	0xff, 0xff, 0xff, 0xff, 0xff, 0xff, 0xff, 0xff, 0xff, 0xff, 0xff, 0xff, 0xff, 0xff, 0xff, 0xff, 
	0xff, 0xff, 0xff, 0xff, 0xff, 0xff, 0xff, 0xff, 0xff, 0xff, 0xff, 0xff, 0x87, 0xff, 0xff, 0xff, 
	0xff, 0xff, 0xff, 0x3f, 0xfc, 0xff, 0xff, 0xff, 0xff, 0xff, 0xff, 0x3f, 0x00, 0xf8, 0xff, 0xff, 
	0xff, 0xff, 0xff, 0x01, 0xc0, 0xff, 0xff, 0xff, 0xff, 0xff, 0xff, 0x9f, 0x0f, 0xe3, 0xff, 0xff, 
	0xff, 0xff, 0xff, 0xfc, 0x18, 0xff, 0xff, 0xff, 0xff, 0xff, 0xff, 0xc7, 0x0f, 0xc8, 0xff, 0xff, 
	0xff, 0xff, 0x3f, 0xff, 0x40, 0xfe, 0xff, 0xff, 0xff, 0xff, 0xff, 0xf3, 0x1f, 0x00, 0xff, 0xff, 
	0xff, 0xff, 0xdf, 0xff, 0x04, 0xf8, 0xff, 0xff, 0xff, 0xff, 0xff, 0xf9, 0x3f, 0x40, 0xfe, 0xff, 
	0xff, 0xff, 0xcf, 0xff, 0x01, 0xf2, 0xff, 0xff, 0xff, 0xff, 0xff, 0xfc, 0x3f, 0x00, 0xfe, 0xff, 
	0xff, 0xff, 0xe7, 0xff, 0x01, 0xf0, 0xff, 0xff, 0xff, 0xff, 0x7f, 0xfe, 0x3f, 0x00, 0xfd, 0xff, 
	0xff, 0xff, 0xf3, 0xff, 0x00, 0xe8, 0xff, 0xff, 0xff, 0xff, 0x7f, 0xff, 0x1f, 0x00, 0xf8, 0xff, 
	0xff, 0xff, 0xfb, 0xff, 0x00, 0xc0, 0xff, 0xff, 0xff, 0xff, 0x3f, 0xff, 0x1f, 0x00, 0xfa, 0xff, 
	0xff, 0xff, 0xf9, 0xff, 0x00, 0xd0, 0xff, 0xff, 0xff, 0xff, 0x9f, 0xff, 0x1f, 0x00, 0xf0, 0xff, 
	0xff, 0xff, 0xfc, 0xff, 0x00, 0x80, 0xff, 0xff, 0xff, 0xff, 0x9f, 0xff, 0x1f, 0x00, 0xf0, 0xff, 
	0xff, 0xff, 0xfc, 0x7f, 0x00, 0x80, 0xff, 0xff, 0xff, 0xff, 0xdf, 0xff, 0x1f, 0x00, 0xf0, 0xff, 
	0xff, 0xff, 0xfe, 0x7f, 0x00, 0x90, 0xff, 0xff, 0xff, 0xff, 0xcf, 0xff, 0x0f, 0x00, 0xe4, 0xff, 
	0xff, 0xff, 0xfc, 0x7f, 0x00, 0x10, 0xff, 0xff, 0xff, 0xff, 0xcf, 0xff, 0x0f, 0x00, 0xec, 0xff, 
	0xff, 0xff, 0xf8, 0x3f, 0x00, 0x50, 0xff, 0xff, 0xff, 0xff, 0x8f, 0xff, 0x0f, 0x00, 0xe4, 0xff, 
	0xff, 0x7f, 0xf0, 0x3f, 0x00, 0x30, 0xff, 0xff, 0xff, 0xff, 0x0f, 0xfc, 0x03, 0x00, 0xe4, 0xff, 
	0xff, 0x3f, 0xc0, 0x1f, 0x00, 0x10, 0xff, 0xff, 0xff, 0xff, 0x0f, 0x00, 0x00, 0x00, 0xe4, 0xff, 
	0xff, 0x7f, 0x00, 0x00, 0x00, 0x10, 0xff, 0xff, 0xff, 0xff, 0x0f, 0x00, 0x00, 0x00, 0xe4, 0xff, 
	0xff, 0x7f, 0x00, 0x00, 0x00, 0x10, 0xff, 0xff, 0xff, 0xff, 0x0f, 0x00, 0x00, 0x00, 0xec, 0xff, 
	0xff, 0x7f, 0x00, 0x00, 0x00, 0x58, 0xff, 0xff, 0xff, 0xff, 0x1f, 0x00, 0x00, 0x00, 0xec, 0xff, 
	0xff, 0xff, 0x00, 0x00, 0x00, 0x18, 0xff, 0xff, 0xff, 0xff, 0x1f, 0x00, 0x00, 0x00, 0xe4, 0xff, 
	0xff, 0xff, 0x00, 0x00, 0x00, 0x18, 0xff, 0xff, 0xff, 0xff, 0x1f, 0x00, 0x00, 0x00, 0xf6, 0xff, 
	0xff, 0xff, 0x00, 0x00, 0x00, 0x88, 0xff, 0xff, 0xff, 0xff, 0x1f, 0x00, 0x00, 0x00, 0xf2, 0xff, 
	0xff, 0xff, 0x00, 0x00, 0x00, 0x8c, 0xff, 0xff, 0xff, 0xff, 0x1f, 0x00, 0x00, 0x00, 0xf1, 0xff, 
	0xff, 0xff, 0x01, 0x00, 0x00, 0x86, 0xff, 0xff, 0xff, 0xff, 0x3f, 0x00, 0x00, 0xc0, 0xf9, 0xff, 
	0xff, 0xff, 0x01, 0x00, 0x00, 0xc6, 0xff, 0xff, 0xff, 0xff, 0x7f, 0x00, 0x00, 0x60, 0xfc, 0xff, 
	0xff, 0xff, 0x03, 0x00, 0x00, 0xe2, 0xff, 0xff, 0xff, 0xff, 0xff, 0x00, 0x00, 0x30, 0xfc, 0xff, 
	0xff, 0xff, 0x07, 0x00, 0xc0, 0xe1, 0xff, 0xff, 0xff, 0xff, 0xff, 0x00, 0x00, 0x00, 0xfe, 0xff, 
	0xff, 0xff, 0x07, 0x00, 0xe0, 0xf0, 0xff, 0xff, 0xff, 0xff, 0xff, 0x01, 0x00, 0x00, 0xfe, 0xff, 
	0xff, 0xff, 0x0f, 0x00, 0x00, 0xf0, 0xff, 0xff, 0xff, 0xff, 0x1f, 0xc0, 0xff, 0x00, 0xc0, 0xff, 
	0xff, 0xff, 0x0f, 0xb0, 0x0f, 0x80, 0xff, 0xff, 0xff, 0xff, 0x0f, 0xff, 0xff, 0xff, 0xa1, 0xff, 
	0xff, 0xff, 0x07, 0xff, 0xff, 0x07, 0xfe, 0xff, 0xff, 0xff, 0xe7, 0xff, 0xff, 0xff, 0x8f, 0xff, 
	0xff, 0xff, 0xe3, 0xff, 0xff, 0xef, 0xf8, 0xff, 0xff, 0xff, 0xf3, 0xff, 0xff, 0xff, 0xff, 0xff, 
	0xff, 0xff, 0xfb, 0xff, 0xff, 0xff, 0xfb, 0xff, 0xff, 0xff, 0xf3, 0xff, 0xff, 0xff, 0xff, 0xff, 
	0xff, 0xff, 0xff, 0xff, 0xff, 0xff, 0xfb, 0xff, 0xff, 0xff, 0xfb, 0xff, 0xff, 0xff, 0xff, 0xff, 
	0xff, 0x07, 0xf0, 0xff, 0xff, 0xff, 0xff, 0xff, 0xff, 0xff, 0xff, 0xff, 0xff, 0x3f, 0x00, 0xff, 
	0x7f, 0xc0, 0x00, 0xff, 0xff, 0xff, 0xff, 0xff, 0xff, 0xff, 0xff, 0xff, 0xff, 0x07, 0x0c, 0xfc, 
	0x1f, 0xff, 0x7f, 0xfe, 0xff, 0xff, 0xff, 0xff, 0xff, 0xff, 0xff, 0xff, 0xff, 0xf3, 0xff, 0xf9, 
	0x9f, 0xff, 0xff, 0xfe, 0xff, 0xff, 0xff, 0xff, 0xff, 0xff, 0xff, 0xff, 0xff, 0xc7, 0xff, 0xf8, 
	0x3f, 0xf8, 0x0f, 0xff, 0xff, 0xff, 0xff, 0xff, 0xff, 0xff, 0xff, 0xff, 0xff, 0x0f, 0x00, 0xfe, 
	0xff, 0x00, 0xc0, 0xff, 0xff, 0xff, 0xff, 0xff, 0xff, 0xff, 0xff, 0xff, 0xff, 0xff, 0xff, 0xff, 
	0xff, 0xff, 0xff, 0xff, 0xff, 0xff, 0xff, 0xff, 0xff, 0xff, 0xff, 0xff, 0xff, 0xff, 0xff, 0xff, 
	0xff, 0xff, 0xff, 0xff, 0xff, 0xff, 0xff, 0xff, 0xff, 0xff, 0xff, 0xff, 0xff, 0xff, 0xff, 0xff, 
	0xff, 0xff, 0xff, 0xff, 0xff, 0xff, 0xff, 0xff, 0xff, 0xff, 0xff, 0xff, 0xff, 0xff, 0xff, 0xff
};
// 'happi0007', 128x50px
const unsigned char epd_bitmap_happi0007 [] PROGMEM = {
	0xff, 0xff, 0xff, 0xff, 0xff, 0xff, 0xff, 0xff, 0xff, 0xff, 0xff, 0xff, 0xff, 0xff, 0xff, 0xff, 
	0xff, 0xff, 0xff, 0xff, 0xff, 0xff, 0xff, 0xff, 0xff, 0xff, 0xff, 0xff, 0xff, 0xff, 0xff, 0xff, 
	0xff, 0xff, 0xff, 0xff, 0xff, 0xff, 0xff, 0xff, 0xff, 0xff, 0xff, 0xff, 0xff, 0xff, 0xff, 0xff, 
	0xff, 0xff, 0xff, 0xff, 0xff, 0xff, 0xff, 0xff, 0xff, 0xff, 0xff, 0xff, 0xff, 0xff, 0xff, 0xff, 
	0xff, 0xff, 0xff, 0xff, 0xff, 0xff, 0xff, 0xff, 0xff, 0xff, 0xff, 0xff, 0xff, 0xff, 0xff, 0xff, 
	0xff, 0xff, 0xff, 0xff, 0xff, 0xff, 0xff, 0xff, 0xff, 0xff, 0xff, 0xff, 0x87, 0xff, 0xff, 0xff, 
	0xff, 0xff, 0xff, 0x3f, 0xfc, 0xff, 0xff, 0xff, 0xff, 0xff, 0xff, 0x3f, 0x00, 0xf8, 0xff, 0xff, 
	0xff, 0xff, 0xff, 0x01, 0xc0, 0xff, 0xff, 0xff, 0xff, 0xff, 0xff, 0x9f, 0x0f, 0xe3, 0xff, 0xff, 
	0xff, 0xff, 0xff, 0xfc, 0x18, 0xff, 0xff, 0xff, 0xff, 0xff, 0xff, 0xc7, 0x0f, 0xc8, 0xff, 0xff, 
	0xff, 0xff, 0x3f, 0xff, 0x40, 0xfe, 0xff, 0xff, 0xff, 0xff, 0xff, 0xf3, 0x1f, 0x00, 0xff, 0xff, 
	0xff, 0xff, 0xdf, 0xff, 0x04, 0xf8, 0xff, 0xff, 0xff, 0xff, 0xff, 0xf9, 0x3f, 0x40, 0xfe, 0xff, 
	0xff, 0xff, 0xcf, 0xff, 0x01, 0xf2, 0xff, 0xff, 0xff, 0xff, 0xff, 0xfc, 0x3f, 0x00, 0xfe, 0xff, 
	0xff, 0xff, 0xe7, 0xff, 0x01, 0xf0, 0xff, 0xff, 0xff, 0xff, 0x7f, 0xfe, 0x3f, 0x00, 0xfd, 0xff, 
	0xff, 0xff, 0xf3, 0xff, 0x00, 0xe8, 0xff, 0xff, 0xff, 0xff, 0x7f, 0xff, 0x1f, 0x00, 0xf8, 0xff, 
	0xff, 0xff, 0xfb, 0xff, 0x00, 0xc0, 0xff, 0xff, 0xff, 0xff, 0x3f, 0xff, 0x1f, 0x00, 0xfa, 0xff, 
	0xff, 0xff, 0xf9, 0xff, 0x00, 0xd0, 0xff, 0xff, 0xff, 0xff, 0x9f, 0xff, 0x1f, 0x00, 0xf0, 0xff, 
	0xff, 0xff, 0xfc, 0xff, 0x00, 0x80, 0xff, 0xff, 0xff, 0xff, 0x9f, 0xff, 0x1f, 0x00, 0xf0, 0xff, 
	0xff, 0xff, 0xfc, 0x7f, 0x00, 0x80, 0xff, 0xff, 0xff, 0xff, 0xdf, 0xff, 0x1f, 0x00, 0xf0, 0xff, 
	0xff, 0xff, 0xfe, 0x7f, 0x00, 0x90, 0xff, 0xff, 0xff, 0xff, 0xcf, 0xff, 0x0f, 0x00, 0xe4, 0xff, 
	0xff, 0xff, 0xfc, 0x7f, 0x00, 0x10, 0xff, 0xff, 0xff, 0xff, 0xcf, 0xff, 0x0f, 0x00, 0xec, 0xff, 
	0xff, 0xff, 0xf8, 0x3f, 0x00, 0x50, 0xff, 0xff, 0xff, 0xff, 0x8f, 0xff, 0x0f, 0x00, 0xe4, 0xff, 
	0xff, 0x7f, 0xf0, 0x3f, 0x00, 0x30, 0xff, 0xff, 0xff, 0xff, 0x0f, 0xfc, 0x03, 0x00, 0xe4, 0xff, 
	0xff, 0x3f, 0xc0, 0x1f, 0x00, 0x10, 0xff, 0xff, 0xff, 0xff, 0x0f, 0x00, 0x00, 0x00, 0xe4, 0xff, 
	0xff, 0x7f, 0x00, 0x00, 0x00, 0x10, 0xff, 0xff, 0xff, 0xff, 0x0f, 0x00, 0x00, 0x00, 0xe4, 0xff, 
	0xff, 0x7f, 0x00, 0x00, 0x00, 0x10, 0xff, 0xff, 0xff, 0xff, 0x0f, 0x00, 0x00, 0x00, 0xec, 0xff, 
	0xff, 0x7f, 0x00, 0x00, 0x00, 0x58, 0xff, 0xff, 0xff, 0xff, 0x1f, 0x00, 0x00, 0x00, 0xec, 0xff, 
	0xff, 0xff, 0x00, 0x00, 0x00, 0x18, 0xff, 0xff, 0xff, 0xff, 0x1f, 0x00, 0x00, 0x00, 0xe4, 0xff, 
	0xff, 0xff, 0x00, 0x00, 0x00, 0x18, 0xff, 0xff, 0xff, 0xff, 0x1f, 0x00, 0x00, 0x00, 0xf6, 0xff, 
	0xff, 0xff, 0x00, 0x00, 0x00, 0x88, 0xff, 0xff, 0xff, 0xff, 0x1f, 0x00, 0x00, 0x00, 0xf2, 0xff, 
	0xff, 0xff, 0x00, 0x00, 0x00, 0x8c, 0xff, 0xff, 0xff, 0xff, 0x1f, 0x00, 0x00, 0x00, 0xf1, 0xff, 
	0xff, 0xff, 0x01, 0x00, 0x00, 0x86, 0xff, 0xff, 0xff, 0xff, 0x3f, 0x00, 0x00, 0xc0, 0xf9, 0xff, 
	0xff, 0xff, 0x01, 0x00, 0x00, 0xc6, 0xff, 0xff, 0xff, 0xff, 0x7f, 0x00, 0x00, 0x60, 0xfc, 0xff, 
	0xff, 0xff, 0x03, 0x00, 0x00, 0xe2, 0xff, 0xff, 0xff, 0xff, 0xff, 0x00, 0x00, 0x30, 0xfc, 0xff, 
	0xff, 0xff, 0x07, 0x00, 0xc0, 0xe1, 0xff, 0xff, 0xff, 0xff, 0xff, 0x00, 0x00, 0x00, 0xfe, 0xff, 
	0xff, 0xff, 0x07, 0x00, 0xe0, 0xf0, 0xff, 0xff, 0xff, 0xff, 0xff, 0x01, 0x00, 0x00, 0xfe, 0xff, 
	0xff, 0xff, 0x0f, 0x00, 0x00, 0xf0, 0xff, 0xff, 0xff, 0xff, 0x1f, 0xc0, 0xff, 0x00, 0xc0, 0xff, 
	0xff, 0xff, 0x0f, 0xb0, 0x0f, 0x80, 0xff, 0xff, 0xff, 0xff, 0x0f, 0xff, 0xff, 0xff, 0xa1, 0xff, 
	0xff, 0xff, 0x07, 0xff, 0xff, 0x07, 0xfe, 0xff, 0xff, 0xff, 0xe7, 0xff, 0xff, 0xff, 0x8f, 0xff, 
	0xff, 0xff, 0xe3, 0xff, 0xff, 0xef, 0xf8, 0xff, 0xff, 0xff, 0xf3, 0xff, 0xff, 0xff, 0xff, 0xff, 
	0xff, 0xff, 0xfb, 0xff, 0xff, 0xff, 0xfb, 0xff, 0xff, 0xff, 0xf3, 0xff, 0xff, 0xff, 0xff, 0xff, 
	0xff, 0xff, 0xff, 0xff, 0xff, 0xff, 0xfb, 0xff, 0xff, 0xff, 0xfb, 0xff, 0xff, 0xff, 0xff, 0xff, 
	0xff, 0x07, 0xf0, 0xff, 0xff, 0xff, 0xff, 0xff, 0xff, 0xff, 0xff, 0xff, 0xff, 0x3f, 0x00, 0xff, 
	0x7f, 0xc0, 0x00, 0xff, 0xff, 0xff, 0xff, 0xff, 0xff, 0xff, 0xff, 0xff, 0xff, 0x07, 0x0c, 0xfc, 
	0x1f, 0xff, 0x7f, 0xfe, 0xff, 0xff, 0xff, 0xff, 0xff, 0xff, 0xff, 0xff, 0xff, 0xf3, 0xff, 0xf9, 
	0x9f, 0xff, 0xff, 0xfe, 0xff, 0xff, 0xff, 0xff, 0xff, 0xff, 0xff, 0xff, 0xff, 0xc7, 0xff, 0xf8, 
	0x3f, 0xf8, 0x0f, 0xff, 0xff, 0xff, 0xff, 0xff, 0xff, 0xff, 0xff, 0xff, 0xff, 0x0f, 0x00, 0xfe, 
	0xff, 0x00, 0xc0, 0xff, 0xff, 0xff, 0xff, 0xff, 0xff, 0xff, 0xff, 0xff, 0xff, 0xff, 0xff, 0xff, 
	0xff, 0xff, 0xff, 0xff, 0xff, 0xff, 0xff, 0xff, 0xff, 0xff, 0xff, 0xff, 0xff, 0xff, 0xff, 0xff, 
	0xff, 0xff, 0xff, 0xff, 0xff, 0xff, 0xff, 0xff, 0xff, 0xff, 0xff, 0xff, 0xff, 0xff, 0xff, 0xff, 
	0xff, 0xff, 0xff, 0xff, 0xff, 0xff, 0xff, 0xff, 0xff, 0xff, 0xff, 0xff, 0xff, 0xff, 0xff, 0xff
};
// 'happi0008', 128x50px
const unsigned char epd_bitmap_happi0008 [] PROGMEM = {
	0xff, 0xff, 0xff, 0xff, 0xff, 0xff, 0xff, 0xff, 0xff, 0xff, 0xff, 0xff, 0xff, 0xff, 0xff, 0xff, 
	0xff, 0xff, 0xff, 0xff, 0xff, 0xff, 0xff, 0xff, 0xff, 0xff, 0xff, 0xff, 0xff, 0xff, 0xff, 0xff, 
	0xff, 0xff, 0xff, 0xff, 0xff, 0xff, 0xff, 0xff, 0xff, 0xff, 0xff, 0xff, 0xff, 0xff, 0xff, 0xff, 
	0xff, 0xff, 0xff, 0xff, 0xff, 0xff, 0xff, 0xff, 0xff, 0xff, 0xff, 0xff, 0xff, 0xff, 0xff, 0xff, 
	0xff, 0xff, 0xff, 0xff, 0xff, 0xff, 0xff, 0xff, 0xff, 0xff, 0xff, 0xff, 0xff, 0xff, 0xff, 0xff, 
	0xff, 0xff, 0xff, 0xff, 0xff, 0xff, 0xff, 0xff, 0xff, 0xff, 0xff, 0xff, 0x87, 0xff, 0xff, 0xff, 
	0xff, 0xff, 0xff, 0x3f, 0xfc, 0xff, 0xff, 0xff, 0xff, 0xff, 0xff, 0x3f, 0x00, 0xf8, 0xff, 0xff, 
	0xff, 0xff, 0xff, 0x01, 0xc0, 0xff, 0xff, 0xff, 0xff, 0xff, 0xff, 0x9f, 0x0f, 0xe3, 0xff, 0xff, 
	0xff, 0xff, 0xff, 0xfc, 0x18, 0xff, 0xff, 0xff, 0xff, 0xff, 0xff, 0xc7, 0x0f, 0xc8, 0xff, 0xff, 
	0xff, 0xff, 0x3f, 0xff, 0x40, 0xfe, 0xff, 0xff, 0xff, 0xff, 0xff, 0xf3, 0x1f, 0x00, 0xff, 0xff, 
	0xff, 0xff, 0xdf, 0xff, 0x04, 0xf8, 0xff, 0xff, 0xff, 0xff, 0xff, 0xf9, 0x3f, 0x40, 0xfe, 0xff, 
	0xff, 0xff, 0xcf, 0xff, 0x01, 0xf2, 0xff, 0xff, 0xff, 0xff, 0xff, 0xfc, 0x3f, 0x00, 0xfe, 0xff, 
	0xff, 0xff, 0xe7, 0xff, 0x01, 0xf0, 0xff, 0xff, 0xff, 0xff, 0x7f, 0xfe, 0x3f, 0x00, 0xfd, 0xff, 
	0xff, 0xff, 0xf3, 0xff, 0x00, 0xe8, 0xff, 0xff, 0xff, 0xff, 0x7f, 0xff, 0x1f, 0x00, 0xf8, 0xff, 
	0xff, 0xff, 0xfb, 0xff, 0x00, 0xc0, 0xff, 0xff, 0xff, 0xff, 0x3f, 0xff, 0x1f, 0x00, 0xfa, 0xff, 
	0xff, 0xff, 0xf9, 0xff, 0x00, 0xd0, 0xff, 0xff, 0xff, 0xff, 0x9f, 0xff, 0x1f, 0x00, 0xf0, 0xff, 
	0xff, 0xff, 0xfc, 0xff, 0x00, 0x80, 0xff, 0xff, 0xff, 0xff, 0x9f, 0xff, 0x1f, 0x00, 0xf0, 0xff, 
	0xff, 0xff, 0xfc, 0x7f, 0x00, 0x80, 0xff, 0xff, 0xff, 0xff, 0xdf, 0xff, 0x1f, 0x00, 0xf0, 0xff, 
	0xff, 0xff, 0xfe, 0x7f, 0x00, 0x90, 0xff, 0xff, 0xff, 0xff, 0xcf, 0xff, 0x0f, 0x00, 0xe4, 0xff, 
	0xff, 0xff, 0xfc, 0x7f, 0x00, 0x10, 0xff, 0xff, 0xff, 0xff, 0xcf, 0xff, 0x0f, 0x00, 0xec, 0xff, 
	0xff, 0xff, 0xf8, 0x3f, 0x00, 0x50, 0xff, 0xff, 0xff, 0xff, 0x8f, 0xff, 0x0f, 0x00, 0xe4, 0xff, 
	0xff, 0x7f, 0xf0, 0x3f, 0x00, 0x30, 0xff, 0xff, 0xff, 0xff, 0x0f, 0xfc, 0x03, 0x00, 0xe4, 0xff, 
	0xff, 0x3f, 0xc0, 0x1f, 0x00, 0x10, 0xff, 0xff, 0xff, 0xff, 0x0f, 0x00, 0x00, 0x00, 0xe4, 0xff, 
	0xff, 0x7f, 0x00, 0x00, 0x00, 0x10, 0xff, 0xff, 0xff, 0xff, 0x0f, 0x00, 0x00, 0x00, 0xe4, 0xff, 
	0xff, 0x7f, 0x00, 0x00, 0x00, 0x10, 0xff, 0xff, 0xff, 0xff, 0x0f, 0x00, 0x00, 0x00, 0xec, 0xff, 
	0xff, 0x7f, 0x00, 0x00, 0x00, 0x58, 0xff, 0xff, 0xff, 0xff, 0x1f, 0x00, 0x00, 0x00, 0xec, 0xff, 
	0xff, 0xff, 0x00, 0x00, 0x00, 0x18, 0xff, 0xff, 0xff, 0xff, 0x1f, 0x00, 0x00, 0x00, 0xe4, 0xff, 
	0xff, 0xff, 0x00, 0x00, 0x00, 0x18, 0xff, 0xff, 0xff, 0xff, 0x1f, 0x00, 0x00, 0x00, 0xf6, 0xff, 
	0xff, 0xff, 0x00, 0x00, 0x00, 0x88, 0xff, 0xff, 0xff, 0xff, 0x1f, 0x00, 0x00, 0x00, 0xf2, 0xff, 
	0xff, 0xff, 0x00, 0x00, 0x00, 0x8c, 0xff, 0xff, 0xff, 0xff, 0x1f, 0x00, 0x00, 0x00, 0xf1, 0xff, 
	0xff, 0xff, 0x01, 0x00, 0x00, 0x86, 0xff, 0xff, 0xff, 0xff, 0x3f, 0x00, 0x00, 0xc0, 0xf9, 0xff, 
	0xff, 0xff, 0x01, 0x00, 0x00, 0xc6, 0xff, 0xff, 0xff, 0xff, 0x7f, 0x00, 0x00, 0x60, 0xfc, 0xff, 
	0xff, 0xff, 0x03, 0x00, 0x00, 0xe2, 0xff, 0xff, 0xff, 0xff, 0xff, 0x00, 0x00, 0x30, 0xfc, 0xff, 
	0xff, 0xff, 0x07, 0x00, 0xc0, 0xe1, 0xff, 0xff, 0xff, 0xff, 0xff, 0x00, 0x00, 0x00, 0xfe, 0xff, 
	0xff, 0xff, 0x07, 0x00, 0xe0, 0xf0, 0xff, 0xff, 0xff, 0xff, 0xff, 0x01, 0x00, 0x00, 0xfe, 0xff, 
	0xff, 0xff, 0x0f, 0x00, 0x00, 0xf0, 0xff, 0xff, 0xff, 0xff, 0x1f, 0xc0, 0xff, 0x00, 0xc0, 0xff, 
	0xff, 0xff, 0x0f, 0xb0, 0x0f, 0x80, 0xff, 0xff, 0xff, 0xff, 0x0f, 0xff, 0xff, 0xff, 0xa1, 0xff, 
	0xff, 0xff, 0x07, 0xff, 0xff, 0x07, 0xfe, 0xff, 0xff, 0xff, 0xe7, 0xff, 0xff, 0xff, 0x8f, 0xff, 
	0xff, 0xff, 0xe3, 0xff, 0xff, 0xef, 0xf8, 0xff, 0xff, 0xff, 0xf3, 0xff, 0xff, 0xff, 0xff, 0xff, 
	0xff, 0xff, 0xfb, 0xff, 0xff, 0xff, 0xfb, 0xff, 0xff, 0xff, 0xf3, 0xff, 0xff, 0xff, 0xff, 0xff, 
	0xff, 0xff, 0xff, 0xff, 0xff, 0xff, 0xfb, 0xff, 0xff, 0xff, 0xfb, 0xff, 0xff, 0xff, 0xff, 0xff, 
	0xff, 0x07, 0xf0, 0xff, 0xff, 0xff, 0xff, 0xff, 0xff, 0xff, 0xff, 0xff, 0xff, 0x3f, 0x00, 0xff, 
	0x7f, 0xc0, 0x00, 0xff, 0xff, 0xff, 0xff, 0xff, 0xff, 0xff, 0xff, 0xff, 0xff, 0x07, 0x0c, 0xfc, 
	0x1f, 0xff, 0x7f, 0xfe, 0xff, 0xff, 0xff, 0xff, 0xff, 0xff, 0xff, 0xff, 0xff, 0xf3, 0xff, 0xf9, 
	0x9f, 0xff, 0xff, 0xfe, 0xff, 0xff, 0xff, 0xff, 0xff, 0xff, 0xff, 0xff, 0xff, 0xc7, 0xff, 0xf8, 
	0x3f, 0xf8, 0x0f, 0xff, 0xff, 0xff, 0xff, 0xff, 0xff, 0xff, 0xff, 0xff, 0xff, 0x0f, 0x00, 0xfe, 
	0xff, 0x00, 0xc0, 0xff, 0xff, 0xff, 0xff, 0xff, 0xff, 0xff, 0xff, 0xff, 0xff, 0xff, 0xff, 0xff, 
	0xff, 0xff, 0xff, 0xff, 0xff, 0xff, 0xff, 0xff, 0xff, 0xff, 0xff, 0xff, 0xff, 0xff, 0xff, 0xff, 
	0xff, 0xff, 0xff, 0xff, 0xff, 0xff, 0xff, 0xff, 0xff, 0xff, 0xff, 0xff, 0xff, 0xff, 0xff, 0xff, 
	0xff, 0xff, 0xff, 0xff, 0xff, 0xff, 0xff, 0xff, 0xff, 0xff, 0xff, 0xff, 0xff, 0xff, 0xff, 0xff
};
// 'happi0009', 128x50px
const unsigned char epd_bitmap_happi0009 [] PROGMEM = {
	0xff, 0xff, 0xff, 0xff, 0xff, 0xff, 0xff, 0xff, 0xff, 0xff, 0xff, 0xff, 0xff, 0xff, 0xff, 0xff, 
	0xff, 0xff, 0xff, 0xff, 0xff, 0xff, 0xff, 0xff, 0xff, 0xff, 0xff, 0xff, 0xff, 0xff, 0xff, 0xff, 
	0xff, 0xff, 0xff, 0xff, 0xff, 0xff, 0xff, 0xff, 0xff, 0xff, 0xff, 0xff, 0xff, 0xff, 0xff, 0xff, 
	0xff, 0xff, 0xff, 0xff, 0xff, 0xff, 0xff, 0xff, 0xff, 0xff, 0xff, 0xff, 0xff, 0xff, 0xff, 0xff, 
	0xff, 0xff, 0xff, 0xff, 0xff, 0xff, 0xff, 0xff, 0xff, 0xff, 0xff, 0xff, 0xff, 0xff, 0xff, 0xff, 
	0xff, 0xff, 0xff, 0xff, 0xff, 0xff, 0xff, 0xff, 0xff, 0xff, 0xff, 0xff, 0xff, 0xff, 0xff, 0xff, 
	0xff, 0xff, 0xff, 0xff, 0xff, 0xff, 0xff, 0xff, 0xff, 0xff, 0xff, 0xff, 0xe3, 0xff, 0xff, 0xff, 
	0xff, 0xff, 0xff, 0xff, 0xff, 0xff, 0xff, 0xff, 0xff, 0xff, 0xff, 0xff, 0x80, 0xff, 0xff, 0xff, 
	0xff, 0xff, 0xff, 0xff, 0xfc, 0xff, 0xff, 0xff, 0xff, 0xff, 0xff, 0x1f, 0x3c, 0xfc, 0xff, 0xff, 
	0xff, 0xff, 0xff, 0x07, 0xf0, 0xff, 0xff, 0xff, 0xff, 0xff, 0xff, 0xc7, 0x3f, 0xf8, 0xff, 0xff, 
	0xff, 0xff, 0xff, 0x81, 0x83, 0xff, 0xff, 0xff, 0xff, 0xff, 0xff, 0xf3, 0x1f, 0xe0, 0xff, 0xff, 
	0xff, 0xff, 0x7f, 0xf8, 0x0b, 0xff, 0xff, 0xff, 0xff, 0xff, 0xff, 0xf9, 0x1f, 0xc0, 0xff, 0xff, 
	0xff, 0xff, 0x3f, 0xfe, 0x03, 0xfc, 0xff, 0xff, 0xff, 0xff, 0xff, 0xfc, 0x3f, 0x80, 0xff, 0xff, 
	0xff, 0xff, 0x9f, 0xff, 0x03, 0xf0, 0xff, 0xff, 0xff, 0xff, 0x7f, 0xfe, 0x2f, 0x00, 0xff, 0xff, 
	0xff, 0xff, 0xdf, 0xff, 0x05, 0xe4, 0xff, 0xff, 0xff, 0xff, 0x3f, 0xff, 0x2f, 0x00, 0xff, 0xff, 
	0xff, 0xff, 0xcf, 0xff, 0x01, 0xe8, 0xff, 0xff, 0xff, 0xff, 0xbf, 0xff, 0x2f, 0x80, 0xfe, 0xff, 
	0xff, 0xff, 0xef, 0xff, 0x01, 0xc0, 0xff, 0xff, 0xff, 0xff, 0x9f, 0xff, 0x0f, 0x00, 0xfe, 0xff, 
	0xff, 0xff, 0xf7, 0xff, 0x02, 0xd8, 0xff, 0xff, 0xff, 0xff, 0x9f, 0xff, 0x0f, 0x80, 0xfc, 0xff, 
	0xff, 0xff, 0xf7, 0x7f, 0x01, 0xd0, 0xff, 0xff, 0xff, 0xff, 0x9f, 0xff, 0x07, 0x80, 0xfc, 0xff, 
	0xff, 0xff, 0xf7, 0xbf, 0x00, 0x90, 0xff, 0xff, 0xff, 0xff, 0xdf, 0xff, 0x03, 0x80, 0xfc, 0xff, 
	0xff, 0xff, 0xf7, 0x5f, 0x00, 0x90, 0xff, 0xff, 0xff, 0xff, 0xdf, 0xff, 0x05, 0x80, 0xfc, 0xff, 
	0xff, 0xff, 0xf3, 0x07, 0x00, 0x90, 0xff, 0xff, 0xff, 0xff, 0xdf, 0x7f, 0x02, 0x80, 0xfc, 0xff, 
	0xff, 0xff, 0xf3, 0x09, 0x00, 0x90, 0xff, 0xff, 0xff, 0xff, 0x9f, 0x1f, 0x00, 0x80, 0xfc, 0xff, 
	0xff, 0xff, 0x03, 0x03, 0x00, 0x90, 0xff, 0xff, 0xff, 0xff, 0x1f, 0x30, 0x00, 0x80, 0xfd, 0xff, 
	0xff, 0xff, 0x27, 0x00, 0x00, 0x90, 0xff, 0xff, 0xff, 0xff, 0x9f, 0x03, 0x00, 0x80, 0xfc, 0xff, 
	0xff, 0xff, 0x07, 0x00, 0x00, 0xd0, 0xff, 0xff, 0xff, 0xff, 0xbf, 0x00, 0x00, 0x40, 0xfe, 0xff, 
	0xff, 0xff, 0x07, 0x00, 0x00, 0xc8, 0xff, 0xff, 0xff, 0xff, 0x3f, 0x00, 0x00, 0x40, 0xfe, 0xff, 
	0xff, 0xff, 0x0f, 0x00, 0x00, 0xd4, 0xff, 0xff, 0xff, 0xff, 0x7f, 0x00, 0x00, 0x60, 0xfe, 0xff, 
	0xff, 0xff, 0x0f, 0x00, 0x04, 0xe6, 0xff, 0xff, 0xff, 0xff, 0xff, 0x00, 0x81, 0x33, 0xff, 0xff, 
	0xff, 0xff, 0x5f, 0x03, 0x40, 0xe0, 0xff, 0xff, 0xff, 0xff, 0xff, 0x11, 0xfe, 0xa0, 0xff, 0xff, 
	0xff, 0xff, 0x3f, 0x00, 0x00, 0xe0, 0xff, 0xff, 0xff, 0xff, 0xff, 0xe3, 0xff, 0xc7, 0xff, 0xff, 
	0xff, 0xff, 0x0f, 0x1e, 0xfe, 0xc1, 0xff, 0xff, 0xff, 0xff, 0xff, 0xfd, 0xff, 0xdf, 0xff, 0xff, 
	0xff, 0xff, 0xe3, 0xff, 0xff, 0x3f, 0xff, 0xff, 0xff, 0xff, 0x7f, 0xfe, 0xff, 0x7f, 0xff, 0xff, 
	0xff, 0xff, 0xfb, 0xff, 0xff, 0xff, 0xfe, 0xff, 0xff, 0xff, 0x9f, 0xff, 0xff, 0xff, 0xfc, 0xff, 
	0xff, 0xff, 0xff, 0xff, 0xff, 0xff, 0xff, 0xff, 0xff, 0xff, 0xef, 0xff, 0xff, 0xff, 0xfb, 0xff, 
	0xff, 0xff, 0xff, 0xff, 0xff, 0xff, 0xff, 0xff, 0xff, 0xff, 0xe7, 0xff, 0xff, 0xff, 0xff, 0xff, 
	0xff, 0xff, 0xff, 0xff, 0xff, 0xff, 0xff, 0xff, 0xff, 0xff, 0xff, 0xff, 0xff, 0xff, 0xff, 0xff, 
	0xff, 0xff, 0xff, 0xff, 0xff, 0xff, 0xff, 0xff, 0xff, 0xff, 0xff, 0xff, 0xff, 0xff, 0xff, 0xff, 
	0xff, 0xff, 0xff, 0xff, 0xff, 0xff, 0xff, 0xff, 0xff, 0xff, 0xff, 0xff, 0xff, 0xff, 0xff, 0xff, 
	0xff, 0xff, 0xff, 0xff, 0xff, 0xff, 0xff, 0xff, 0xff, 0xff, 0xff, 0xff, 0xff, 0xff, 0xff, 0xff, 
	0xff, 0xff, 0xff, 0xff, 0xff, 0xff, 0xff, 0xff, 0xff, 0xff, 0xff, 0xff, 0xff, 0xff, 0xff, 0xff, 
	0xff, 0xff, 0xff, 0xff, 0xff, 0xff, 0xff, 0xff, 0xff, 0xff, 0xff, 0xff, 0xff, 0xff, 0xff, 0xff, 
	0xff, 0x1f, 0xf0, 0xff, 0xff, 0xff, 0xff, 0xff, 0xff, 0xff, 0xff, 0xff, 0xff, 0xff, 0xff, 0xff, 
	0x3f, 0xf8, 0x3f, 0xf8, 0xff, 0xff, 0xff, 0xff, 0xff, 0xff, 0xff, 0xff, 0xff, 0x01, 0xfe, 0xff, 
	0x9f, 0xff, 0xff, 0xf7, 0xff, 0xff, 0xff, 0xff, 0xff, 0xff, 0xff, 0xff, 0xc3, 0xff, 0x9f, 0xff, 
	0x3f, 0xff, 0xff, 0xf9, 0xff, 0xff, 0xff, 0xff, 0xff, 0xff, 0xff, 0xff, 0xf3, 0xff, 0x1f, 0xff, 
	0xff, 0x01, 0x00, 0xfe, 0xff, 0xff, 0xff, 0xff, 0xff, 0xff, 0xff, 0xff, 0x0f, 0x00, 0xe0, 0xff, 
	0xff, 0xff, 0xff, 0xff, 0xff, 0xff, 0xff, 0xff, 0xff, 0xff, 0xff, 0xff, 0xff, 0xff, 0xff, 0xff, 
	0xff, 0xff, 0xff, 0xff, 0xff, 0xff, 0xff, 0xff, 0xff, 0xff, 0xff, 0xff, 0xff, 0xff, 0xff, 0xff, 
	0xff, 0xff, 0xff, 0xff, 0xff, 0xff, 0xff, 0xff, 0xff, 0xff, 0xff, 0xff, 0xff, 0xff, 0xff, 0xff
};
// 'happi0010', 128x50px
const unsigned char epd_bitmap_happi0010 [] PROGMEM = {
	0xff, 0xff, 0xff, 0xff, 0xff, 0xff, 0xff, 0xff, 0xff, 0xff, 0xff, 0xff, 0xff, 0xff, 0xff, 0xff, 
	0xff, 0xff, 0xff, 0xff, 0xff, 0xff, 0xff, 0xff, 0xff, 0xff, 0xff, 0xff, 0xff, 0xff, 0xff, 0xff, 
	0xff, 0xff, 0xff, 0xff, 0xff, 0xff, 0xff, 0xff, 0xff, 0xff, 0xff, 0xff, 0xff, 0xff, 0xff, 0xff, 
	0xff, 0xff, 0xff, 0xff, 0xff, 0xff, 0xff, 0xff, 0xff, 0xff, 0xff, 0xff, 0xff, 0xff, 0xff, 0xff, 
	0xff, 0xff, 0xff, 0xff, 0xff, 0xff, 0xff, 0xff, 0xff, 0xff, 0xff, 0xff, 0xff, 0xff, 0xff, 0xff, 
	0xff, 0xff, 0xff, 0xff, 0xff, 0xff, 0xff, 0xff, 0xff, 0xff, 0xff, 0xff, 0xff, 0xff, 0xff, 0xff, 
	0xff, 0xff, 0xff, 0xff, 0xff, 0xff, 0xff, 0xff, 0xff, 0xff, 0xff, 0xff, 0xe3, 0xff, 0xff, 0xff, 
	0xff, 0xff, 0xff, 0xff, 0xff, 0xff, 0xff, 0xff, 0xff, 0xff, 0xff, 0xff, 0x80, 0xff, 0xff, 0xff, 
	0xff, 0xff, 0xff, 0xff, 0xfc, 0xff, 0xff, 0xff, 0xff, 0xff, 0xff, 0x1f, 0x3c, 0xfc, 0xff, 0xff, 
	0xff, 0xff, 0xff, 0x07, 0xf0, 0xff, 0xff, 0xff, 0xff, 0xff, 0xff, 0xc7, 0x3f, 0xf8, 0xff, 0xff, 
	0xff, 0xff, 0xff, 0x81, 0x83, 0xff, 0xff, 0xff, 0xff, 0xff, 0xff, 0xf3, 0x1f, 0xe0, 0xff, 0xff, 
	0xff, 0xff, 0x7f, 0xf8, 0x0b, 0xff, 0xff, 0xff, 0xff, 0xff, 0xff, 0xf9, 0x1f, 0xc0, 0xff, 0xff, 
	0xff, 0xff, 0x3f, 0xfe, 0x03, 0xfc, 0xff, 0xff, 0xff, 0xff, 0xff, 0xfc, 0x3f, 0x80, 0xff, 0xff, 
	0xff, 0xff, 0x9f, 0xff, 0x03, 0xf0, 0xff, 0xff, 0xff, 0xff, 0x7f, 0xfe, 0x2f, 0x00, 0xff, 0xff, 
	0xff, 0xff, 0xdf, 0xff, 0x05, 0xe4, 0xff, 0xff, 0xff, 0xff, 0x3f, 0xff, 0x2f, 0x00, 0xff, 0xff, 
	0xff, 0xff, 0xcf, 0xff, 0x01, 0xe8, 0xff, 0xff, 0xff, 0xff, 0xbf, 0xff, 0x2f, 0x80, 0xfe, 0xff, 
	0xff, 0xff, 0xef, 0xff, 0x01, 0xc0, 0xff, 0xff, 0xff, 0xff, 0x9f, 0xff, 0x0f, 0x00, 0xfe, 0xff, 
	0xff, 0xff, 0xf7, 0xff, 0x02, 0xd8, 0xff, 0xff, 0xff, 0xff, 0x9f, 0xff, 0x0f, 0x80, 0xfc, 0xff, 
	0xff, 0xff, 0xf7, 0x7f, 0x01, 0xd0, 0xff, 0xff, 0xff, 0xff, 0x9f, 0xff, 0x07, 0x80, 0xfc, 0xff, 
	0xff, 0xff, 0xf7, 0xbf, 0x00, 0x90, 0xff, 0xff, 0xff, 0xff, 0xdf, 0xff, 0x03, 0x80, 0xfc, 0xff, 
	0xff, 0xff, 0xf7, 0x5f, 0x00, 0x90, 0xff, 0xff, 0xff, 0xff, 0xdf, 0xff, 0x05, 0x80, 0xfc, 0xff, 
	0xff, 0xff, 0xf3, 0x07, 0x00, 0x90, 0xff, 0xff, 0xff, 0xff, 0xdf, 0x7f, 0x02, 0x80, 0xfc, 0xff, 
	0xff, 0xff, 0xf3, 0x09, 0x00, 0x90, 0xff, 0xff, 0xff, 0xff, 0x9f, 0x1f, 0x00, 0x80, 0xfc, 0xff, 
	0xff, 0xff, 0x03, 0x03, 0x00, 0x90, 0xff, 0xff, 0xff, 0xff, 0x1f, 0x30, 0x00, 0x80, 0xfd, 0xff, 
	0xff, 0xff, 0x27, 0x00, 0x00, 0x90, 0xff, 0xff, 0xff, 0xff, 0x9f, 0x03, 0x00, 0x80, 0xfc, 0xff, 
	0xff, 0xff, 0x07, 0x00, 0x00, 0xd0, 0xff, 0xff, 0xff, 0xff, 0xbf, 0x00, 0x00, 0x40, 0xfe, 0xff, 
	0xff, 0xff, 0x07, 0x00, 0x00, 0xc8, 0xff, 0xff, 0xff, 0xff, 0x3f, 0x00, 0x00, 0x40, 0xfe, 0xff, 
	0xff, 0xff, 0x0f, 0x00, 0x00, 0xd4, 0xff, 0xff, 0xff, 0xff, 0x7f, 0x00, 0x00, 0x60, 0xfe, 0xff, 
	0xff, 0xff, 0x0f, 0x00, 0x04, 0xe6, 0xff, 0xff, 0xff, 0xff, 0xff, 0x00, 0x81, 0x33, 0xff, 0xff, 
	0xff, 0xff, 0x5f, 0x03, 0x40, 0xe0, 0xff, 0xff, 0xff, 0xff, 0xff, 0x11, 0xfe, 0xa0, 0xff, 0xff, 
	0xff, 0xff, 0x3f, 0x00, 0x00, 0xe0, 0xff, 0xff, 0xff, 0xff, 0xff, 0xe3, 0xff, 0xc7, 0xff, 0xff, 
	0xff, 0xff, 0x0f, 0x1e, 0xfe, 0xc1, 0xff, 0xff, 0xff, 0xff, 0xff, 0xfd, 0xff, 0xdf, 0xff, 0xff, 
	0xff, 0xff, 0xe3, 0xff, 0xff, 0x3f, 0xff, 0xff, 0xff, 0xff, 0x7f, 0xfe, 0xff, 0x7f, 0xff, 0xff, 
	0xff, 0xff, 0xfb, 0xff, 0xff, 0xff, 0xfe, 0xff, 0xff, 0xff, 0x9f, 0xff, 0xff, 0xff, 0xfc, 0xff, 
	0xff, 0xff, 0xff, 0xff, 0xff, 0xff, 0xff, 0xff, 0xff, 0xff, 0xef, 0xff, 0xff, 0xff, 0xfb, 0xff, 
	0xff, 0xff, 0xff, 0xff, 0xff, 0xff, 0xff, 0xff, 0xff, 0xff, 0xe7, 0xff, 0xff, 0xff, 0xff, 0xff, 
	0xff, 0xff, 0xff, 0xff, 0xff, 0xff, 0xff, 0xff, 0xff, 0xff, 0xff, 0xff, 0xff, 0xff, 0xff, 0xff, 
	0xff, 0xff, 0xff, 0xff, 0xff, 0xff, 0xff, 0xff, 0xff, 0xff, 0xff, 0xff, 0xff, 0xff, 0xff, 0xff, 
	0xff, 0xff, 0xff, 0xff, 0xff, 0xff, 0xff, 0xff, 0xff, 0xff, 0xff, 0xff, 0xff, 0xff, 0xff, 0xff, 
	0xff, 0xff, 0xff, 0xff, 0xff, 0xff, 0xff, 0xff, 0xff, 0xff, 0xff, 0xff, 0xff, 0xff, 0xff, 0xff, 
	0xff, 0xff, 0xff, 0xff, 0xff, 0xff, 0xff, 0xff, 0xff, 0xff, 0xff, 0xff, 0xff, 0xff, 0xff, 0xff, 
	0xff, 0xff, 0xff, 0xff, 0xff, 0xff, 0xff, 0xff, 0xff, 0xff, 0xff, 0xff, 0xff, 0xff, 0xff, 0xff, 
	0xff, 0x1f, 0xf0, 0xff, 0xff, 0xff, 0xff, 0xff, 0xff, 0xff, 0xff, 0xff, 0xff, 0xff, 0xff, 0xff, 
	0x3f, 0xf8, 0x3f, 0xf8, 0xff, 0xff, 0xff, 0xff, 0xff, 0xff, 0xff, 0xff, 0xff, 0x01, 0xfe, 0xff, 
	0x9f, 0xff, 0xff, 0xf7, 0xff, 0xff, 0xff, 0xff, 0xff, 0xff, 0xff, 0xff, 0xc3, 0xff, 0x9f, 0xff, 
	0x3f, 0xff, 0xff, 0xf9, 0xff, 0xff, 0xff, 0xff, 0xff, 0xff, 0xff, 0xff, 0xf3, 0xff, 0x1f, 0xff, 
	0xff, 0x01, 0x00, 0xfe, 0xff, 0xff, 0xff, 0xff, 0xff, 0xff, 0xff, 0xff, 0x0f, 0x00, 0xe0, 0xff, 
	0xff, 0xff, 0xff, 0xff, 0xff, 0xff, 0xff, 0xff, 0xff, 0xff, 0xff, 0xff, 0xff, 0xff, 0xff, 0xff, 
	0xff, 0xff, 0xff, 0xff, 0xff, 0xff, 0xff, 0xff, 0xff, 0xff, 0xff, 0xff, 0xff, 0xff, 0xff, 0xff, 
	0xff, 0xff, 0xff, 0xff, 0xff, 0xff, 0xff, 0xff, 0xff, 0xff, 0xff, 0xff, 0xff, 0xff, 0xff, 0xff
};
// 'happi0011', 128x50px
const unsigned char epd_bitmap_happi0011 [] PROGMEM = {
	0xff, 0xff, 0xff, 0xff, 0xff, 0xff, 0xff, 0xff, 0xff, 0xff, 0xff, 0xff, 0xff, 0xff, 0xff, 0xff, 
	0xff, 0xff, 0xff, 0xff, 0xff, 0xff, 0xff, 0xff, 0xff, 0xff, 0xff, 0xff, 0xff, 0xff, 0xff, 0xff, 
	0xff, 0xff, 0xff, 0xff, 0xff, 0xff, 0xff, 0xff, 0xff, 0xff, 0xff, 0xff, 0xff, 0xff, 0xff, 0xff, 
	0xff, 0xff, 0xff, 0xff, 0xff, 0xff, 0xff, 0xff, 0xff, 0xff, 0xff, 0xff, 0xff, 0xff, 0xff, 0xff, 
	0xff, 0xff, 0xff, 0xff, 0xff, 0xff, 0xff, 0xff, 0xff, 0xff, 0xff, 0xff, 0xff, 0xff, 0xff, 0xff, 
	0xff, 0xff, 0xff, 0xff, 0xff, 0xff, 0xff, 0xff, 0xff, 0xff, 0xff, 0xff, 0xff, 0xff, 0xff, 0xff, 
	0xff, 0xff, 0xff, 0xff, 0xff, 0xff, 0xff, 0xff, 0xff, 0xff, 0xff, 0xff, 0xe3, 0xff, 0xff, 0xff, 
	0xff, 0xff, 0xff, 0xff, 0xff, 0xff, 0xff, 0xff, 0xff, 0xff, 0xff, 0xff, 0x80, 0xff, 0xff, 0xff, 
	0xff, 0xff, 0xff, 0xff, 0xfc, 0xff, 0xff, 0xff, 0xff, 0xff, 0xff, 0x1f, 0x3c, 0xfc, 0xff, 0xff, 
	0xff, 0xff, 0xff, 0x07, 0xf0, 0xff, 0xff, 0xff, 0xff, 0xff, 0xff, 0xc7, 0x3f, 0xf8, 0xff, 0xff, 
	0xff, 0xff, 0xff, 0x81, 0x83, 0xff, 0xff, 0xff, 0xff, 0xff, 0xff, 0xf3, 0x1f, 0xe0, 0xff, 0xff, 
	0xff, 0xff, 0x7f, 0xf8, 0x0b, 0xff, 0xff, 0xff, 0xff, 0xff, 0xff, 0xf9, 0x1f, 0xc0, 0xff, 0xff, 
	0xff, 0xff, 0x3f, 0xfe, 0x03, 0xfc, 0xff, 0xff, 0xff, 0xff, 0xff, 0xfc, 0x3f, 0x80, 0xff, 0xff, 
	0xff, 0xff, 0x9f, 0xff, 0x03, 0xf0, 0xff, 0xff, 0xff, 0xff, 0x7f, 0xfe, 0x2f, 0x00, 0xff, 0xff, 
	0xff, 0xff, 0xdf, 0xff, 0x05, 0xe4, 0xff, 0xff, 0xff, 0xff, 0x3f, 0xff, 0x2f, 0x00, 0xff, 0xff, 
	0xff, 0xff, 0xcf, 0xff, 0x01, 0xe8, 0xff, 0xff, 0xff, 0xff, 0xbf, 0xff, 0x2f, 0x80, 0xfe, 0xff, 
	0xff, 0xff, 0xef, 0xff, 0x01, 0xc0, 0xff, 0xff, 0xff, 0xff, 0x9f, 0xff, 0x0f, 0x00, 0xfe, 0xff, 
	0xff, 0xff, 0xf7, 0xff, 0x02, 0xd8, 0xff, 0xff, 0xff, 0xff, 0x9f, 0xff, 0x0f, 0x80, 0xfc, 0xff, 
	0xff, 0xff, 0xf7, 0x7f, 0x01, 0xd0, 0xff, 0xff, 0xff, 0xff, 0x9f, 0xff, 0x07, 0x80, 0xfc, 0xff, 
	0xff, 0xff, 0xf7, 0xbf, 0x00, 0x90, 0xff, 0xff, 0xff, 0xff, 0xdf, 0xff, 0x03, 0x80, 0xfc, 0xff, 
	0xff, 0xff, 0xf7, 0x5f, 0x00, 0x90, 0xff, 0xff, 0xff, 0xff, 0xdf, 0xff, 0x05, 0x80, 0xfc, 0xff, 
	0xff, 0xff, 0xf3, 0x07, 0x00, 0x90, 0xff, 0xff, 0xff, 0xff, 0xdf, 0x7f, 0x02, 0x80, 0xfc, 0xff, 
	0xff, 0xff, 0xf3, 0x09, 0x00, 0x90, 0xff, 0xff, 0xff, 0xff, 0x9f, 0x1f, 0x00, 0x80, 0xfc, 0xff, 
	0xff, 0xff, 0x03, 0x03, 0x00, 0x90, 0xff, 0xff, 0xff, 0xff, 0x1f, 0x30, 0x00, 0x80, 0xfd, 0xff, 
	0xff, 0xff, 0x27, 0x00, 0x00, 0x90, 0xff, 0xff, 0xff, 0xff, 0x9f, 0x03, 0x00, 0x80, 0xfc, 0xff, 
	0xff, 0xff, 0x07, 0x00, 0x00, 0xd0, 0xff, 0xff, 0xff, 0xff, 0xbf, 0x00, 0x00, 0x40, 0xfe, 0xff, 
	0xff, 0xff, 0x07, 0x00, 0x00, 0xc8, 0xff, 0xff, 0xff, 0xff, 0x3f, 0x00, 0x00, 0x40, 0xfe, 0xff, 
	0xff, 0xff, 0x0f, 0x00, 0x00, 0xd4, 0xff, 0xff, 0xff, 0xff, 0x7f, 0x00, 0x00, 0x60, 0xfe, 0xff, 
	0xff, 0xff, 0x0f, 0x00, 0x04, 0xe6, 0xff, 0xff, 0xff, 0xff, 0xff, 0x00, 0x81, 0x33, 0xff, 0xff, 
	0xff, 0xff, 0x5f, 0x03, 0x40, 0xe0, 0xff, 0xff, 0xff, 0xff, 0xff, 0x11, 0xfe, 0xa0, 0xff, 0xff, 
	0xff, 0xff, 0x3f, 0x00, 0x00, 0xe0, 0xff, 0xff, 0xff, 0xff, 0xff, 0xe3, 0xff, 0xc7, 0xff, 0xff, 
	0xff, 0xff, 0x0f, 0x1e, 0xfe, 0xc1, 0xff, 0xff, 0xff, 0xff, 0xff, 0xfd, 0xff, 0xdf, 0xff, 0xff, 
	0xff, 0xff, 0xe3, 0xff, 0xff, 0x3f, 0xff, 0xff, 0xff, 0xff, 0x7f, 0xfe, 0xff, 0x7f, 0xff, 0xff, 
	0xff, 0xff, 0xfb, 0xff, 0xff, 0xff, 0xfe, 0xff, 0xff, 0xff, 0x9f, 0xff, 0xff, 0xff, 0xfc, 0xff, 
	0xff, 0xff, 0xff, 0xff, 0xff, 0xff, 0xff, 0xff, 0xff, 0xff, 0xef, 0xff, 0xff, 0xff, 0xfb, 0xff, 
	0xff, 0xff, 0xff, 0xff, 0xff, 0xff, 0xff, 0xff, 0xff, 0xff, 0xe7, 0xff, 0xff, 0xff, 0xff, 0xff, 
	0xff, 0xff, 0xff, 0xff, 0xff, 0xff, 0xff, 0xff, 0xff, 0xff, 0xff, 0xff, 0xff, 0xff, 0xff, 0xff, 
	0xff, 0xff, 0xff, 0xff, 0xff, 0xff, 0xff, 0xff, 0xff, 0xff, 0xff, 0xff, 0xff, 0xff, 0xff, 0xff, 
	0xff, 0xff, 0xff, 0xff, 0xff, 0xff, 0xff, 0xff, 0xff, 0xff, 0xff, 0xff, 0xff, 0xff, 0xff, 0xff, 
	0xff, 0xff, 0xff, 0xff, 0xff, 0xff, 0xff, 0xff, 0xff, 0xff, 0xff, 0xff, 0xff, 0xff, 0xff, 0xff, 
	0xff, 0xff, 0xff, 0xff, 0xff, 0xff, 0xff, 0xff, 0xff, 0xff, 0xff, 0xff, 0xff, 0xff, 0xff, 0xff, 
	0xff, 0xff, 0xff, 0xff, 0xff, 0xff, 0xff, 0xff, 0xff, 0xff, 0xff, 0xff, 0xff, 0xff, 0xff, 0xff, 
	0xff, 0x1f, 0xf0, 0xff, 0xff, 0xff, 0xff, 0xff, 0xff, 0xff, 0xff, 0xff, 0xff, 0xff, 0xff, 0xff, 
	0x3f, 0xf8, 0x3f, 0xf8, 0xff, 0xff, 0xff, 0xff, 0xff, 0xff, 0xff, 0xff, 0xff, 0x01, 0xfe, 0xff, 
	0x9f, 0xff, 0xff, 0xf7, 0xff, 0xff, 0xff, 0xff, 0xff, 0xff, 0xff, 0xff, 0xc3, 0xff, 0x9f, 0xff, 
	0x3f, 0xff, 0xff, 0xf9, 0xff, 0xff, 0xff, 0xff, 0xff, 0xff, 0xff, 0xff, 0xf3, 0xff, 0x1f, 0xff, 
	0xff, 0x01, 0x00, 0xfe, 0xff, 0xff, 0xff, 0xff, 0xff, 0xff, 0xff, 0xff, 0x0f, 0x00, 0xe0, 0xff, 
	0xff, 0xff, 0xff, 0xff, 0xff, 0xff, 0xff, 0xff, 0xff, 0xff, 0xff, 0xff, 0xff, 0xff, 0xff, 0xff, 
	0xff, 0xff, 0xff, 0xff, 0xff, 0xff, 0xff, 0xff, 0xff, 0xff, 0xff, 0xff, 0xff, 0xff, 0xff, 0xff, 
	0xff, 0xff, 0xff, 0xff, 0xff, 0xff, 0xff, 0xff, 0xff, 0xff, 0xff, 0xff, 0xff, 0xff, 0xff, 0xff
};
// 'happi0012', 128x50px
const unsigned char epd_bitmap_happi0012 [] PROGMEM = {
	0xff, 0xff, 0xff, 0xff, 0xff, 0xff, 0xff, 0xff, 0xff, 0xff, 0xff, 0xff, 0xff, 0xff, 0xff, 0xff, 
	0xff, 0xff, 0xff, 0xff, 0xff, 0xff, 0xff, 0xff, 0xff, 0xff, 0xff, 0xff, 0xff, 0xff, 0xff, 0xff, 
	0xff, 0xff, 0xff, 0xff, 0xff, 0xff, 0xff, 0xff, 0xff, 0xff, 0xff, 0xff, 0xff, 0xff, 0xff, 0xff, 
	0xff, 0xff, 0xff, 0xff, 0xff, 0xff, 0xff, 0xff, 0xff, 0xff, 0xff, 0xff, 0xff, 0xff, 0xff, 0xff, 
	0xff, 0xff, 0xff, 0xff, 0xff, 0xff, 0xff, 0xff, 0xff, 0xff, 0xff, 0xff, 0xff, 0xff, 0xff, 0xff, 
	0xff, 0xff, 0xff, 0xff, 0xff, 0xff, 0xff, 0xff, 0xff, 0xff, 0xff, 0xff, 0xff, 0xff, 0xff, 0xff, 
	0xff, 0xff, 0xff, 0xff, 0xff, 0xff, 0xff, 0xff, 0xff, 0xff, 0xff, 0xff, 0xe3, 0xff, 0xff, 0xff, 
	0xff, 0xff, 0xff, 0xff, 0xff, 0xff, 0xff, 0xff, 0xff, 0xff, 0xff, 0xff, 0x80, 0xff, 0xff, 0xff, 
	0xff, 0xff, 0xff, 0xff, 0xfc, 0xff, 0xff, 0xff, 0xff, 0xff, 0xff, 0x1f, 0x3c, 0xfc, 0xff, 0xff, 
	0xff, 0xff, 0xff, 0x07, 0xf0, 0xff, 0xff, 0xff, 0xff, 0xff, 0xff, 0xc7, 0x3f, 0xf8, 0xff, 0xff, 
	0xff, 0xff, 0xff, 0x81, 0x83, 0xff, 0xff, 0xff, 0xff, 0xff, 0xff, 0xf3, 0x1f, 0xe0, 0xff, 0xff, 
	0xff, 0xff, 0x7f, 0xf8, 0x0b, 0xff, 0xff, 0xff, 0xff, 0xff, 0xff, 0xf9, 0x1f, 0xc0, 0xff, 0xff, 
	0xff, 0xff, 0x3f, 0xfe, 0x03, 0xfc, 0xff, 0xff, 0xff, 0xff, 0xff, 0xfc, 0x3f, 0x80, 0xff, 0xff, 
	0xff, 0xff, 0x9f, 0xff, 0x03, 0xf0, 0xff, 0xff, 0xff, 0xff, 0x7f, 0xfe, 0x2f, 0x00, 0xff, 0xff, 
	0xff, 0xff, 0xdf, 0xff, 0x05, 0xe4, 0xff, 0xff, 0xff, 0xff, 0x3f, 0xff, 0x2f, 0x00, 0xff, 0xff, 
	0xff, 0xff, 0xcf, 0xff, 0x01, 0xe8, 0xff, 0xff, 0xff, 0xff, 0xbf, 0xff, 0x2f, 0x80, 0xfe, 0xff, 
	0xff, 0xff, 0xef, 0xff, 0x01, 0xc0, 0xff, 0xff, 0xff, 0xff, 0x9f, 0xff, 0x0f, 0x00, 0xfe, 0xff, 
	0xff, 0xff, 0xf7, 0xff, 0x02, 0xd8, 0xff, 0xff, 0xff, 0xff, 0x9f, 0xff, 0x0f, 0x80, 0xfc, 0xff, 
	0xff, 0xff, 0xf7, 0x7f, 0x01, 0xd0, 0xff, 0xff, 0xff, 0xff, 0x9f, 0xff, 0x07, 0x80, 0xfc, 0xff, 
	0xff, 0xff, 0xf7, 0xbf, 0x00, 0x90, 0xff, 0xff, 0xff, 0xff, 0xdf, 0xff, 0x03, 0x80, 0xfc, 0xff, 
	0xff, 0xff, 0xf7, 0x5f, 0x00, 0x90, 0xff, 0xff, 0xff, 0xff, 0xdf, 0xff, 0x05, 0x80, 0xfc, 0xff, 
	0xff, 0xff, 0xf3, 0x07, 0x00, 0x90, 0xff, 0xff, 0xff, 0xff, 0xdf, 0x7f, 0x02, 0x80, 0xfc, 0xff, 
	0xff, 0xff, 0xf3, 0x09, 0x00, 0x90, 0xff, 0xff, 0xff, 0xff, 0x9f, 0x1f, 0x00, 0x80, 0xfc, 0xff, 
	0xff, 0xff, 0x03, 0x03, 0x00, 0x90, 0xff, 0xff, 0xff, 0xff, 0x1f, 0x30, 0x00, 0x80, 0xfd, 0xff, 
	0xff, 0xff, 0x27, 0x00, 0x00, 0x90, 0xff, 0xff, 0xff, 0xff, 0x9f, 0x03, 0x00, 0x80, 0xfc, 0xff, 
	0xff, 0xff, 0x07, 0x00, 0x00, 0xd0, 0xff, 0xff, 0xff, 0xff, 0xbf, 0x00, 0x00, 0x40, 0xfe, 0xff, 
	0xff, 0xff, 0x07, 0x00, 0x00, 0xc8, 0xff, 0xff, 0xff, 0xff, 0x3f, 0x00, 0x00, 0x40, 0xfe, 0xff, 
	0xff, 0xff, 0x0f, 0x00, 0x00, 0xd4, 0xff, 0xff, 0xff, 0xff, 0x7f, 0x00, 0x00, 0x60, 0xfe, 0xff, 
	0xff, 0xff, 0x0f, 0x00, 0x04, 0xe6, 0xff, 0xff, 0xff, 0xff, 0xff, 0x00, 0x81, 0x33, 0xff, 0xff, 
	0xff, 0xff, 0x5f, 0x03, 0x40, 0xe0, 0xff, 0xff, 0xff, 0xff, 0xff, 0x11, 0xfe, 0xa0, 0xff, 0xff, 
	0xff, 0xff, 0x3f, 0x00, 0x00, 0xe0, 0xff, 0xff, 0xff, 0xff, 0xff, 0xe3, 0xff, 0xc7, 0xff, 0xff, 
	0xff, 0xff, 0x0f, 0x1e, 0xfe, 0xc1, 0xff, 0xff, 0xff, 0xff, 0xff, 0xfd, 0xff, 0xdf, 0xff, 0xff, 
	0xff, 0xff, 0xe3, 0xff, 0xff, 0x3f, 0xff, 0xff, 0xff, 0xff, 0x7f, 0xfe, 0xff, 0x7f, 0xff, 0xff, 
	0xff, 0xff, 0xfb, 0xff, 0xff, 0xff, 0xfe, 0xff, 0xff, 0xff, 0x9f, 0xff, 0xff, 0xff, 0xfc, 0xff, 
	0xff, 0xff, 0xff, 0xff, 0xff, 0xff, 0xff, 0xff, 0xff, 0xff, 0xef, 0xff, 0xff, 0xff, 0xfb, 0xff, 
	0xff, 0xff, 0xff, 0xff, 0xff, 0xff, 0xff, 0xff, 0xff, 0xff, 0xe7, 0xff, 0xff, 0xff, 0xff, 0xff, 
	0xff, 0xff, 0xff, 0xff, 0xff, 0xff, 0xff, 0xff, 0xff, 0xff, 0xff, 0xff, 0xff, 0xff, 0xff, 0xff, 
	0xff, 0xff, 0xff, 0xff, 0xff, 0xff, 0xff, 0xff, 0xff, 0xff, 0xff, 0xff, 0xff, 0xff, 0xff, 0xff, 
	0xff, 0xff, 0xff, 0xff, 0xff, 0xff, 0xff, 0xff, 0xff, 0xff, 0xff, 0xff, 0xff, 0xff, 0xff, 0xff, 
	0xff, 0xff, 0xff, 0xff, 0xff, 0xff, 0xff, 0xff, 0xff, 0xff, 0xff, 0xff, 0xff, 0xff, 0xff, 0xff, 
	0xff, 0xff, 0xff, 0xff, 0xff, 0xff, 0xff, 0xff, 0xff, 0xff, 0xff, 0xff, 0xff, 0xff, 0xff, 0xff, 
	0xff, 0xff, 0xff, 0xff, 0xff, 0xff, 0xff, 0xff, 0xff, 0xff, 0xff, 0xff, 0xff, 0xff, 0xff, 0xff, 
	0xff, 0x1f, 0xf0, 0xff, 0xff, 0xff, 0xff, 0xff, 0xff, 0xff, 0xff, 0xff, 0xff, 0xff, 0xff, 0xff, 
	0x3f, 0xf8, 0x3f, 0xf8, 0xff, 0xff, 0xff, 0xff, 0xff, 0xff, 0xff, 0xff, 0xff, 0x01, 0xfe, 0xff, 
	0x9f, 0xff, 0xff, 0xf7, 0xff, 0xff, 0xff, 0xff, 0xff, 0xff, 0xff, 0xff, 0xc3, 0xff, 0x9f, 0xff, 
	0x3f, 0xff, 0xff, 0xf9, 0xff, 0xff, 0xff, 0xff, 0xff, 0xff, 0xff, 0xff, 0xf3, 0xff, 0x1f, 0xff, 
	0xff, 0x01, 0x00, 0xfe, 0xff, 0xff, 0xff, 0xff, 0xff, 0xff, 0xff, 0xff, 0x0f, 0x00, 0xe0, 0xff, 
	0xff, 0xff, 0xff, 0xff, 0xff, 0xff, 0xff, 0xff, 0xff, 0xff, 0xff, 0xff, 0xff, 0xff, 0xff, 0xff, 
	0xff, 0xff, 0xff, 0xff, 0xff, 0xff, 0xff, 0xff, 0xff, 0xff, 0xff, 0xff, 0xff, 0xff, 0xff, 0xff, 
	0xff, 0xff, 0xff, 0xff, 0xff, 0xff, 0xff, 0xff, 0xff, 0xff, 0xff, 0xff, 0xff, 0xff, 0xff, 0xff
};
// 'happi0013', 128x50px
const unsigned char epd_bitmap_happi0013 [] PROGMEM = {
	0xff, 0xff, 0xff, 0xff, 0xff, 0xff, 0xff, 0xff, 0xff, 0xff, 0xff, 0xff, 0xff, 0xff, 0xff, 0xff, 
	0xff, 0xff, 0xff, 0xff, 0xff, 0xff, 0xff, 0xff, 0xff, 0xff, 0xff, 0xff, 0xff, 0xff, 0xff, 0xff, 
	0xff, 0xff, 0xff, 0xff, 0xff, 0xff, 0xff, 0xff, 0xff, 0xff, 0xff, 0xff, 0xff, 0xff, 0xff, 0xff, 
	0xff, 0xff, 0xff, 0xff, 0xff, 0xff, 0xff, 0xff, 0xff, 0xff, 0xff, 0xff, 0xff, 0xff, 0xff, 0xff, 
	0xff, 0xff, 0xff, 0xff, 0xff, 0xff, 0xff, 0xff, 0xff, 0xff, 0xff, 0xff, 0xff, 0xff, 0xff, 0xff, 
	0xff, 0xff, 0xff, 0xff, 0xff, 0xff, 0xff, 0xff, 0xff, 0xff, 0xff, 0xff, 0xff, 0xff, 0xff, 0xff, 
	0xff, 0xff, 0xff, 0xff, 0xef, 0xff, 0xff, 0xff, 0xff, 0xff, 0xff, 0x07, 0xff, 0xff, 0xff, 0xff, 
	0xff, 0xff, 0xff, 0x3f, 0x80, 0xff, 0xff, 0xff, 0xff, 0xff, 0x3f, 0x70, 0xf0, 0xff, 0xff, 0xff, 
	0xff, 0xff, 0xff, 0x0f, 0x0e, 0xfe, 0xff, 0xff, 0xff, 0xff, 0x9f, 0x7f, 0xe0, 0xff, 0xff, 0xff, 
	0xff, 0xff, 0xff, 0xe3, 0x2f, 0xf8, 0xff, 0xff, 0xff, 0xff, 0xe7, 0x7f, 0x80, 0xff, 0xff, 0xff, 
	0xff, 0xff, 0xff, 0xf9, 0x0f, 0xe0, 0xff, 0xff, 0xff, 0xff, 0xf3, 0xff, 0x40, 0xff, 0xff, 0xff, 
	0xff, 0xff, 0xff, 0xfc, 0x0f, 0xc0, 0xff, 0xff, 0xff, 0xff, 0xfd, 0xff, 0x80, 0xfe, 0xff, 0xff, 
	0xff, 0xff, 0x7f, 0xfe, 0x0f, 0x80, 0xff, 0xff, 0xff, 0xff, 0xfe, 0xff, 0x00, 0xfc, 0xff, 0xff, 
	0xff, 0xff, 0x3f, 0xff, 0x0f, 0x00, 0xff, 0xff, 0xff, 0x7f, 0xfe, 0x7f, 0x00, 0xfa, 0xff, 0xff, 
	0xff, 0xff, 0x9f, 0xff, 0x0f, 0x00, 0xff, 0xff, 0xff, 0x3f, 0xff, 0x7f, 0x00, 0xf4, 0xff, 0xff, 
	0xff, 0xff, 0xcf, 0xff, 0x07, 0x80, 0xfe, 0xff, 0xff, 0xbf, 0xff, 0x3f, 0x00, 0xf1, 0xff, 0xff, 
	0xff, 0xff, 0xcf, 0xff, 0x03, 0x20, 0xfd, 0xff, 0xff, 0x9f, 0xff, 0x1f, 0x00, 0xe2, 0xff, 0xff, 
	0xff, 0xff, 0xe7, 0xff, 0x01, 0x40, 0xfc, 0xff, 0xff, 0xcf, 0xff, 0x0f, 0x00, 0xe4, 0xff, 0xff, 
	0xff, 0xff, 0xe7, 0xff, 0x00, 0x40, 0xfc, 0xff, 0xff, 0xcf, 0xff, 0x07, 0x00, 0xe4, 0xff, 0xff, 
	0xff, 0xff, 0xe7, 0x3f, 0x00, 0x80, 0xfe, 0xff, 0xff, 0xcf, 0xff, 0x03, 0x00, 0xf8, 0xff, 0xff, 
	0xff, 0xff, 0xe7, 0x07, 0x00, 0x80, 0xfa, 0xff, 0xff, 0xcf, 0xff, 0x01, 0x00, 0xd8, 0xff, 0xff, 
	0xff, 0xff, 0xe7, 0x00, 0x00, 0x80, 0xf8, 0xff, 0xff, 0xef, 0x7f, 0x00, 0x00, 0xc8, 0xff, 0xff, 
	0xff, 0xff, 0x07, 0x00, 0x00, 0x80, 0xf8, 0xff, 0xff, 0xef, 0x0f, 0x00, 0x00, 0xc8, 0xff, 0xff, 
	0xff, 0xff, 0x07, 0x00, 0x00, 0x80, 0xf8, 0xff, 0xff, 0x0f, 0x00, 0x00, 0x00, 0xc8, 0xff, 0xff, 
	0xff, 0xff, 0x07, 0x00, 0x00, 0x80, 0xf8, 0xff, 0xff, 0x1f, 0x00, 0x00, 0x00, 0xc8, 0xff, 0xff, 
	0xff, 0xff, 0x07, 0x00, 0x00, 0x80, 0xfa, 0xff, 0xff, 0x1f, 0x00, 0x00, 0x00, 0xd4, 0xff, 0xff, 
	0xff, 0xff, 0x07, 0x18, 0x80, 0x50, 0xfc, 0xff, 0xff, 0x1f, 0x00, 0x00, 0x00, 0xe4, 0xff, 0xff, 
	0xff, 0xff, 0x8f, 0xf0, 0xff, 0x5f, 0xfc, 0xff, 0xff, 0x5f, 0x18, 0x30, 0x00, 0xe0, 0xff, 0xff, 
	0xff, 0xff, 0x2f, 0xfe, 0xff, 0x3f, 0xfd, 0xff, 0xff, 0x5f, 0xf1, 0x1f, 0x00, 0xe1, 0xff, 0xff, 
	0xff, 0xff, 0x9f, 0xff, 0xff, 0xff, 0xfc, 0xff, 0xff, 0xbf, 0xfe, 0xff, 0xff, 0xdf, 0xff, 0xff, 
	0xff, 0xff, 0x9f, 0xff, 0xff, 0xff, 0xf8, 0xff, 0xff, 0x1f, 0xff, 0xff, 0xff, 0xdf, 0xff, 0xff, 
	0xff, 0xff, 0xdf, 0xff, 0xff, 0xff, 0xfb, 0xff, 0xff, 0xef, 0xff, 0xff, 0xff, 0xbf, 0xff, 0xff, 
	0xff, 0xff, 0xef, 0xff, 0xff, 0xff, 0xff, 0xff, 0xff, 0xf7, 0xff, 0xff, 0xff, 0xbf, 0xff, 0xff, 
	0xff, 0xff, 0xef, 0xff, 0xff, 0xff, 0xff, 0xff, 0xff, 0xf7, 0xff, 0xff, 0xff, 0xff, 0xff, 0xff, 
	0xff, 0xff, 0xf7, 0xff, 0xff, 0xf8, 0xff, 0xff, 0xff, 0xff, 0xff, 0xff, 0xff, 0xff, 0xff, 0xff, 
	0xff, 0xff, 0xff, 0xff, 0x3f, 0xf0, 0xff, 0xff, 0xff, 0xff, 0xff, 0xff, 0xff, 0xff, 0xff, 0xff, 
	0xff, 0xff, 0xff, 0xff, 0x1f, 0xf4, 0xff, 0xff, 0xff, 0xff, 0xff, 0xff, 0xff, 0xff, 0xff, 0xff, 
	0xff, 0xff, 0xff, 0xff, 0x8f, 0xff, 0xff, 0xff, 0xff, 0x1f, 0xfe, 0xfb, 0xff, 0xff, 0xff, 0xff, 
	0xff, 0xff, 0xff, 0xff, 0xcf, 0xff, 0xff, 0x17, 0xbc, 0x1f, 0xff, 0xfb, 0xff, 0xff, 0xff, 0xff, 
	0xff, 0xff, 0xff, 0xff, 0xef, 0xff, 0x01, 0x02, 0xbc, 0xbf, 0x07, 0xfb, 0xff, 0xff, 0xff, 0xff, 
	0xff, 0xff, 0xff, 0xff, 0xef, 0x81, 0x41, 0xf2, 0xbd, 0xbf, 0x03, 0xfa, 0xff, 0xff, 0xff, 0xff, 
	0xff, 0x3f, 0xf8, 0xff, 0xef, 0x81, 0x79, 0xf2, 0x85, 0xbf, 0x73, 0xc2, 0xff, 0x83, 0xff, 0xff, 
	0xff, 0xe3, 0x0f, 0xff, 0xcf, 0xbf, 0xf9, 0xf2, 0xa5, 0xb7, 0x73, 0xd2, 0x7f, 0xfe, 0xf8, 0xff, 
	0xff, 0xfc, 0xff, 0xfe, 0x8f, 0x9f, 0x79, 0xf2, 0xac, 0xa7, 0x73, 0x9a, 0x9f, 0xff, 0xf7, 0xff, 
	0xff, 0xf9, 0x3f, 0xff, 0x1f, 0x8f, 0x01, 0x02, 0x8c, 0x8f, 0x03, 0x9b, 0x3f, 0xff, 0xfb, 0xff, 
	0xff, 0x07, 0xc0, 0xff, 0x3f, 0xc0, 0xef, 0xff, 0xff, 0xff, 0x83, 0x83, 0xff, 0x00, 0xfe, 0xff, 
	0xff, 0xff, 0xff, 0xff, 0xff, 0xf0, 0xff, 0xff, 0xff, 0xff, 0xff, 0xff, 0xff, 0xff, 0xff, 0xff, 
	0xff, 0xff, 0xff, 0xff, 0xff, 0xff, 0xff, 0xff, 0xff, 0xff, 0xff, 0xff, 0xff, 0xff, 0xff, 0xff, 
	0xff, 0xff, 0xff, 0xff, 0xff, 0xff, 0xff, 0xff, 0xff, 0xff, 0xff, 0xff, 0xff, 0xff, 0xff, 0xff, 
	0xff, 0xff, 0xff, 0xff, 0xff, 0xff, 0xff, 0xff, 0xff, 0xff, 0xff, 0xff, 0xff, 0xff, 0xff, 0xff
};
// 'happi0014', 128x50px
const unsigned char epd_bitmap_happi0014 [] PROGMEM = {
	0xff, 0xff, 0xff, 0xff, 0xff, 0xff, 0xff, 0xff, 0xff, 0xff, 0xff, 0xff, 0xff, 0xff, 0xff, 0xff, 
	0xff, 0xff, 0xff, 0xff, 0xff, 0xff, 0xff, 0xff, 0xff, 0xff, 0xff, 0xff, 0xff, 0xff, 0xff, 0xff, 
	0xff, 0xff, 0xff, 0xff, 0xff, 0xff, 0xff, 0xff, 0xff, 0xff, 0xff, 0xff, 0xff, 0xff, 0xff, 0xff, 
	0xff, 0xff, 0xff, 0xff, 0xff, 0xff, 0xff, 0xff, 0xff, 0xff, 0xff, 0xff, 0xff, 0xff, 0xff, 0xff, 
	0xff, 0xff, 0xff, 0xff, 0xff, 0xff, 0xff, 0xff, 0xff, 0xff, 0xff, 0xff, 0xff, 0xff, 0xff, 0xff, 
	0xff, 0xff, 0xff, 0xff, 0xff, 0xff, 0xff, 0xff, 0xff, 0xff, 0xff, 0xff, 0xff, 0xff, 0xff, 0xff, 
	0xff, 0xff, 0xff, 0xff, 0xef, 0xff, 0xff, 0xff, 0xff, 0xff, 0xff, 0x07, 0xff, 0xff, 0xff, 0xff, 
	0xff, 0xff, 0xff, 0x3f, 0x80, 0xff, 0xff, 0xff, 0xff, 0xff, 0x3f, 0x70, 0xf0, 0xff, 0xff, 0xff, 
	0xff, 0xff, 0xff, 0x0f, 0x0e, 0xfe, 0xff, 0xff, 0xff, 0xff, 0x9f, 0x7f, 0xe0, 0xff, 0xff, 0xff, 
	0xff, 0xff, 0xff, 0xe3, 0x2f, 0xf8, 0xff, 0xff, 0xff, 0xff, 0xe7, 0x7f, 0x80, 0xff, 0xff, 0xff, 
	0xff, 0xff, 0xff, 0xf9, 0x0f, 0xe0, 0xff, 0xff, 0xff, 0xff, 0xf3, 0xff, 0x40, 0xff, 0xff, 0xff, 
	0xff, 0xff, 0xff, 0xfc, 0x0f, 0xc0, 0xff, 0xff, 0xff, 0xff, 0xfd, 0xff, 0x80, 0xfe, 0xff, 0xff, 
	0xff, 0xff, 0x7f, 0xfe, 0x0f, 0x80, 0xff, 0xff, 0xff, 0xff, 0xfe, 0xff, 0x00, 0xfc, 0xff, 0xff, 
	0xff, 0xff, 0x3f, 0xff, 0x0f, 0x00, 0xff, 0xff, 0xff, 0x7f, 0xfe, 0x7f, 0x00, 0xfa, 0xff, 0xff, 
	0xff, 0xff, 0x9f, 0xff, 0x0f, 0x00, 0xff, 0xff, 0xff, 0x3f, 0xff, 0x7f, 0x00, 0xf4, 0xff, 0xff, 
	0xff, 0xff, 0xcf, 0xff, 0x07, 0x80, 0xfe, 0xff, 0xff, 0xbf, 0xff, 0x3f, 0x00, 0xf1, 0xff, 0xff, 
	0xff, 0xff, 0xcf, 0xff, 0x03, 0x20, 0xfd, 0xff, 0xff, 0x9f, 0xff, 0x1f, 0x00, 0xe2, 0xff, 0xff, 
	0xff, 0xff, 0xe7, 0xff, 0x01, 0x40, 0xfc, 0xff, 0xff, 0xcf, 0xff, 0x0f, 0x00, 0xe4, 0xff, 0xff, 
	0xff, 0xff, 0xe7, 0xff, 0x00, 0x40, 0xfc, 0xff, 0xff, 0xcf, 0xff, 0x07, 0x00, 0xe4, 0xff, 0xff, 
	0xff, 0xff, 0xe7, 0x3f, 0x00, 0x80, 0xfe, 0xff, 0xff, 0xcf, 0xff, 0x03, 0x00, 0xf8, 0xff, 0xff, 
	0xff, 0xff, 0xe7, 0x07, 0x00, 0x80, 0xfa, 0xff, 0xff, 0xcf, 0xff, 0x01, 0x00, 0xd8, 0xff, 0xff, 
	0xff, 0xff, 0xe7, 0x00, 0x00, 0x80, 0xf8, 0xff, 0xff, 0xef, 0x7f, 0x00, 0x00, 0xc8, 0xff, 0xff, 
	0xff, 0xff, 0x07, 0x00, 0x00, 0x80, 0xf8, 0xff, 0xff, 0xef, 0x0f, 0x00, 0x00, 0xc8, 0xff, 0xff, 
	0xff, 0xff, 0x07, 0x00, 0x00, 0x80, 0xf8, 0xff, 0xff, 0x0f, 0x00, 0x00, 0x00, 0xc8, 0xff, 0xff, 
	0xff, 0xff, 0x07, 0x00, 0x00, 0x80, 0xf8, 0xff, 0xff, 0x1f, 0x00, 0x00, 0x00, 0xc8, 0xff, 0xff, 
	0xff, 0xff, 0x07, 0x00, 0x00, 0x80, 0xfa, 0xff, 0xff, 0x1f, 0x00, 0x00, 0x00, 0xd4, 0xff, 0xff, 
	0xff, 0xff, 0x07, 0x18, 0x80, 0x50, 0xfc, 0xff, 0xff, 0x1f, 0x00, 0x00, 0x00, 0xe4, 0xff, 0xff, 
	0xff, 0xff, 0x8f, 0xf0, 0xff, 0x5f, 0xfc, 0xff, 0xff, 0x5f, 0x18, 0x30, 0x00, 0xe0, 0xff, 0xff, 
	0xff, 0xff, 0x2f, 0xfe, 0xff, 0x3f, 0xfd, 0xff, 0xff, 0x5f, 0xf1, 0x1f, 0x00, 0xe1, 0xff, 0xff, 
	0xff, 0xff, 0x9f, 0xff, 0xff, 0xff, 0xfc, 0xff, 0xff, 0xbf, 0xfe, 0xff, 0xff, 0xdf, 0xff, 0xff, 
	0xff, 0xff, 0x9f, 0xff, 0xff, 0xff, 0xf8, 0xff, 0xff, 0x1f, 0xff, 0xff, 0xff, 0xdf, 0xff, 0xff, 
	0xff, 0xff, 0xdf, 0xff, 0xff, 0xff, 0xfb, 0xff, 0xff, 0xef, 0xff, 0xff, 0xff, 0xbf, 0xff, 0xff, 
	0xff, 0xff, 0xef, 0xff, 0xff, 0xff, 0xff, 0xff, 0xff, 0xf7, 0xff, 0xff, 0xff, 0xbf, 0xff, 0xff, 
	0xff, 0xff, 0xef, 0xff, 0xff, 0xff, 0xff, 0xff, 0xff, 0xf7, 0xff, 0xff, 0xff, 0xff, 0xff, 0xff, 
	0xff, 0xff, 0xf7, 0xff, 0xff, 0xf8, 0xff, 0xff, 0xff, 0xff, 0xff, 0xff, 0xff, 0xff, 0xff, 0xff, 
	0xff, 0xff, 0xff, 0xff, 0x3f, 0xf0, 0xff, 0xff, 0xff, 0xff, 0xff, 0xff, 0xff, 0xff, 0xff, 0xff, 
	0xff, 0xff, 0xff, 0xff, 0x1f, 0xf4, 0xff, 0xff, 0xff, 0xff, 0xff, 0xff, 0xff, 0xff, 0xff, 0xff, 
	0xff, 0xff, 0xff, 0xff, 0x8f, 0xff, 0xff, 0xff, 0xff, 0x1f, 0xfe, 0xfb, 0xff, 0xff, 0xff, 0xff, 
	0xff, 0xff, 0xff, 0xff, 0xcf, 0xff, 0xff, 0x17, 0xbc, 0x1f, 0xff, 0xfb, 0xff, 0xff, 0xff, 0xff, 
	0xff, 0xff, 0xff, 0xff, 0xef, 0xff, 0x01, 0x02, 0xbc, 0xbf, 0x07, 0xfb, 0xff, 0xff, 0xff, 0xff, 
	0xff, 0xff, 0xff, 0xff, 0xef, 0x81, 0x41, 0xf2, 0xbd, 0xbf, 0x03, 0xfa, 0xff, 0xff, 0xff, 0xff, 
	0xff, 0x3f, 0xf8, 0xff, 0xef, 0x81, 0x79, 0xf2, 0x85, 0xbf, 0x73, 0xc2, 0xff, 0x83, 0xff, 0xff, 
	0xff, 0xe3, 0x0f, 0xff, 0xcf, 0xbf, 0xf9, 0xf2, 0xa5, 0xb7, 0x73, 0xd2, 0x7f, 0xfe, 0xf8, 0xff, 
	0xff, 0xfc, 0xff, 0xfe, 0x8f, 0x9f, 0x79, 0xf2, 0xac, 0xa7, 0x73, 0x9a, 0x9f, 0xff, 0xf7, 0xff, 
	0xff, 0xf9, 0x3f, 0xff, 0x1f, 0x8f, 0x01, 0x02, 0x8c, 0x8f, 0x03, 0x9b, 0x3f, 0xff, 0xfb, 0xff, 
	0xff, 0x07, 0xc0, 0xff, 0x3f, 0xc0, 0xef, 0xff, 0xff, 0xff, 0x83, 0x83, 0xff, 0x00, 0xfe, 0xff, 
	0xff, 0xff, 0xff, 0xff, 0xff, 0xf0, 0xff, 0xff, 0xff, 0xff, 0xff, 0xff, 0xff, 0xff, 0xff, 0xff, 
	0xff, 0xff, 0xff, 0xff, 0xff, 0xff, 0xff, 0xff, 0xff, 0xff, 0xff, 0xff, 0xff, 0xff, 0xff, 0xff, 
	0xff, 0xff, 0xff, 0xff, 0xff, 0xff, 0xff, 0xff, 0xff, 0xff, 0xff, 0xff, 0xff, 0xff, 0xff, 0xff, 
	0xff, 0xff, 0xff, 0xff, 0xff, 0xff, 0xff, 0xff, 0xff, 0xff, 0xff, 0xff, 0xff, 0xff, 0xff, 0xff
};
// 'happi0015', 128x50px
const unsigned char epd_bitmap_happi0015 [] PROGMEM = {
	0xff, 0xff, 0xff, 0xff, 0xff, 0xff, 0xff, 0xff, 0xff, 0xff, 0xff, 0xff, 0xff, 0xff, 0xff, 0xff, 
	0xff, 0xff, 0xff, 0xff, 0xff, 0xff, 0xff, 0xff, 0xff, 0xff, 0xff, 0xff, 0xff, 0xff, 0xff, 0xff, 
	0xff, 0xff, 0xff, 0xff, 0xff, 0xff, 0xff, 0xff, 0xff, 0xff, 0xff, 0xff, 0xff, 0xff, 0xff, 0xff, 
	0xff, 0xff, 0xff, 0xff, 0xff, 0xff, 0xff, 0xff, 0xff, 0xff, 0xff, 0xff, 0xff, 0xff, 0xff, 0xff, 
	0xff, 0xff, 0xff, 0xff, 0xff, 0xff, 0xff, 0xff, 0xff, 0xff, 0xff, 0xff, 0xff, 0xff, 0xff, 0xff, 
	0xff, 0xff, 0xff, 0xff, 0xff, 0xff, 0xff, 0xff, 0xff, 0xff, 0xff, 0xff, 0xff, 0xff, 0xff, 0xff, 
	0xff, 0xff, 0xff, 0xff, 0xef, 0xff, 0xff, 0xff, 0xff, 0xff, 0xff, 0x07, 0xff, 0xff, 0xff, 0xff, 
	0xff, 0xff, 0xff, 0x3f, 0x80, 0xff, 0xff, 0xff, 0xff, 0xff, 0x3f, 0x70, 0xf0, 0xff, 0xff, 0xff, 
	0xff, 0xff, 0xff, 0x0f, 0x0e, 0xfe, 0xff, 0xff, 0xff, 0xff, 0x9f, 0x7f, 0xe0, 0xff, 0xff, 0xff, 
	0xff, 0xff, 0xff, 0xe3, 0x2f, 0xf8, 0xff, 0xff, 0xff, 0xff, 0xe7, 0x7f, 0x80, 0xff, 0xff, 0xff, 
	0xff, 0xff, 0xff, 0xf9, 0x0f, 0xe0, 0xff, 0xff, 0xff, 0xff, 0xf3, 0xff, 0x40, 0xff, 0xff, 0xff, 
	0xff, 0xff, 0xff, 0xfc, 0x0f, 0xc0, 0xff, 0xff, 0xff, 0xff, 0xfd, 0xff, 0x80, 0xfe, 0xff, 0xff, 
	0xff, 0xff, 0x7f, 0xfe, 0x0f, 0x80, 0xff, 0xff, 0xff, 0xff, 0xfe, 0xff, 0x00, 0xfc, 0xff, 0xff, 
	0xff, 0xff, 0x3f, 0xff, 0x0f, 0x00, 0xff, 0xff, 0xff, 0x7f, 0xfe, 0x7f, 0x00, 0xfa, 0xff, 0xff, 
	0xff, 0xff, 0x9f, 0xff, 0x0f, 0x00, 0xff, 0xff, 0xff, 0x3f, 0xff, 0x7f, 0x00, 0xf4, 0xff, 0xff, 
	0xff, 0xff, 0xcf, 0xff, 0x07, 0x80, 0xfe, 0xff, 0xff, 0xbf, 0xff, 0x3f, 0x00, 0xf1, 0xff, 0xff, 
	0xff, 0xff, 0xcf, 0xff, 0x03, 0x20, 0xfd, 0xff, 0xff, 0x9f, 0xff, 0x1f, 0x00, 0xe2, 0xff, 0xff, 
	0xff, 0xff, 0xe7, 0xff, 0x01, 0x40, 0xfc, 0xff, 0xff, 0xcf, 0xff, 0x0f, 0x00, 0xe4, 0xff, 0xff, 
	0xff, 0xff, 0xe7, 0xff, 0x00, 0x40, 0xfc, 0xff, 0xff, 0xcf, 0xff, 0x07, 0x00, 0xe4, 0xff, 0xff, 
	0xff, 0xff, 0xe7, 0x3f, 0x00, 0x80, 0xfe, 0xff, 0xff, 0xcf, 0xff, 0x03, 0x00, 0xf8, 0xff, 0xff, 
	0xff, 0xff, 0xe7, 0x07, 0x00, 0x80, 0xfa, 0xff, 0xff, 0xcf, 0xff, 0x01, 0x00, 0xd8, 0xff, 0xff, 
	0xff, 0xff, 0xe7, 0x00, 0x00, 0x80, 0xf8, 0xff, 0xff, 0xef, 0x7f, 0x00, 0x00, 0xc8, 0xff, 0xff, 
	0xff, 0xff, 0x07, 0x00, 0x00, 0x80, 0xf8, 0xff, 0xff, 0xef, 0x0f, 0x00, 0x00, 0xc8, 0xff, 0xff, 
	0xff, 0xff, 0x07, 0x00, 0x00, 0x80, 0xf8, 0xff, 0xff, 0x0f, 0x00, 0x00, 0x00, 0xc8, 0xff, 0xff, 
	0xff, 0xff, 0x07, 0x00, 0x00, 0x80, 0xf8, 0xff, 0xff, 0x1f, 0x00, 0x00, 0x00, 0xc8, 0xff, 0xff, 
	0xff, 0xff, 0x07, 0x00, 0x00, 0x80, 0xfa, 0xff, 0xff, 0x1f, 0x00, 0x00, 0x00, 0xd4, 0xff, 0xff, 
	0xff, 0xff, 0x07, 0x18, 0x80, 0x50, 0xfc, 0xff, 0xff, 0x1f, 0x00, 0x00, 0x00, 0xe4, 0xff, 0xff, 
	0xff, 0xff, 0x8f, 0xf0, 0xff, 0x5f, 0xfc, 0xff, 0xff, 0x5f, 0x18, 0x30, 0x00, 0xe0, 0xff, 0xff, 
	0xff, 0xff, 0x2f, 0xfe, 0xff, 0x3f, 0xfd, 0xff, 0xff, 0x5f, 0xf1, 0x1f, 0x00, 0xe1, 0xff, 0xff, 
	0xff, 0xff, 0x9f, 0xff, 0xff, 0xff, 0xfc, 0xff, 0xff, 0xbf, 0xfe, 0xff, 0xff, 0xdf, 0xff, 0xff, 
	0xff, 0xff, 0x9f, 0xff, 0xff, 0xff, 0xf8, 0xff, 0xff, 0x1f, 0xff, 0xff, 0xff, 0xdf, 0xff, 0xff, 
	0xff, 0xff, 0xdf, 0xff, 0xff, 0xff, 0xfb, 0xff, 0xff, 0xef, 0xff, 0xff, 0xff, 0xbf, 0xff, 0xff, 
	0xff, 0xff, 0xef, 0xff, 0xff, 0xff, 0xff, 0xff, 0xff, 0xf7, 0xff, 0xff, 0xff, 0xbf, 0xff, 0xff, 
	0xff, 0xff, 0xef, 0xff, 0xff, 0xff, 0xff, 0xff, 0xff, 0xf7, 0xff, 0xff, 0xff, 0xff, 0xff, 0xff, 
	0xff, 0xff, 0xf7, 0xff, 0xff, 0xf8, 0xff, 0xff, 0xff, 0xff, 0xff, 0xff, 0xff, 0xff, 0xff, 0xff, 
	0xff, 0xff, 0xff, 0xff, 0x3f, 0xf0, 0xff, 0xff, 0xff, 0xff, 0xff, 0xff, 0xff, 0xff, 0xff, 0xff, 
	0xff, 0xff, 0xff, 0xff, 0x1f, 0xf4, 0xff, 0xff, 0xff, 0xff, 0xff, 0xff, 0xff, 0xff, 0xff, 0xff, 
	0xff, 0xff, 0xff, 0xff, 0x8f, 0xff, 0xff, 0xff, 0xff, 0x1f, 0xfe, 0xfb, 0xff, 0xff, 0xff, 0xff, 
	0xff, 0xff, 0xff, 0xff, 0xcf, 0xff, 0xff, 0x17, 0xbc, 0x1f, 0xff, 0xfb, 0xff, 0xff, 0xff, 0xff, 
	0xff, 0xff, 0xff, 0xff, 0xef, 0xff, 0x01, 0x02, 0xbc, 0xbf, 0x07, 0xfb, 0xff, 0xff, 0xff, 0xff, 
	0xff, 0xff, 0xff, 0xff, 0xef, 0x81, 0x41, 0xf2, 0xbd, 0xbf, 0x03, 0xfa, 0xff, 0xff, 0xff, 0xff, 
	0xff, 0x3f, 0xf8, 0xff, 0xef, 0x81, 0x79, 0xf2, 0x85, 0xbf, 0x73, 0xc2, 0xff, 0x83, 0xff, 0xff, 
	0xff, 0xe3, 0x0f, 0xff, 0xcf, 0xbf, 0xf9, 0xf2, 0xa5, 0xb7, 0x73, 0xd2, 0x7f, 0xfe, 0xf8, 0xff, 
	0xff, 0xfc, 0xff, 0xfe, 0x8f, 0x9f, 0x79, 0xf2, 0xac, 0xa7, 0x73, 0x9a, 0x9f, 0xff, 0xf7, 0xff, 
	0xff, 0xf9, 0x3f, 0xff, 0x1f, 0x8f, 0x01, 0x02, 0x8c, 0x8f, 0x03, 0x9b, 0x3f, 0xff, 0xfb, 0xff, 
	0xff, 0x07, 0xc0, 0xff, 0x3f, 0xc0, 0xef, 0xff, 0xff, 0xff, 0x83, 0x83, 0xff, 0x00, 0xfe, 0xff, 
	0xff, 0xff, 0xff, 0xff, 0xff, 0xf0, 0xff, 0xff, 0xff, 0xff, 0xff, 0xff, 0xff, 0xff, 0xff, 0xff, 
	0xff, 0xff, 0xff, 0xff, 0xff, 0xff, 0xff, 0xff, 0xff, 0xff, 0xff, 0xff, 0xff, 0xff, 0xff, 0xff, 
	0xff, 0xff, 0xff, 0xff, 0xff, 0xff, 0xff, 0xff, 0xff, 0xff, 0xff, 0xff, 0xff, 0xff, 0xff, 0xff, 
	0xff, 0xff, 0xff, 0xff, 0xff, 0xff, 0xff, 0xff, 0xff, 0xff, 0xff, 0xff, 0xff, 0xff, 0xff, 0xff
};
// 'happi0016', 128x50px
const unsigned char epd_bitmap_happi0016 [] PROGMEM = {
	0xff, 0xff, 0xff, 0xff, 0xff, 0xff, 0xff, 0xff, 0xff, 0xff, 0xff, 0xff, 0xff, 0xff, 0xff, 0xff, 
	0xff, 0xff, 0xff, 0xff, 0xff, 0xff, 0xff, 0xff, 0xff, 0xff, 0xff, 0xff, 0xff, 0xff, 0xff, 0xff, 
	0xff, 0xff, 0xff, 0xff, 0xff, 0xff, 0xff, 0xff, 0xff, 0xff, 0xff, 0xff, 0xff, 0xff, 0xff, 0xff, 
	0xff, 0xff, 0xff, 0xff, 0xff, 0xff, 0xff, 0xff, 0xff, 0xff, 0xff, 0xff, 0xff, 0xff, 0xff, 0xff, 
	0xff, 0xff, 0xff, 0xff, 0xff, 0xff, 0xff, 0xff, 0xff, 0xff, 0xff, 0xff, 0xff, 0xff, 0xff, 0xff, 
	0xff, 0xff, 0xff, 0xff, 0xff, 0xff, 0xff, 0xff, 0xff, 0xff, 0xff, 0xff, 0xff, 0xff, 0xff, 0xff, 
	0xff, 0xff, 0xff, 0xff, 0xef, 0xff, 0xff, 0xff, 0xff, 0xff, 0xff, 0x07, 0xff, 0xff, 0xff, 0xff, 
	0xff, 0xff, 0xff, 0x3f, 0x80, 0xff, 0xff, 0xff, 0xff, 0xff, 0x3f, 0x70, 0xf0, 0xff, 0xff, 0xff, 
	0xff, 0xff, 0xff, 0x0f, 0x0e, 0xfe, 0xff, 0xff, 0xff, 0xff, 0x9f, 0x7f, 0xe0, 0xff, 0xff, 0xff, 
	0xff, 0xff, 0xff, 0xe3, 0x2f, 0xf8, 0xff, 0xff, 0xff, 0xff, 0xe7, 0x7f, 0x80, 0xff, 0xff, 0xff, 
	0xff, 0xff, 0xff, 0xf9, 0x0f, 0xe0, 0xff, 0xff, 0xff, 0xff, 0xf3, 0xff, 0x40, 0xff, 0xff, 0xff, 
	0xff, 0xff, 0xff, 0xfc, 0x0f, 0xc0, 0xff, 0xff, 0xff, 0xff, 0xfd, 0xff, 0x80, 0xfe, 0xff, 0xff, 
	0xff, 0xff, 0x7f, 0xfe, 0x0f, 0x80, 0xff, 0xff, 0xff, 0xff, 0xfe, 0xff, 0x00, 0xfc, 0xff, 0xff, 
	0xff, 0xff, 0x3f, 0xff, 0x0f, 0x00, 0xff, 0xff, 0xff, 0x7f, 0xfe, 0x7f, 0x00, 0xfa, 0xff, 0xff, 
	0xff, 0xff, 0x9f, 0xff, 0x0f, 0x00, 0xff, 0xff, 0xff, 0x3f, 0xff, 0x7f, 0x00, 0xf4, 0xff, 0xff, 
	0xff, 0xff, 0xcf, 0xff, 0x07, 0x80, 0xfe, 0xff, 0xff, 0xbf, 0xff, 0x3f, 0x00, 0xf1, 0xff, 0xff, 
	0xff, 0xff, 0xcf, 0xff, 0x03, 0x20, 0xfd, 0xff, 0xff, 0x9f, 0xff, 0x1f, 0x00, 0xe2, 0xff, 0xff, 
	0xff, 0xff, 0xe7, 0xff, 0x01, 0x40, 0xfc, 0xff, 0xff, 0xcf, 0xff, 0x0f, 0x00, 0xe4, 0xff, 0xff, 
	0xff, 0xff, 0xe7, 0xff, 0x00, 0x40, 0xfc, 0xff, 0xff, 0xcf, 0xff, 0x07, 0x00, 0xe4, 0xff, 0xff, 
	0xff, 0xff, 0xe7, 0x3f, 0x00, 0x80, 0xfe, 0xff, 0xff, 0xcf, 0xff, 0x03, 0x00, 0xf8, 0xff, 0xff, 
	0xff, 0xff, 0xe7, 0x07, 0x00, 0x80, 0xfa, 0xff, 0xff, 0xcf, 0xff, 0x01, 0x00, 0xd8, 0xff, 0xff, 
	0xff, 0xff, 0xe7, 0x00, 0x00, 0x80, 0xf8, 0xff, 0xff, 0xef, 0x7f, 0x00, 0x00, 0xc8, 0xff, 0xff, 
	0xff, 0xff, 0x07, 0x00, 0x00, 0x80, 0xf8, 0xff, 0xff, 0xef, 0x0f, 0x00, 0x00, 0xc8, 0xff, 0xff, 
	0xff, 0xff, 0x07, 0x00, 0x00, 0x80, 0xf8, 0xff, 0xff, 0x0f, 0x00, 0x00, 0x00, 0xc8, 0xff, 0xff, 
	0xff, 0xff, 0x07, 0x00, 0x00, 0x80, 0xf8, 0xff, 0xff, 0x1f, 0x00, 0x00, 0x00, 0xc8, 0xff, 0xff, 
	0xff, 0xff, 0x07, 0x00, 0x00, 0x80, 0xfa, 0xff, 0xff, 0x1f, 0x00, 0x00, 0x00, 0xd4, 0xff, 0xff, 
	0xff, 0xff, 0x07, 0x18, 0x80, 0x50, 0xfc, 0xff, 0xff, 0x1f, 0x00, 0x00, 0x00, 0xe4, 0xff, 0xff, 
	0xff, 0xff, 0x8f, 0xf0, 0xff, 0x5f, 0xfc, 0xff, 0xff, 0x5f, 0x18, 0x30, 0x00, 0xe0, 0xff, 0xff, 
	0xff, 0xff, 0x2f, 0xfe, 0xff, 0x3f, 0xfd, 0xff, 0xff, 0x5f, 0xf1, 0x1f, 0x00, 0xe1, 0xff, 0xff, 
	0xff, 0xff, 0x9f, 0xff, 0xff, 0xff, 0xfc, 0xff, 0xff, 0xbf, 0xfe, 0xff, 0xff, 0xdf, 0xff, 0xff, 
	0xff, 0xff, 0x9f, 0xff, 0xff, 0xff, 0xf8, 0xff, 0xff, 0x1f, 0xff, 0xff, 0xff, 0xdf, 0xff, 0xff, 
	0xff, 0xff, 0xdf, 0xff, 0xff, 0xff, 0xfb, 0xff, 0xff, 0xef, 0xff, 0xff, 0xff, 0xbf, 0xff, 0xff, 
	0xff, 0xff, 0xef, 0xff, 0xff, 0xff, 0xff, 0xff, 0xff, 0xf7, 0xff, 0xff, 0xff, 0xbf, 0xff, 0xff, 
	0xff, 0xff, 0xef, 0xff, 0xff, 0xff, 0xff, 0xff, 0xff, 0xf7, 0xff, 0xff, 0xff, 0xff, 0xff, 0xff, 
	0xff, 0xff, 0xf7, 0xff, 0xff, 0xf8, 0xff, 0xff, 0xff, 0xff, 0xff, 0xff, 0xff, 0xff, 0xff, 0xff, 
	0xff, 0xff, 0xff, 0xff, 0x3f, 0xf0, 0xff, 0xff, 0xff, 0xff, 0xff, 0xff, 0xff, 0xff, 0xff, 0xff, 
	0xff, 0xff, 0xff, 0xff, 0x1f, 0xf4, 0xff, 0xff, 0xff, 0xff, 0xff, 0xff, 0xff, 0xff, 0xff, 0xff, 
	0xff, 0xff, 0xff, 0xff, 0x8f, 0xff, 0xff, 0xff, 0xff, 0x1f, 0xfe, 0xfb, 0xff, 0xff, 0xff, 0xff, 
	0xff, 0xff, 0xff, 0xff, 0xcf, 0xff, 0xff, 0x17, 0xbc, 0x1f, 0xff, 0xfb, 0xff, 0xff, 0xff, 0xff, 
	0xff, 0xff, 0xff, 0xff, 0xef, 0xff, 0x01, 0x02, 0xbc, 0xbf, 0x07, 0xfb, 0xff, 0xff, 0xff, 0xff, 
	0xff, 0xff, 0xff, 0xff, 0xef, 0x81, 0x41, 0xf2, 0xbd, 0xbf, 0x03, 0xfa, 0xff, 0xff, 0xff, 0xff, 
	0xff, 0x3f, 0xf8, 0xff, 0xef, 0x81, 0x79, 0xf2, 0x85, 0xbf, 0x73, 0xc2, 0xff, 0x83, 0xff, 0xff, 
	0xff, 0xe3, 0x0f, 0xff, 0xcf, 0xbf, 0xf9, 0xf2, 0xa5, 0xb7, 0x73, 0xd2, 0x7f, 0xfe, 0xf8, 0xff, 
	0xff, 0xfc, 0xff, 0xfe, 0x8f, 0x9f, 0x79, 0xf2, 0xac, 0xa7, 0x73, 0x9a, 0x9f, 0xff, 0xf7, 0xff, 
	0xff, 0xf9, 0x3f, 0xff, 0x1f, 0x8f, 0x01, 0x02, 0x8c, 0x8f, 0x03, 0x9b, 0x3f, 0xff, 0xfb, 0xff, 
	0xff, 0x07, 0xc0, 0xff, 0x3f, 0xc0, 0xef, 0xff, 0xff, 0xff, 0x83, 0x83, 0xff, 0x00, 0xfe, 0xff, 
	0xff, 0xff, 0xff, 0xff, 0xff, 0xf0, 0xff, 0xff, 0xff, 0xff, 0xff, 0xff, 0xff, 0xff, 0xff, 0xff, 
	0xff, 0xff, 0xff, 0xff, 0xff, 0xff, 0xff, 0xff, 0xff, 0xff, 0xff, 0xff, 0xff, 0xff, 0xff, 0xff, 
	0xff, 0xff, 0xff, 0xff, 0xff, 0xff, 0xff, 0xff, 0xff, 0xff, 0xff, 0xff, 0xff, 0xff, 0xff, 0xff, 
	0xff, 0xff, 0xff, 0xff, 0xff, 0xff, 0xff, 0xff, 0xff, 0xff, 0xff, 0xff, 0xff, 0xff, 0xff, 0xff
};
// 'happi0017', 128x50px
const unsigned char epd_bitmap_happi0017 [] PROGMEM = {
	0xff, 0xff, 0xff, 0xff, 0xff, 0xff, 0xff, 0xff, 0xff, 0xff, 0xff, 0xff, 0xff, 0xff, 0xff, 0xff, 
	0xff, 0xff, 0xff, 0xff, 0xff, 0xff, 0xff, 0xff, 0xff, 0xff, 0xff, 0xff, 0xff, 0xff, 0xff, 0xff, 
	0xff, 0xff, 0xff, 0xff, 0xff, 0xff, 0xff, 0xff, 0xff, 0xff, 0xff, 0xff, 0xff, 0xff, 0xff, 0xff, 
	0xff, 0xff, 0xff, 0xff, 0xff, 0xff, 0xff, 0xff, 0xff, 0xff, 0xff, 0xff, 0xff, 0xff, 0xff, 0xff, 
	0xff, 0xff, 0xff, 0xff, 0xff, 0xff, 0xff, 0xff, 0xff, 0xff, 0xff, 0xff, 0xff, 0xff, 0xff, 0xff, 
	0xff, 0xff, 0xff, 0xff, 0xff, 0xff, 0xff, 0xff, 0xff, 0xff, 0xff, 0xff, 0xff, 0xff, 0xff, 0xff, 
	0xff, 0xff, 0xff, 0xff, 0xef, 0xff, 0xff, 0xff, 0xff, 0xff, 0xff, 0x07, 0xff, 0xff, 0xff, 0xff, 
	0xff, 0xff, 0xff, 0x3f, 0x80, 0xff, 0xff, 0xff, 0xff, 0xff, 0x3f, 0x70, 0xf0, 0xff, 0xff, 0xff, 
	0xff, 0xff, 0xff, 0x0f, 0x0e, 0xfe, 0xff, 0xff, 0xff, 0xff, 0x9f, 0x7f, 0xe0, 0xff, 0xff, 0xff, 
	0xff, 0xff, 0xff, 0xe3, 0x2f, 0xf8, 0xff, 0xff, 0xff, 0xff, 0xe7, 0x7f, 0x80, 0xff, 0xff, 0xff, 
	0xff, 0xff, 0xff, 0xf9, 0x0f, 0xe0, 0xff, 0xff, 0xff, 0xff, 0xf3, 0xff, 0x40, 0xff, 0xff, 0xff, 
	0xff, 0xff, 0xff, 0xfc, 0x0f, 0xc0, 0xff, 0xff, 0xff, 0xff, 0xfd, 0xff, 0x80, 0xfe, 0xff, 0xff, 
	0xff, 0xff, 0x7f, 0xfe, 0x0f, 0x80, 0xff, 0xff, 0xff, 0xff, 0xfe, 0xff, 0x00, 0xfc, 0xff, 0xff, 
	0xff, 0xff, 0x3f, 0xff, 0x0f, 0x00, 0xff, 0xff, 0xff, 0x7f, 0xfe, 0x7f, 0x00, 0xfa, 0xff, 0xff, 
	0xff, 0xff, 0x9f, 0xff, 0x0f, 0x00, 0xff, 0xff, 0xff, 0x3f, 0xff, 0x7f, 0x00, 0xf4, 0xff, 0xff, 
	0xff, 0xff, 0xcf, 0xff, 0x07, 0x80, 0xfe, 0xff, 0xff, 0xbf, 0xff, 0x3f, 0x00, 0xf1, 0xff, 0xff, 
	0xff, 0xff, 0xcf, 0xff, 0x03, 0x20, 0xfd, 0xff, 0xff, 0x9f, 0xff, 0x1f, 0x00, 0xe2, 0xff, 0xff, 
	0xff, 0xff, 0xe7, 0xff, 0x01, 0x40, 0xfc, 0xff, 0xff, 0xcf, 0xff, 0x0f, 0x00, 0xe4, 0xff, 0xff, 
	0xff, 0xff, 0xe7, 0xff, 0x00, 0x40, 0xfc, 0xff, 0xff, 0xcf, 0xff, 0x07, 0x00, 0xe4, 0xff, 0xff, 
	0xff, 0xff, 0xe7, 0x3f, 0x00, 0x80, 0xfe, 0xff, 0xff, 0xcf, 0xff, 0x03, 0x00, 0xf8, 0xff, 0xff, 
	0xff, 0xff, 0xe7, 0x07, 0x00, 0x80, 0xfa, 0xff, 0xff, 0xcf, 0xff, 0x01, 0x00, 0xd8, 0xff, 0xff, 
	0xff, 0xff, 0xe7, 0x00, 0x00, 0x80, 0xf8, 0xff, 0xff, 0xef, 0x7f, 0x00, 0x00, 0xc8, 0xff, 0xff, 
	0xff, 0xff, 0x07, 0x00, 0x00, 0x80, 0xf8, 0xff, 0xff, 0xef, 0x0f, 0x00, 0x00, 0xc8, 0xff, 0xff, 
	0xff, 0xff, 0x07, 0x00, 0x00, 0x80, 0xf8, 0xff, 0xff, 0x0f, 0x00, 0x00, 0x00, 0xc8, 0xff, 0xff, 
	0xff, 0xff, 0x07, 0x00, 0x00, 0x80, 0xf8, 0xff, 0xff, 0x1f, 0x00, 0x00, 0x00, 0xc8, 0xff, 0xff, 
	0xff, 0xff, 0x07, 0x00, 0x00, 0x80, 0xfa, 0xff, 0xff, 0x1f, 0x00, 0x00, 0x00, 0xd4, 0xff, 0xff, 
	0xff, 0xff, 0x07, 0x18, 0x80, 0x50, 0xfc, 0xff, 0xff, 0x1f, 0x00, 0x00, 0x00, 0xe4, 0xff, 0xff, 
	0xff, 0xff, 0x8f, 0xf0, 0xff, 0x5f, 0xfc, 0xff, 0xff, 0x5f, 0x18, 0x30, 0x00, 0xe0, 0xff, 0xff, 
	0xff, 0xff, 0x2f, 0xfe, 0xff, 0x3f, 0xfd, 0xff, 0xff, 0x5f, 0xf1, 0x1f, 0x00, 0xe1, 0xff, 0xff, 
	0xff, 0xff, 0x9f, 0xff, 0xff, 0xff, 0xfc, 0xff, 0xff, 0xbf, 0xfe, 0xff, 0xff, 0xdf, 0xff, 0xff, 
	0xff, 0xff, 0x9f, 0xff, 0xff, 0xff, 0xf8, 0xff, 0xff, 0x1f, 0xff, 0xff, 0xff, 0xdf, 0xff, 0xff, 
	0xff, 0xff, 0xdf, 0xff, 0xff, 0xff, 0xfb, 0xff, 0xff, 0xef, 0xff, 0xff, 0xff, 0xbf, 0xff, 0xff, 
	0xff, 0xff, 0xef, 0xff, 0xff, 0xff, 0xff, 0xff, 0xff, 0xf7, 0xff, 0xff, 0xff, 0xbf, 0xff, 0xff, 
	0xff, 0xff, 0xef, 0xff, 0xff, 0xff, 0xff, 0xff, 0xff, 0xf7, 0xff, 0xff, 0xff, 0xff, 0xff, 0xff, 
	0xff, 0xff, 0xf7, 0xff, 0xff, 0xf8, 0xff, 0xff, 0xff, 0xff, 0xff, 0xff, 0xff, 0xff, 0xff, 0xff, 
	0xff, 0xff, 0xff, 0xff, 0x3f, 0xf0, 0xff, 0xff, 0xff, 0xff, 0xff, 0xff, 0xff, 0xff, 0xff, 0xff, 
	0xff, 0xff, 0xff, 0xff, 0x1f, 0xf4, 0xff, 0xff, 0xff, 0xff, 0xff, 0xff, 0xff, 0xff, 0xff, 0xff, 
	0xff, 0xff, 0xff, 0xff, 0x8f, 0xff, 0xff, 0xff, 0xff, 0x1f, 0xfe, 0xfb, 0xff, 0xff, 0xff, 0xff, 
	0xff, 0xff, 0xff, 0xff, 0xcf, 0xff, 0xff, 0x17, 0xbc, 0x1f, 0xff, 0xfb, 0xff, 0xff, 0xff, 0xff, 
	0xff, 0xff, 0xff, 0xff, 0xef, 0xff, 0x01, 0x02, 0xbc, 0xbf, 0x07, 0xfb, 0xff, 0xff, 0xff, 0xff, 
	0xff, 0xff, 0xff, 0xff, 0xef, 0x81, 0x41, 0xf2, 0xbd, 0xbf, 0x03, 0xfa, 0xff, 0xff, 0xff, 0xff, 
	0xff, 0x3f, 0xf8, 0xff, 0xef, 0x81, 0x79, 0xf2, 0x85, 0xbf, 0x73, 0xc2, 0xff, 0x83, 0xff, 0xff, 
	0xff, 0xe3, 0x0f, 0xff, 0xcf, 0xbf, 0xf9, 0xf2, 0xa5, 0xb7, 0x73, 0xd2, 0x7f, 0xfe, 0xf8, 0xff, 
	0xff, 0xfc, 0xff, 0xfe, 0x8f, 0x9f, 0x79, 0xf2, 0xac, 0xa7, 0x73, 0x9a, 0x9f, 0xff, 0xf7, 0xff, 
	0xff, 0xf9, 0x3f, 0xff, 0x1f, 0x8f, 0x01, 0x02, 0x8c, 0x8f, 0x03, 0x9b, 0x3f, 0xff, 0xfb, 0xff, 
	0xff, 0x07, 0xc0, 0xff, 0x3f, 0xc0, 0xef, 0xff, 0xff, 0xff, 0x83, 0x83, 0xff, 0x00, 0xfe, 0xff, 
	0xff, 0xff, 0xff, 0xff, 0xff, 0xf0, 0xff, 0xff, 0xff, 0xff, 0xff, 0xff, 0xff, 0xff, 0xff, 0xff, 
	0xff, 0xff, 0xff, 0xff, 0xff, 0xff, 0xff, 0xff, 0xff, 0xff, 0xff, 0xff, 0xff, 0xff, 0xff, 0xff, 
	0xff, 0xff, 0xff, 0xff, 0xff, 0xff, 0xff, 0xff, 0xff, 0xff, 0xff, 0xff, 0xff, 0xff, 0xff, 0xff, 
	0xff, 0xff, 0xff, 0xff, 0xff, 0xff, 0xff, 0xff, 0xff, 0xff, 0xff, 0xff, 0xff, 0xff, 0xff, 0xff
};
// 'happi0018', 128x50px
const unsigned char epd_bitmap_happi0018 [] PROGMEM = {
	0xff, 0xff, 0xff, 0xff, 0xff, 0xff, 0xff, 0xff, 0xff, 0xff, 0xff, 0xff, 0xff, 0xff, 0xff, 0xff, 
	0xff, 0xff, 0xff, 0xff, 0xff, 0xff, 0xff, 0xff, 0xff, 0xff, 0xff, 0xff, 0xff, 0xff, 0xff, 0xff, 
	0xff, 0xff, 0xff, 0xff, 0xff, 0xff, 0xff, 0xff, 0xff, 0xff, 0xff, 0xff, 0xff, 0xff, 0xff, 0xff, 
	0xff, 0xff, 0xff, 0xff, 0xff, 0xff, 0xff, 0xff, 0xff, 0xff, 0xff, 0xff, 0xff, 0xff, 0xff, 0xff, 
	0xff, 0xff, 0xff, 0xff, 0xff, 0xff, 0xff, 0xff, 0xff, 0xff, 0xff, 0xff, 0xff, 0xff, 0xff, 0xff, 
	0xff, 0xff, 0xff, 0xff, 0xff, 0xff, 0xff, 0xff, 0xff, 0xff, 0xff, 0xff, 0xff, 0xff, 0xff, 0xff, 
	0xff, 0xff, 0xff, 0xff, 0xef, 0xff, 0xff, 0xff, 0xff, 0xff, 0xff, 0x07, 0xff, 0xff, 0xff, 0xff, 
	0xff, 0xff, 0xff, 0x3f, 0x80, 0xff, 0xff, 0xff, 0xff, 0xff, 0x3f, 0x70, 0xf0, 0xff, 0xff, 0xff, 
	0xff, 0xff, 0xff, 0x0f, 0x0e, 0xfe, 0xff, 0xff, 0xff, 0xff, 0x9f, 0x7f, 0xe0, 0xff, 0xff, 0xff, 
	0xff, 0xff, 0xff, 0xe3, 0x2f, 0xf8, 0xff, 0xff, 0xff, 0xff, 0xe7, 0x7f, 0x80, 0xff, 0xff, 0xff, 
	0xff, 0xff, 0xff, 0xf9, 0x0f, 0xe0, 0xff, 0xff, 0xff, 0xff, 0xf3, 0xff, 0x40, 0xff, 0xff, 0xff, 
	0xff, 0xff, 0xff, 0xfc, 0x0f, 0xc0, 0xff, 0xff, 0xff, 0xff, 0xfd, 0xff, 0x80, 0xfe, 0xff, 0xff, 
	0xff, 0xff, 0x7f, 0xfe, 0x0f, 0x80, 0xff, 0xff, 0xff, 0xff, 0xfe, 0xff, 0x00, 0xfc, 0xff, 0xff, 
	0xff, 0xff, 0x3f, 0xff, 0x0f, 0x00, 0xff, 0xff, 0xff, 0x7f, 0xfe, 0x7f, 0x00, 0xfa, 0xff, 0xff, 
	0xff, 0xff, 0x9f, 0xff, 0x0f, 0x00, 0xff, 0xff, 0xff, 0x3f, 0xff, 0x7f, 0x00, 0xf4, 0xff, 0xff, 
	0xff, 0xff, 0xcf, 0xff, 0x07, 0x80, 0xfe, 0xff, 0xff, 0xbf, 0xff, 0x3f, 0x00, 0xf1, 0xff, 0xff, 
	0xff, 0xff, 0xcf, 0xff, 0x03, 0x20, 0xfd, 0xff, 0xff, 0x9f, 0xff, 0x1f, 0x00, 0xe2, 0xff, 0xff, 
	0xff, 0xff, 0xe7, 0xff, 0x01, 0x40, 0xfc, 0xff, 0xff, 0xcf, 0xff, 0x0f, 0x00, 0xe4, 0xff, 0xff, 
	0xff, 0xff, 0xe7, 0xff, 0x00, 0x40, 0xfc, 0xff, 0xff, 0xcf, 0xff, 0x07, 0x00, 0xe4, 0xff, 0xff, 
	0xff, 0xff, 0xe7, 0x3f, 0x00, 0x80, 0xfe, 0xff, 0xff, 0xcf, 0xff, 0x03, 0x00, 0xf8, 0xff, 0xff, 
	0xff, 0xff, 0xe7, 0x07, 0x00, 0x80, 0xfa, 0xff, 0xff, 0xcf, 0xff, 0x01, 0x00, 0xd8, 0xff, 0xff, 
	0xff, 0xff, 0xe7, 0x00, 0x00, 0x80, 0xf8, 0xff, 0xff, 0xef, 0x7f, 0x00, 0x00, 0xc8, 0xff, 0xff, 
	0xff, 0xff, 0x07, 0x00, 0x00, 0x80, 0xf8, 0xff, 0xff, 0xef, 0x0f, 0x00, 0x00, 0xc8, 0xff, 0xff, 
	0xff, 0xff, 0x07, 0x00, 0x00, 0x80, 0xf8, 0xff, 0xff, 0x0f, 0x00, 0x00, 0x00, 0xc8, 0xff, 0xff, 
	0xff, 0xff, 0x07, 0x00, 0x00, 0x80, 0xf8, 0xff, 0xff, 0x1f, 0x00, 0x00, 0x00, 0xc8, 0xff, 0xff, 
	0xff, 0xff, 0x07, 0x00, 0x00, 0x80, 0xfa, 0xff, 0xff, 0x1f, 0x00, 0x00, 0x00, 0xd4, 0xff, 0xff, 
	0xff, 0xff, 0x07, 0x18, 0x80, 0x50, 0xfc, 0xff, 0xff, 0x1f, 0x00, 0x00, 0x00, 0xe4, 0xff, 0xff, 
	0xff, 0xff, 0x8f, 0xf0, 0xff, 0x5f, 0xfc, 0xff, 0xff, 0x5f, 0x18, 0x30, 0x00, 0xe0, 0xff, 0xff, 
	0xff, 0xff, 0x2f, 0xfe, 0xff, 0x3f, 0xfd, 0xff, 0xff, 0x5f, 0xf1, 0x1f, 0x00, 0xe1, 0xff, 0xff, 
	0xff, 0xff, 0x9f, 0xff, 0xff, 0xff, 0xfc, 0xff, 0xff, 0xbf, 0xfe, 0xff, 0xff, 0xdf, 0xff, 0xff, 
	0xff, 0xff, 0x9f, 0xff, 0xff, 0xff, 0xf8, 0xff, 0xff, 0x1f, 0xff, 0xff, 0xff, 0xdf, 0xff, 0xff, 
	0xff, 0xff, 0xdf, 0xff, 0xff, 0xff, 0xfb, 0xff, 0xff, 0xef, 0xff, 0xff, 0xff, 0xbf, 0xff, 0xff, 
	0xff, 0xff, 0xef, 0xff, 0xff, 0xff, 0xff, 0xff, 0xff, 0xf7, 0xff, 0xff, 0xff, 0xbf, 0xff, 0xff, 
	0xff, 0xff, 0xef, 0xff, 0xff, 0xff, 0xff, 0xff, 0xff, 0xf7, 0xff, 0xff, 0xff, 0xff, 0xff, 0xff, 
	0xff, 0xff, 0xf7, 0xff, 0xff, 0xf8, 0xff, 0xff, 0xff, 0xff, 0xff, 0xff, 0xff, 0xff, 0xff, 0xff, 
	0xff, 0xff, 0xff, 0xff, 0x3f, 0xf0, 0xff, 0xff, 0xff, 0xff, 0xff, 0xff, 0xff, 0xff, 0xff, 0xff, 
	0xff, 0xff, 0xff, 0xff, 0x1f, 0xf4, 0xff, 0xff, 0xff, 0xff, 0xff, 0xff, 0xff, 0xff, 0xff, 0xff, 
	0xff, 0xff, 0xff, 0xff, 0x8f, 0xff, 0xff, 0xff, 0xff, 0x1f, 0xfe, 0xfb, 0xff, 0xff, 0xff, 0xff, 
	0xff, 0xff, 0xff, 0xff, 0xcf, 0xff, 0xff, 0x17, 0xbc, 0x1f, 0xff, 0xfb, 0xff, 0xff, 0xff, 0xff, 
	0xff, 0xff, 0xff, 0xff, 0xef, 0xff, 0x01, 0x02, 0xbc, 0xbf, 0x07, 0xfb, 0xff, 0xff, 0xff, 0xff, 
	0xff, 0xff, 0xff, 0xff, 0xef, 0x81, 0x41, 0xf2, 0xbd, 0xbf, 0x03, 0xfa, 0xff, 0xff, 0xff, 0xff, 
	0xff, 0x3f, 0xf8, 0xff, 0xef, 0x81, 0x79, 0xf2, 0x85, 0xbf, 0x73, 0xc2, 0xff, 0x83, 0xff, 0xff, 
	0xff, 0xe3, 0x0f, 0xff, 0xcf, 0xbf, 0xf9, 0xf2, 0xa5, 0xb7, 0x73, 0xd2, 0x7f, 0xfe, 0xf8, 0xff, 
	0xff, 0xfc, 0xff, 0xfe, 0x8f, 0x9f, 0x79, 0xf2, 0xac, 0xa7, 0x73, 0x9a, 0x9f, 0xff, 0xf7, 0xff, 
	0xff, 0xf9, 0x3f, 0xff, 0x1f, 0x8f, 0x01, 0x02, 0x8c, 0x8f, 0x03, 0x9b, 0x3f, 0xff, 0xfb, 0xff, 
	0xff, 0x07, 0xc0, 0xff, 0x3f, 0xc0, 0xef, 0xff, 0xff, 0xff, 0x83, 0x83, 0xff, 0x00, 0xfe, 0xff, 
	0xff, 0xff, 0xff, 0xff, 0xff, 0xf0, 0xff, 0xff, 0xff, 0xff, 0xff, 0xff, 0xff, 0xff, 0xff, 0xff, 
	0xff, 0xff, 0xff, 0xff, 0xff, 0xff, 0xff, 0xff, 0xff, 0xff, 0xff, 0xff, 0xff, 0xff, 0xff, 0xff, 
	0xff, 0xff, 0xff, 0xff, 0xff, 0xff, 0xff, 0xff, 0xff, 0xff, 0xff, 0xff, 0xff, 0xff, 0xff, 0xff, 
	0xff, 0xff, 0xff, 0xff, 0xff, 0xff, 0xff, 0xff, 0xff, 0xff, 0xff, 0xff, 0xff, 0xff, 0xff, 0xff
};
// 'happi0019', 128x50px
const unsigned char epd_bitmap_happi0019 [] PROGMEM = {
	0xff, 0xff, 0xff, 0xff, 0xff, 0xff, 0xff, 0xff, 0xff, 0xff, 0xff, 0xff, 0xff, 0xff, 0xff, 0xff, 
	0xff, 0xff, 0xff, 0xff, 0xff, 0xff, 0xff, 0xff, 0xff, 0xff, 0xff, 0xff, 0xff, 0xff, 0xff, 0xff, 
	0xff, 0xff, 0xff, 0xff, 0xff, 0xff, 0xff, 0xff, 0xff, 0xff, 0xff, 0xff, 0xff, 0xff, 0xff, 0xff, 
	0xff, 0xff, 0xff, 0xff, 0xff, 0xff, 0xff, 0xff, 0xff, 0xff, 0xff, 0xff, 0xff, 0xff, 0xff, 0xff, 
	0xff, 0xff, 0xff, 0xff, 0xff, 0xff, 0xff, 0xff, 0xff, 0xff, 0xff, 0xff, 0xff, 0xff, 0xff, 0xff, 
	0xff, 0xff, 0xff, 0xff, 0xff, 0xff, 0xff, 0xff, 0xff, 0xff, 0xff, 0xff, 0xff, 0xff, 0xff, 0xff, 
	0xff, 0xff, 0xff, 0xff, 0xef, 0xff, 0xff, 0xff, 0xff, 0xff, 0xff, 0x07, 0xff, 0xff, 0xff, 0xff, 
	0xff, 0xff, 0xff, 0x3f, 0x80, 0xff, 0xff, 0xff, 0xff, 0xff, 0x3f, 0x70, 0xf0, 0xff, 0xff, 0xff, 
	0xff, 0xff, 0xff, 0x0f, 0x0e, 0xfe, 0xff, 0xff, 0xff, 0xff, 0x9f, 0x7f, 0xe0, 0xff, 0xff, 0xff, 
	0xff, 0xff, 0xff, 0xe3, 0x2f, 0xf8, 0xff, 0xff, 0xff, 0xff, 0xe7, 0x7f, 0x80, 0xff, 0xff, 0xff, 
	0xff, 0xff, 0xff, 0xf9, 0x0f, 0xe0, 0xff, 0xff, 0xff, 0xff, 0xf3, 0xff, 0x40, 0xff, 0xff, 0xff, 
	0xff, 0xff, 0xff, 0xfc, 0x0f, 0xc0, 0xff, 0xff, 0xff, 0xff, 0xfd, 0xff, 0x80, 0xfe, 0xff, 0xff, 
	0xff, 0xff, 0x7f, 0xfe, 0x0f, 0x80, 0xff, 0xff, 0xff, 0xff, 0xfe, 0xff, 0x00, 0xfc, 0xff, 0xff, 
	0xff, 0xff, 0x3f, 0xff, 0x0f, 0x00, 0xff, 0xff, 0xff, 0x7f, 0xfe, 0x7f, 0x00, 0xfa, 0xff, 0xff, 
	0xff, 0xff, 0x9f, 0xff, 0x0f, 0x00, 0xff, 0xff, 0xff, 0x3f, 0xff, 0x7f, 0x00, 0xf4, 0xff, 0xff, 
	0xff, 0xff, 0xcf, 0xff, 0x07, 0x80, 0xfe, 0xff, 0xff, 0xbf, 0xff, 0x3f, 0x00, 0xf1, 0xff, 0xff, 
	0xff, 0xff, 0xcf, 0xff, 0x03, 0x20, 0xfd, 0xff, 0xff, 0x9f, 0xff, 0x1f, 0x00, 0xe2, 0xff, 0xff, 
	0xff, 0xff, 0xe7, 0xff, 0x01, 0x40, 0xfc, 0xff, 0xff, 0xcf, 0xff, 0x0f, 0x00, 0xe4, 0xff, 0xff, 
	0xff, 0xff, 0xe7, 0xff, 0x00, 0x40, 0xfc, 0xff, 0xff, 0xcf, 0xff, 0x07, 0x00, 0xe4, 0xff, 0xff, 
	0xff, 0xff, 0xe7, 0x3f, 0x00, 0x80, 0xfe, 0xff, 0xff, 0xcf, 0xff, 0x03, 0x00, 0xf8, 0xff, 0xff, 
	0xff, 0xff, 0xe7, 0x07, 0x00, 0x80, 0xfa, 0xff, 0xff, 0xcf, 0xff, 0x01, 0x00, 0xd8, 0xff, 0xff, 
	0xff, 0xff, 0xe7, 0x00, 0x00, 0x80, 0xf8, 0xff, 0xff, 0xef, 0x7f, 0x00, 0x00, 0xc8, 0xff, 0xff, 
	0xff, 0xff, 0x07, 0x00, 0x00, 0x80, 0xf8, 0xff, 0xff, 0xef, 0x0f, 0x00, 0x00, 0xc8, 0xff, 0xff, 
	0xff, 0xff, 0x07, 0x00, 0x00, 0x80, 0xf8, 0xff, 0xff, 0x0f, 0x00, 0x00, 0x00, 0xc8, 0xff, 0xff, 
	0xff, 0xff, 0x07, 0x00, 0x00, 0x80, 0xf8, 0xff, 0xff, 0x1f, 0x00, 0x00, 0x00, 0xc8, 0xff, 0xff, 
	0xff, 0xff, 0x07, 0x00, 0x00, 0x80, 0xfa, 0xff, 0xff, 0x1f, 0x00, 0x00, 0x00, 0xd4, 0xff, 0xff, 
	0xff, 0xff, 0x07, 0x18, 0x80, 0x50, 0xfc, 0xff, 0xff, 0x1f, 0x00, 0x00, 0x00, 0xe4, 0xff, 0xff, 
	0xff, 0xff, 0x8f, 0xf0, 0xff, 0x5f, 0xfc, 0xff, 0xff, 0x5f, 0x18, 0x30, 0x00, 0xe0, 0xff, 0xff, 
	0xff, 0xff, 0x2f, 0xfe, 0xff, 0x3f, 0xfd, 0xff, 0xff, 0x5f, 0xf1, 0x1f, 0x00, 0xe1, 0xff, 0xff, 
	0xff, 0xff, 0x9f, 0xff, 0xff, 0xff, 0xfc, 0xff, 0xff, 0xbf, 0xfe, 0xff, 0xff, 0xdf, 0xff, 0xff, 
	0xff, 0xff, 0x9f, 0xff, 0xff, 0xff, 0xf8, 0xff, 0xff, 0x1f, 0xff, 0xff, 0xff, 0xdf, 0xff, 0xff, 
	0xff, 0xff, 0xdf, 0xff, 0xff, 0xff, 0xfb, 0xff, 0xff, 0xef, 0xff, 0xff, 0xff, 0xbf, 0xff, 0xff, 
	0xff, 0xff, 0xef, 0xff, 0xff, 0xff, 0xff, 0xff, 0xff, 0xf7, 0xff, 0xff, 0xff, 0xbf, 0xff, 0xff, 
	0xff, 0xff, 0xef, 0xff, 0xff, 0xff, 0xff, 0xff, 0xff, 0xf7, 0xff, 0xff, 0xff, 0xff, 0xff, 0xff, 
	0xff, 0xff, 0xf7, 0xff, 0xff, 0xf8, 0xff, 0xff, 0xff, 0xff, 0xff, 0xff, 0xff, 0xff, 0xff, 0xff, 
	0xff, 0xff, 0xff, 0xff, 0x3f, 0xf0, 0xff, 0xff, 0xff, 0xff, 0xff, 0xff, 0xff, 0xff, 0xff, 0xff, 
	0xff, 0xff, 0xff, 0xff, 0x1f, 0xf4, 0xff, 0xff, 0xff, 0xff, 0xff, 0xff, 0xff, 0xff, 0xff, 0xff, 
	0xff, 0xff, 0xff, 0xff, 0x8f, 0xff, 0xff, 0xff, 0xff, 0x1f, 0xfe, 0xfb, 0xff, 0xff, 0xff, 0xff, 
	0xff, 0xff, 0xff, 0xff, 0xcf, 0xff, 0xff, 0x17, 0xbc, 0x1f, 0xff, 0xfb, 0xff, 0xff, 0xff, 0xff, 
	0xff, 0xff, 0xff, 0xff, 0xef, 0xff, 0x01, 0x02, 0xbc, 0xbf, 0x07, 0xfb, 0xff, 0xff, 0xff, 0xff, 
	0xff, 0xff, 0xff, 0xff, 0xef, 0x81, 0x41, 0xf2, 0xbd, 0xbf, 0x03, 0xfa, 0xff, 0xff, 0xff, 0xff, 
	0xff, 0x3f, 0xf8, 0xff, 0xef, 0x81, 0x79, 0xf2, 0x85, 0xbf, 0x73, 0xc2, 0xff, 0x83, 0xff, 0xff, 
	0xff, 0xe3, 0x0f, 0xff, 0xcf, 0xbf, 0xf9, 0xf2, 0xa5, 0xb7, 0x73, 0xd2, 0x7f, 0xfe, 0xf8, 0xff, 
	0xff, 0xfc, 0xff, 0xfe, 0x8f, 0x9f, 0x79, 0xf2, 0xac, 0xa7, 0x73, 0x9a, 0x9f, 0xff, 0xf7, 0xff, 
	0xff, 0xf9, 0x3f, 0xff, 0x1f, 0x8f, 0x01, 0x02, 0x8c, 0x8f, 0x03, 0x9b, 0x3f, 0xff, 0xfb, 0xff, 
	0xff, 0x07, 0xc0, 0xff, 0x3f, 0xc0, 0xef, 0xff, 0xff, 0xff, 0x83, 0x83, 0xff, 0x00, 0xfe, 0xff, 
	0xff, 0xff, 0xff, 0xff, 0xff, 0xf0, 0xff, 0xff, 0xff, 0xff, 0xff, 0xff, 0xff, 0xff, 0xff, 0xff, 
	0xff, 0xff, 0xff, 0xff, 0xff, 0xff, 0xff, 0xff, 0xff, 0xff, 0xff, 0xff, 0xff, 0xff, 0xff, 0xff, 
	0xff, 0xff, 0xff, 0xff, 0xff, 0xff, 0xff, 0xff, 0xff, 0xff, 0xff, 0xff, 0xff, 0xff, 0xff, 0xff, 
	0xff, 0xff, 0xff, 0xff, 0xff, 0xff, 0xff, 0xff, 0xff, 0xff, 0xff, 0xff, 0xff, 0xff, 0xff, 0xff
};
// 'happi0020', 128x50px
const unsigned char epd_bitmap_happi0020 [] PROGMEM = {
	0xff, 0xff, 0xff, 0xff, 0xff, 0xff, 0xff, 0xff, 0xff, 0xff, 0xff, 0xff, 0xff, 0xff, 0xff, 0xff, 
	0xff, 0xff, 0xff, 0xff, 0xff, 0xff, 0xff, 0xff, 0xff, 0xff, 0xff, 0xff, 0xff, 0xff, 0xff, 0xff, 
	0xff, 0xff, 0xff, 0xff, 0xff, 0xff, 0xff, 0xff, 0xff, 0xff, 0xff, 0xff, 0xff, 0xff, 0xff, 0xff, 
	0xff, 0xff, 0xff, 0xff, 0xff, 0xff, 0xff, 0xff, 0xff, 0xff, 0xff, 0xff, 0xff, 0xff, 0xff, 0xff, 
	0xff, 0xff, 0xff, 0xff, 0xff, 0xff, 0xff, 0xff, 0xff, 0xff, 0xff, 0xff, 0xff, 0xff, 0xff, 0xff, 
	0xff, 0xff, 0xff, 0xff, 0xff, 0xff, 0xff, 0xff, 0xff, 0xff, 0xff, 0xff, 0xff, 0xff, 0xff, 0xff, 
	0xff, 0xff, 0xff, 0xff, 0xef, 0xff, 0xff, 0xff, 0xff, 0xff, 0xff, 0x07, 0xff, 0xff, 0xff, 0xff, 
	0xff, 0xff, 0xff, 0x3f, 0x80, 0xff, 0xff, 0xff, 0xff, 0xff, 0x3f, 0x70, 0xf0, 0xff, 0xff, 0xff, 
	0xff, 0xff, 0xff, 0x0f, 0x0e, 0xfe, 0xff, 0xff, 0xff, 0xff, 0x9f, 0x7f, 0xe0, 0xff, 0xff, 0xff, 
	0xff, 0xff, 0xff, 0xe3, 0x2f, 0xf8, 0xff, 0xff, 0xff, 0xff, 0xe7, 0x7f, 0x80, 0xff, 0xff, 0xff, 
	0xff, 0xff, 0xff, 0xf9, 0x0f, 0xe0, 0xff, 0xff, 0xff, 0xff, 0xf3, 0xff, 0x40, 0xff, 0xff, 0xff, 
	0xff, 0xff, 0xff, 0xfc, 0x0f, 0xc0, 0xff, 0xff, 0xff, 0xff, 0xfd, 0xff, 0x80, 0xfe, 0xff, 0xff, 
	0xff, 0xff, 0x7f, 0xfe, 0x0f, 0x80, 0xff, 0xff, 0xff, 0xff, 0xfe, 0xff, 0x00, 0xfc, 0xff, 0xff, 
	0xff, 0xff, 0x3f, 0xff, 0x0f, 0x00, 0xff, 0xff, 0xff, 0x7f, 0xfe, 0x7f, 0x00, 0xfa, 0xff, 0xff, 
	0xff, 0xff, 0x9f, 0xff, 0x0f, 0x00, 0xff, 0xff, 0xff, 0x3f, 0xff, 0x7f, 0x00, 0xf4, 0xff, 0xff, 
	0xff, 0xff, 0xcf, 0xff, 0x07, 0x80, 0xfe, 0xff, 0xff, 0xbf, 0xff, 0x3f, 0x00, 0xf1, 0xff, 0xff, 
	0xff, 0xff, 0xcf, 0xff, 0x03, 0x20, 0xfd, 0xff, 0xff, 0x9f, 0xff, 0x1f, 0x00, 0xe2, 0xff, 0xff, 
	0xff, 0xff, 0xe7, 0xff, 0x01, 0x40, 0xfc, 0xff, 0xff, 0xcf, 0xff, 0x0f, 0x00, 0xe4, 0xff, 0xff, 
	0xff, 0xff, 0xe7, 0xff, 0x00, 0x40, 0xfc, 0xff, 0xff, 0xcf, 0xff, 0x07, 0x00, 0xe4, 0xff, 0xff, 
	0xff, 0xff, 0xe7, 0x3f, 0x00, 0x80, 0xfe, 0xff, 0xff, 0xcf, 0xff, 0x03, 0x00, 0xf8, 0xff, 0xff, 
	0xff, 0xff, 0xe7, 0x07, 0x00, 0x80, 0xfa, 0xff, 0xff, 0xcf, 0xff, 0x01, 0x00, 0xd8, 0xff, 0xff, 
	0xff, 0xff, 0xe7, 0x00, 0x00, 0x80, 0xf8, 0xff, 0xff, 0xef, 0x7f, 0x00, 0x00, 0xc8, 0xff, 0xff, 
	0xff, 0xff, 0x07, 0x00, 0x00, 0x80, 0xf8, 0xff, 0xff, 0xef, 0x0f, 0x00, 0x00, 0xc8, 0xff, 0xff, 
	0xff, 0xff, 0x07, 0x00, 0x00, 0x80, 0xf8, 0xff, 0xff, 0x0f, 0x00, 0x00, 0x00, 0xc8, 0xff, 0xff, 
	0xff, 0xff, 0x07, 0x00, 0x00, 0x80, 0xf8, 0xff, 0xff, 0x1f, 0x00, 0x00, 0x00, 0xc8, 0xff, 0xff, 
	0xff, 0xff, 0x07, 0x00, 0x00, 0x80, 0xfa, 0xff, 0xff, 0x1f, 0x00, 0x00, 0x00, 0xd4, 0xff, 0xff, 
	0xff, 0xff, 0x07, 0x18, 0x80, 0x50, 0xfc, 0xff, 0xff, 0x1f, 0x00, 0x00, 0x00, 0xe4, 0xff, 0xff, 
	0xff, 0xff, 0x8f, 0xf0, 0xff, 0x5f, 0xfc, 0xff, 0xff, 0x5f, 0x18, 0x30, 0x00, 0xe0, 0xff, 0xff, 
	0xff, 0xff, 0x2f, 0xfe, 0xff, 0x3f, 0xfd, 0xff, 0xff, 0x5f, 0xf1, 0x1f, 0x00, 0xe1, 0xff, 0xff, 
	0xff, 0xff, 0x9f, 0xff, 0xff, 0xff, 0xfc, 0xff, 0xff, 0xbf, 0xfe, 0xff, 0xff, 0xdf, 0xff, 0xff, 
	0xff, 0xff, 0x9f, 0xff, 0xff, 0xff, 0xf8, 0xff, 0xff, 0x1f, 0xff, 0xff, 0xff, 0xdf, 0xff, 0xff, 
	0xff, 0xff, 0xdf, 0xff, 0xff, 0xff, 0xfb, 0xff, 0xff, 0xef, 0xff, 0xff, 0xff, 0xbf, 0xff, 0xff, 
	0xff, 0xff, 0xef, 0xff, 0xff, 0xff, 0xff, 0xff, 0xff, 0xf7, 0xff, 0xff, 0xff, 0xbf, 0xff, 0xff, 
	0xff, 0xff, 0xef, 0xff, 0xff, 0xff, 0xff, 0xff, 0xff, 0xf7, 0xff, 0xff, 0xff, 0xff, 0xff, 0xff, 
	0xff, 0xff, 0xf7, 0xff, 0xff, 0xf8, 0xff, 0xff, 0xff, 0xff, 0xff, 0xff, 0xff, 0xff, 0xff, 0xff, 
	0xff, 0xff, 0xff, 0xff, 0x3f, 0xf0, 0xff, 0xff, 0xff, 0xff, 0xff, 0xff, 0xff, 0xff, 0xff, 0xff, 
	0xff, 0xff, 0xff, 0xff, 0x1f, 0xf4, 0xff, 0xff, 0xff, 0xff, 0xff, 0xff, 0xff, 0xff, 0xff, 0xff, 
	0xff, 0xff, 0xff, 0xff, 0x8f, 0xff, 0xff, 0xff, 0xff, 0x1f, 0xfe, 0xfb, 0xff, 0xff, 0xff, 0xff, 
	0xff, 0xff, 0xff, 0xff, 0xcf, 0xff, 0xff, 0x17, 0xbc, 0x1f, 0xff, 0xfb, 0xff, 0xff, 0xff, 0xff, 
	0xff, 0xff, 0xff, 0xff, 0xef, 0xff, 0x01, 0x02, 0xbc, 0xbf, 0x07, 0xfb, 0xff, 0xff, 0xff, 0xff, 
	0xff, 0xff, 0xff, 0xff, 0xef, 0x81, 0x41, 0xf2, 0xbd, 0xbf, 0x03, 0xfa, 0xff, 0xff, 0xff, 0xff, 
	0xff, 0x3f, 0xf8, 0xff, 0xef, 0x81, 0x79, 0xf2, 0x85, 0xbf, 0x73, 0xc2, 0xff, 0x83, 0xff, 0xff, 
	0xff, 0xe3, 0x0f, 0xff, 0xcf, 0xbf, 0xf9, 0xf2, 0xa5, 0xb7, 0x73, 0xd2, 0x7f, 0xfe, 0xf8, 0xff, 
	0xff, 0xfc, 0xff, 0xfe, 0x8f, 0x9f, 0x79, 0xf2, 0xac, 0xa7, 0x73, 0x9a, 0x9f, 0xff, 0xf7, 0xff, 
	0xff, 0xf9, 0x3f, 0xff, 0x1f, 0x8f, 0x01, 0x02, 0x8c, 0x8f, 0x03, 0x9b, 0x3f, 0xff, 0xfb, 0xff, 
	0xff, 0x07, 0xc0, 0xff, 0x3f, 0xc0, 0xef, 0xff, 0xff, 0xff, 0x83, 0x83, 0xff, 0x00, 0xfe, 0xff, 
	0xff, 0xff, 0xff, 0xff, 0xff, 0xf0, 0xff, 0xff, 0xff, 0xff, 0xff, 0xff, 0xff, 0xff, 0xff, 0xff, 
	0xff, 0xff, 0xff, 0xff, 0xff, 0xff, 0xff, 0xff, 0xff, 0xff, 0xff, 0xff, 0xff, 0xff, 0xff, 0xff, 
	0xff, 0xff, 0xff, 0xff, 0xff, 0xff, 0xff, 0xff, 0xff, 0xff, 0xff, 0xff, 0xff, 0xff, 0xff, 0xff, 
	0xff, 0xff, 0xff, 0xff, 0xff, 0xff, 0xff, 0xff, 0xff, 0xff, 0xff, 0xff, 0xff, 0xff, 0xff, 0xff
};

// Array of all bitmaps for convenience. (Total bytes used to store images in PROGMEM = 17136)
const int epd_bitmap_allArray_LEN = 21;
const unsigned char* epd_bitmap_allArray[21] = {
	epd_bitmap_happi0000,
	epd_bitmap_happi0001,
	epd_bitmap_happi0002,
	epd_bitmap_happi0003,
	epd_bitmap_happi0004,
	epd_bitmap_happi0005,
	epd_bitmap_happi0006,
	epd_bitmap_happi0007,
	epd_bitmap_happi0008,
	epd_bitmap_happi0009,
	epd_bitmap_happi0010,
	epd_bitmap_happi0011,
	epd_bitmap_happi0012,
	epd_bitmap_happi0013,
	epd_bitmap_happi0014,
	epd_bitmap_happi0015,
	epd_bitmap_happi0016,
	epd_bitmap_happi0017,
	epd_bitmap_happi0018,
	epd_bitmap_happi0019,
	epd_bitmap_happi0020
};
// 'dog0003', 128x50px
const unsigned char epd_bitmap_dog0003 [] PROGMEM = {
	0xff, 0x8f, 0xff, 0xff, 0xff, 0xff, 0xff, 0xff, 0xff, 0xff, 0xff, 0xff, 0xff, 0xff, 0xff, 0xff, 
	0xff, 0xc3, 0xff, 0xff, 0xff, 0xff, 0xff, 0xff, 0xff, 0xff, 0xff, 0xff, 0xff, 0xff, 0xc1, 0xff, 
	0xff, 0xf9, 0xff, 0xff, 0xff, 0xff, 0xff, 0xff, 0xff, 0xff, 0xff, 0xff, 0xff, 0xff, 0x07, 0xff, 
	0xff, 0xfc, 0xdf, 0xff, 0xff, 0xff, 0xff, 0xff, 0xff, 0xff, 0xff, 0xff, 0xff, 0xff, 0x3f, 0xfe, 
	0x7f, 0xfe, 0xcf, 0xff, 0xff, 0xff, 0xff, 0xff, 0xff, 0xff, 0xff, 0xff, 0xff, 0x9f, 0xff, 0xfc, 
	0x7f, 0xff, 0x67, 0x00, 0xfe, 0xff, 0xff, 0xff, 0xff, 0xff, 0xff, 0xff, 0x00, 0x38, 0xf0, 0xf9, 
	0x3f, 0xff, 0x71, 0x00, 0xfe, 0xff, 0xff, 0xff, 0xff, 0xff, 0xff, 0xff, 0x00, 0xf8, 0xc2, 0xf9, 
	0x9f, 0xff, 0x80, 0x07, 0xe0, 0xff, 0xff, 0xff, 0xff, 0xff, 0xff, 0x0f, 0x06, 0x80, 0x0f, 0xf9, 
	0x9f, 0x3f, 0xf2, 0x0f, 0xc0, 0xff, 0xff, 0xff, 0xff, 0xff, 0xff, 0xc7, 0x07, 0x00, 0x3e, 0xf9, 
	0xdf, 0x3f, 0xf8, 0x0f, 0x00, 0xff, 0xff, 0xff, 0xff, 0xff, 0xff, 0xf3, 0x03, 0x00, 0x7c, 0xf8, 
	0xcf, 0x0f, 0xfc, 0x07, 0x00, 0xfe, 0xff, 0xff, 0xff, 0xff, 0xff, 0xf8, 0x03, 0x00, 0xf8, 0xfc, 
	0xcf, 0x47, 0xff, 0x07, 0x00, 0xfc, 0xff, 0xff, 0xff, 0xff, 0x7f, 0xfc, 0x03, 0x00, 0xf0, 0xff, 
	0xcf, 0xa3, 0xff, 0x07, 0x00, 0xf8, 0xff, 0xff, 0xff, 0xff, 0x3f, 0xff, 0x03, 0x00, 0xf0, 0xff, 
	0xcf, 0xb9, 0xff, 0x07, 0x00, 0xf9, 0xff, 0xff, 0xff, 0xff, 0x1f, 0xff, 0x03, 0x00, 0xe0, 0xff, 
	0x9f, 0xec, 0xff, 0x03, 0x00, 0xf3, 0xff, 0xff, 0xff, 0xff, 0x9f, 0xff, 0x01, 0x00, 0xe0, 0xff, 
	0x3f, 0xe6, 0xff, 0x03, 0x00, 0xe6, 0xff, 0xff, 0xff, 0xff, 0xcf, 0xff, 0x01, 0x00, 0xc0, 0xff, 
	0x7f, 0xe6, 0xff, 0x03, 0x00, 0xec, 0xff, 0xff, 0xff, 0xff, 0xc7, 0xff, 0x00, 0x00, 0x40, 0xff, 
	0xff, 0xf7, 0xff, 0x03, 0x00, 0xec, 0xff, 0xff, 0xff, 0xff, 0xe7, 0xff, 0x00, 0x00, 0xc0, 0xff, 
	0xff, 0xf3, 0xff, 0x01, 0x00, 0xcc, 0xff, 0xff, 0xff, 0xff, 0xf3, 0x7f, 0x00, 0x00, 0x80, 0xfe, 
	0xff, 0xf3, 0xff, 0x01, 0x00, 0xc8, 0xff, 0xff, 0xff, 0xff, 0xf3, 0x7f, 0x00, 0x00, 0x80, 0xfe, 
	0xff, 0xfb, 0x7f, 0x00, 0x00, 0xc8, 0xff, 0xff, 0xff, 0xff, 0xf3, 0x3f, 0x00, 0x00, 0x80, 0xfe, 
	0xff, 0xfb, 0x3f, 0x00, 0x00, 0xc8, 0xff, 0xff, 0xff, 0xff, 0xf3, 0x1f, 0x00, 0x00, 0x80, 0xfe, 
	0xff, 0xfb, 0x1f, 0x00, 0x00, 0xc8, 0xff, 0xff, 0xff, 0xff, 0xf3, 0x0f, 0x00, 0x00, 0x80, 0xfe, 
	0xff, 0xfb, 0x07, 0x00, 0x00, 0x88, 0xff, 0xff, 0xff, 0xff, 0xf3, 0x03, 0x00, 0x00, 0x80, 0xfc, 
	0xff, 0x81, 0x00, 0x00, 0x00, 0x88, 0xff, 0xff, 0xff, 0xff, 0xf3, 0x01, 0x00, 0x00, 0x80, 0xfc, 
	0xff, 0x01, 0x00, 0x00, 0x00, 0xc8, 0xff, 0xff, 0x83, 0xff, 0x03, 0x00, 0x00, 0x00, 0x80, 0xfc, 
	0xff, 0x01, 0x00, 0x00, 0x00, 0xc8, 0xff, 0x1f, 0x00, 0xff, 0x07, 0x00, 0x00, 0x00, 0x80, 0xfe, 
	0xff, 0x01, 0x00, 0x00, 0x00, 0xcc, 0xff, 0x1f, 0x00, 0xff, 0x03, 0x00, 0x00, 0x00, 0x80, 0xfe, 
	0xff, 0x01, 0x00, 0x00, 0x00, 0xc4, 0xff, 0x1f, 0xc0, 0xff, 0x03, 0x00, 0x00, 0x00, 0x40, 0xfe, 
	0xff, 0x03, 0x00, 0x00, 0x00, 0xc4, 0xff, 0xff, 0xe0, 0xff, 0x03, 0x00, 0x00, 0x00, 0x40, 0xfe, 
	0xff, 0x03, 0x00, 0x00, 0x00, 0xe4, 0xff, 0xff, 0xf1, 0xff, 0x07, 0x00, 0x00, 0x00, 0x40, 0xfe, 
	0xff, 0x03, 0x00, 0x00, 0x00, 0xe4, 0xff, 0xff, 0xf3, 0xff, 0x07, 0x00, 0x00, 0x00, 0x20, 0xfe, 
	0xff, 0x03, 0x00, 0x00, 0x00, 0xe4, 0xff, 0xff, 0xf3, 0xff, 0x4f, 0x00, 0x00, 0x00, 0x20, 0xff, 
	0xff, 0x07, 0x00, 0x00, 0x00, 0xf4, 0xff, 0xff, 0xe3, 0xff, 0x0f, 0x00, 0x00, 0x00, 0x90, 0xff, 
	0xff, 0x0f, 0x00, 0x00, 0x00, 0xfa, 0xff, 0xff, 0xe1, 0xff, 0x1f, 0x00, 0x00, 0x00, 0xd0, 0xff, 
	0xff, 0x1f, 0x00, 0x00, 0x00, 0xfa, 0xff, 0xff, 0xcc, 0xfb, 0x3f, 0x00, 0x00, 0x00, 0xc8, 0xff, 
	0xff, 0x1f, 0x00, 0x00, 0x00, 0xff, 0xff, 0x7f, 0x8e, 0xf9, 0x3f, 0x00, 0x00, 0x00, 0xe4, 0xff, 
	0xff, 0x1f, 0x00, 0x00, 0x80, 0xff, 0xff, 0x13, 0x1f, 0xfc, 0x7f, 0x00, 0x00, 0x00, 0xf6, 0xff, 
	0xff, 0x7f, 0x00, 0x00, 0xc0, 0xff, 0xff, 0x83, 0x7f, 0xfc, 0xff, 0x00, 0x00, 0x00, 0xfb, 0xff, 
	0xff, 0xff, 0x00, 0x00, 0xc0, 0xff, 0xff, 0xff, 0xff, 0xff, 0xff, 0x03, 0x00, 0x80, 0xf8, 0xff, 
	0x3f, 0xf8, 0x03, 0x00, 0xc0, 0xff, 0xff, 0xff, 0xff, 0xff, 0xff, 0x07, 0x00, 0x60, 0xff, 0xff, 
	0xc1, 0x83, 0x07, 0x00, 0xf0, 0xff, 0xff, 0xff, 0xff, 0xff, 0xff, 0x1f, 0x10, 0xf8, 0xff, 0xff, 
	0xfc, 0x7f, 0x1e, 0x00, 0xfc, 0xff, 0xff, 0xff, 0xff, 0xff, 0xff, 0xff, 0x00, 0xff, 0x0f, 0xf8, 
	0xff, 0xff, 0xfe, 0xff, 0xff, 0xff, 0xff, 0xff, 0xff, 0xff, 0xff, 0xff, 0xff, 0xff, 0xe3, 0xc3, 
	0xfe, 0xff, 0xfe, 0xff, 0xff, 0xff, 0xff, 0xff, 0xff, 0xff, 0xff, 0xff, 0xff, 0xff, 0xfc, 0xbf, 
	0xf1, 0x0f, 0xff, 0xff, 0xff, 0xff, 0xff, 0xff, 0xff, 0xff, 0xff, 0xff, 0xff, 0xff, 0xf9, 0xcf, 
	0x07, 0xe0, 0xff, 0xff, 0xff, 0xff, 0xff, 0xff, 0xff, 0xff, 0xff, 0xff, 0xff, 0xff, 0x03, 0xe0, 
	0xff, 0xff, 0xff, 0xff, 0xff, 0xff, 0xff, 0xff, 0xff, 0xff, 0xff, 0xff, 0xff, 0xff, 0xff, 0xff, 
	0xff, 0xff, 0xff, 0xff, 0xff, 0xff, 0xff, 0xff, 0xff, 0xff, 0xff, 0xff, 0xff, 0xff, 0xff, 0xff, 
	0xff, 0xff, 0xff, 0xff, 0xff, 0xff, 0xff, 0xff, 0xff, 0xff, 0xff, 0xff, 0xff, 0xff, 0xff, 0xff
};
// 'dog0002', 128x50px
const unsigned char epd_bitmap_dog0002 [] PROGMEM = {
	0xff, 0x8f, 0xff, 0xff, 0xff, 0xff, 0xff, 0xff, 0xff, 0xff, 0xff, 0xff, 0xff, 0xff, 0xff, 0xff, 
	0xff, 0xc3, 0xff, 0xff, 0xff, 0xff, 0xff, 0xff, 0xff, 0xff, 0xff, 0xff, 0xff, 0xff, 0xc1, 0xff, 
	0xff, 0xf9, 0xff, 0xff, 0xff, 0xff, 0xff, 0xff, 0xff, 0xff, 0xff, 0xff, 0xff, 0xff, 0x07, 0xff, 
	0xff, 0xfc, 0xdf, 0xff, 0xff, 0xff, 0xff, 0xff, 0xff, 0xff, 0xff, 0xff, 0xff, 0xff, 0x3f, 0xfe, 
	0x7f, 0xfe, 0xcf, 0xff, 0xff, 0xff, 0xff, 0xff, 0xff, 0xff, 0xff, 0xff, 0xff, 0x9f, 0xff, 0xfc, 
	0x7f, 0xff, 0x67, 0x00, 0xfe, 0xff, 0xff, 0xff, 0xff, 0xff, 0xff, 0xff, 0x00, 0x38, 0xf0, 0xf9, 
	0x3f, 0xff, 0x71, 0x00, 0xfe, 0xff, 0xff, 0xff, 0xff, 0xff, 0xff, 0xff, 0x00, 0xf8, 0xc2, 0xf9, 
	0x9f, 0xff, 0x80, 0x07, 0xe0, 0xff, 0xff, 0xff, 0xff, 0xff, 0xff, 0x0f, 0x06, 0x80, 0x0f, 0xf9, 
	0x9f, 0x3f, 0xf2, 0x0f, 0xc0, 0xff, 0xff, 0xff, 0xff, 0xff, 0xff, 0xc7, 0x07, 0x00, 0x3e, 0xf9, 
	0xdf, 0x3f, 0xf8, 0x0f, 0x00, 0xff, 0xff, 0xff, 0xff, 0xff, 0xff, 0xf3, 0x03, 0x00, 0x7c, 0xf8, 
	0xcf, 0x0f, 0xfc, 0x07, 0x00, 0xfe, 0xff, 0xff, 0xff, 0xff, 0xff, 0xf8, 0x03, 0x00, 0xf8, 0xfc, 
	0xcf, 0x47, 0xff, 0x07, 0x00, 0xfc, 0xff, 0xff, 0xff, 0xff, 0x7f, 0xfc, 0x03, 0x00, 0xf0, 0xff, 
	0xcf, 0xa3, 0xff, 0x07, 0x00, 0xf8, 0xff, 0xff, 0xff, 0xff, 0x3f, 0xff, 0x03, 0x00, 0xf0, 0xff, 
	0xcf, 0xb9, 0xff, 0x07, 0x00, 0xf9, 0xff, 0xff, 0xff, 0xff, 0x1f, 0xff, 0x03, 0x00, 0xe0, 0xff, 
	0x9f, 0xec, 0xff, 0x03, 0x00, 0xf3, 0xff, 0xff, 0xff, 0xff, 0x9f, 0xff, 0x01, 0x00, 0xe0, 0xff, 
	0x3f, 0xe6, 0xff, 0x03, 0x00, 0xe6, 0xff, 0xff, 0xff, 0xff, 0xcf, 0xff, 0x01, 0x00, 0xc0, 0xff, 
	0x7f, 0xe6, 0xff, 0x03, 0x00, 0xec, 0xff, 0xff, 0xff, 0xff, 0xc7, 0xff, 0x00, 0x00, 0x40, 0xff, 
	0xff, 0xf7, 0xff, 0x03, 0x00, 0xec, 0xff, 0xff, 0xff, 0xff, 0xe7, 0xff, 0x00, 0x00, 0xc0, 0xff, 
	0xff, 0xf3, 0xff, 0x01, 0x00, 0xcc, 0xff, 0xff, 0xff, 0xff, 0xf3, 0x7f, 0x00, 0x00, 0x80, 0xfe, 
	0xff, 0xf3, 0xff, 0x01, 0x00, 0xc8, 0xff, 0xff, 0xff, 0xff, 0xf3, 0x7f, 0x00, 0x00, 0x80, 0xfe, 
	0xff, 0xfb, 0x7f, 0x00, 0x00, 0xc8, 0xff, 0xff, 0xff, 0xff, 0xf3, 0x3f, 0x00, 0x00, 0x80, 0xfe, 
	0xff, 0xfb, 0x3f, 0x00, 0x00, 0xc8, 0xff, 0xff, 0xff, 0xff, 0xf3, 0x1f, 0x00, 0x00, 0x80, 0xfe, 
	0xff, 0xfb, 0x1f, 0x00, 0x00, 0xc8, 0xff, 0xff, 0xff, 0xff, 0xf3, 0x0f, 0x00, 0x00, 0x80, 0xfe, 
	0xff, 0xfb, 0x07, 0x00, 0x00, 0x88, 0xff, 0xff, 0xff, 0xff, 0xf3, 0x03, 0x00, 0x00, 0x80, 0xfc, 
	0xff, 0x81, 0x00, 0x00, 0x00, 0x88, 0xff, 0xff, 0xff, 0xff, 0xf3, 0x01, 0x00, 0x00, 0x80, 0xfc, 
	0xff, 0x01, 0x00, 0x00, 0x00, 0xc8, 0xff, 0xff, 0x83, 0xff, 0x03, 0x00, 0x00, 0x00, 0x80, 0xfc, 
	0xff, 0x01, 0x00, 0x00, 0x00, 0xc8, 0xff, 0x1f, 0x00, 0xff, 0x07, 0x00, 0x00, 0x00, 0x80, 0xfe, 
	0xff, 0x01, 0x00, 0x00, 0x00, 0xcc, 0xff, 0x1f, 0x00, 0xff, 0x03, 0x00, 0x00, 0x00, 0x80, 0xfe, 
	0xff, 0x01, 0x00, 0x00, 0x00, 0xc4, 0xff, 0x1f, 0xc0, 0xff, 0x03, 0x00, 0x00, 0x00, 0x40, 0xfe, 
	0xff, 0x03, 0x00, 0x00, 0x00, 0xc4, 0xff, 0xff, 0xe0, 0xff, 0x03, 0x00, 0x00, 0x00, 0x40, 0xfe, 
	0xff, 0x03, 0x00, 0x00, 0x00, 0xe4, 0xff, 0xff, 0xf1, 0xff, 0x07, 0x00, 0x00, 0x00, 0x40, 0xfe, 
	0xff, 0x03, 0x00, 0x00, 0x00, 0xe4, 0xff, 0xff, 0xf3, 0xff, 0x07, 0x00, 0x00, 0x00, 0x20, 0xfe, 
	0xff, 0x03, 0x00, 0x00, 0x00, 0xe4, 0xff, 0xff, 0xf3, 0xff, 0x4f, 0x00, 0x00, 0x00, 0x20, 0xff, 
	0xff, 0x07, 0x00, 0x00, 0x00, 0xf4, 0xff, 0xff, 0xe3, 0xff, 0x0f, 0x00, 0x00, 0x00, 0x90, 0xff, 
	0xff, 0x0f, 0x00, 0x00, 0x00, 0xfa, 0xff, 0xff, 0xe1, 0xff, 0x1f, 0x00, 0x00, 0x00, 0xd0, 0xff, 
	0xff, 0x1f, 0x00, 0x00, 0x00, 0xfa, 0xff, 0xff, 0xcc, 0xfb, 0x3f, 0x00, 0x00, 0x00, 0xc8, 0xff, 
	0xff, 0x1f, 0x00, 0x00, 0x00, 0xff, 0xff, 0x7f, 0x8e, 0xf9, 0x3f, 0x00, 0x00, 0x00, 0xe4, 0xff, 
	0xff, 0x1f, 0x00, 0x00, 0x80, 0xff, 0xff, 0x13, 0x1f, 0xfc, 0x7f, 0x00, 0x00, 0x00, 0xf6, 0xff, 
	0xff, 0x7f, 0x00, 0x00, 0xc0, 0xff, 0xff, 0x83, 0x7f, 0xfc, 0xff, 0x00, 0x00, 0x00, 0xfb, 0xff, 
	0xff, 0xff, 0x00, 0x00, 0xc0, 0xff, 0xff, 0xff, 0xff, 0xff, 0xff, 0x03, 0x00, 0x80, 0xf8, 0xff, 
	0x3f, 0xf8, 0x03, 0x00, 0xc0, 0xff, 0xff, 0xff, 0xff, 0xff, 0xff, 0x07, 0x00, 0x60, 0xff, 0xff, 
	0xc1, 0x83, 0x07, 0x00, 0xf0, 0xff, 0xff, 0xff, 0xff, 0xff, 0xff, 0x1f, 0x10, 0xf8, 0xff, 0xff, 
	0xfc, 0x7f, 0x1e, 0x00, 0xfc, 0xff, 0xff, 0xff, 0xff, 0xff, 0xff, 0xff, 0x00, 0xff, 0x0f, 0xf8, 
	0xff, 0xff, 0xfe, 0xff, 0xff, 0xff, 0xff, 0xff, 0xff, 0xff, 0xff, 0xff, 0xff, 0xff, 0xe3, 0xc3, 
	0xfe, 0xff, 0xfe, 0xff, 0xff, 0xff, 0xff, 0xff, 0xff, 0xff, 0xff, 0xff, 0xff, 0xff, 0xfc, 0xbf, 
	0xf1, 0x0f, 0xff, 0xff, 0xff, 0xff, 0xff, 0xff, 0xff, 0xff, 0xff, 0xff, 0xff, 0xff, 0xf9, 0xcf, 
	0x07, 0xe0, 0xff, 0xff, 0xff, 0xff, 0xff, 0xff, 0xff, 0xff, 0xff, 0xff, 0xff, 0xff, 0x03, 0xe0, 
	0xff, 0xff, 0xff, 0xff, 0xff, 0xff, 0xff, 0xff, 0xff, 0xff, 0xff, 0xff, 0xff, 0xff, 0xff, 0xff, 
	0xff, 0xff, 0xff, 0xff, 0xff, 0xff, 0xff, 0xff, 0xff, 0xff, 0xff, 0xff, 0xff, 0xff, 0xff, 0xff, 
	0xff, 0xff, 0xff, 0xff, 0xff, 0xff, 0xff, 0xff, 0xff, 0xff, 0xff, 0xff, 0xff, 0xff, 0xff, 0xff
};
// 'dog0000', 128x50px
const unsigned char epd_bitmap_dog0000 [] PROGMEM = {
	0xff, 0x8f, 0xff, 0xff, 0xff, 0xff, 0xff, 0xff, 0xff, 0xff, 0xff, 0xff, 0xff, 0xff, 0xff, 0xff, 
	0xff, 0xc3, 0xff, 0xff, 0xff, 0xff, 0xff, 0xff, 0xff, 0xff, 0xff, 0xff, 0xff, 0xff, 0xc1, 0xff, 
	0xff, 0xf9, 0xff, 0xff, 0xff, 0xff, 0xff, 0xff, 0xff, 0xff, 0xff, 0xff, 0xff, 0xff, 0x07, 0xff, 
	0xff, 0xfc, 0xdf, 0xff, 0xff, 0xff, 0xff, 0xff, 0xff, 0xff, 0xff, 0xff, 0xff, 0xff, 0x3f, 0xfe, 
	0x7f, 0xfe, 0xcf, 0xff, 0xff, 0xff, 0xff, 0xff, 0xff, 0xff, 0xff, 0xff, 0xff, 0x9f, 0xff, 0xfc, 
	0x7f, 0xff, 0x67, 0x00, 0xfe, 0xff, 0xff, 0xff, 0xff, 0xff, 0xff, 0xff, 0x00, 0x38, 0xf0, 0xf9, 
	0x3f, 0xff, 0x71, 0x00, 0xfe, 0xff, 0xff, 0xff, 0xff, 0xff, 0xff, 0xff, 0x00, 0xf8, 0xc2, 0xf9, 
	0x9f, 0xff, 0x80, 0x07, 0xe0, 0xff, 0xff, 0xff, 0xff, 0xff, 0xff, 0x0f, 0x06, 0x80, 0x0f, 0xf9, 
	0x9f, 0x3f, 0xf2, 0x0f, 0xc0, 0xff, 0xff, 0xff, 0xff, 0xff, 0xff, 0xc7, 0x07, 0x00, 0x3e, 0xf9, 
	0xdf, 0x3f, 0xf8, 0x0f, 0x00, 0xff, 0xff, 0xff, 0xff, 0xff, 0xff, 0xf3, 0x03, 0x00, 0x7c, 0xf8, 
	0xcf, 0x0f, 0xfc, 0x07, 0x00, 0xfe, 0xff, 0xff, 0xff, 0xff, 0xff, 0xf8, 0x03, 0x00, 0xf8, 0xfc, 
	0xcf, 0x47, 0xff, 0x07, 0x00, 0xfc, 0xff, 0xff, 0xff, 0xff, 0x7f, 0xfc, 0x03, 0x00, 0xf0, 0xff, 
	0xcf, 0xa3, 0xff, 0x07, 0x00, 0xf8, 0xff, 0xff, 0xff, 0xff, 0x3f, 0xff, 0x03, 0x00, 0xf0, 0xff, 
	0xcf, 0xb9, 0xff, 0x07, 0x00, 0xf9, 0xff, 0xff, 0xff, 0xff, 0x1f, 0xff, 0x03, 0x00, 0xe0, 0xff, 
	0x9f, 0xec, 0xff, 0x03, 0x00, 0xf3, 0xff, 0xff, 0xff, 0xff, 0x9f, 0xff, 0x01, 0x00, 0xe0, 0xff, 
	0x3f, 0xe6, 0xff, 0x03, 0x00, 0xe6, 0xff, 0xff, 0xff, 0xff, 0xcf, 0xff, 0x01, 0x00, 0xc0, 0xff, 
	0x7f, 0xe6, 0xff, 0x03, 0x00, 0xec, 0xff, 0xff, 0xff, 0xff, 0xc7, 0xff, 0x00, 0x00, 0x40, 0xff, 
	0xff, 0xf7, 0xff, 0x03, 0x00, 0xec, 0xff, 0xff, 0xff, 0xff, 0xe7, 0xff, 0x00, 0x00, 0xc0, 0xff, 
	0xff, 0xf3, 0xff, 0x01, 0x00, 0xcc, 0xff, 0xff, 0xff, 0xff, 0xf3, 0x7f, 0x00, 0x00, 0x80, 0xfe, 
	0xff, 0xf3, 0xff, 0x01, 0x00, 0xc8, 0xff, 0xff, 0xff, 0xff, 0xf3, 0x7f, 0x00, 0x00, 0x80, 0xfe, 
	0xff, 0xfb, 0x7f, 0x00, 0x00, 0xc8, 0xff, 0xff, 0xff, 0xff, 0xf3, 0x3f, 0x00, 0x00, 0x80, 0xfe, 
	0xff, 0xfb, 0x3f, 0x00, 0x00, 0xc8, 0xff, 0xff, 0xff, 0xff, 0xf3, 0x1f, 0x00, 0x00, 0x80, 0xfe, 
	0xff, 0xfb, 0x1f, 0x00, 0x00, 0xc8, 0xff, 0xff, 0xff, 0xff, 0xf3, 0x0f, 0x00, 0x00, 0x80, 0xfe, 
	0xff, 0xfb, 0x07, 0x00, 0x00, 0x88, 0xff, 0xff, 0xff, 0xff, 0xf3, 0x03, 0x00, 0x00, 0x80, 0xfc, 
	0xff, 0x81, 0x00, 0x00, 0x00, 0x88, 0xff, 0xff, 0xff, 0xff, 0xf3, 0x01, 0x00, 0x00, 0x80, 0xfc, 
	0xff, 0x01, 0x00, 0x00, 0x00, 0xc8, 0xff, 0xff, 0x83, 0xff, 0x03, 0x00, 0x00, 0x00, 0x80, 0xfc, 
	0xff, 0x01, 0x00, 0x00, 0x00, 0xc8, 0xff, 0x1f, 0x00, 0xff, 0x07, 0x00, 0x00, 0x00, 0x80, 0xfe, 
	0xff, 0x01, 0x00, 0x00, 0x00, 0xcc, 0xff, 0x1f, 0x00, 0xff, 0x03, 0x00, 0x00, 0x00, 0x80, 0xfe, 
	0xff, 0x01, 0x00, 0x00, 0x00, 0xc4, 0xff, 0x1f, 0xc0, 0xff, 0x03, 0x00, 0x00, 0x00, 0x40, 0xfe, 
	0xff, 0x03, 0x00, 0x00, 0x00, 0xc4, 0xff, 0xff, 0xe0, 0xff, 0x03, 0x00, 0x00, 0x00, 0x40, 0xfe, 
	0xff, 0x03, 0x00, 0x00, 0x00, 0xe4, 0xff, 0xff, 0xf1, 0xff, 0x07, 0x00, 0x00, 0x00, 0x40, 0xfe, 
	0xff, 0x03, 0x00, 0x00, 0x00, 0xe4, 0xff, 0xff, 0xf3, 0xff, 0x07, 0x00, 0x00, 0x00, 0x20, 0xfe, 
	0xff, 0x03, 0x00, 0x00, 0x00, 0xe4, 0xff, 0xff, 0xf3, 0xff, 0x4f, 0x00, 0x00, 0x00, 0x20, 0xff, 
	0xff, 0x07, 0x00, 0x00, 0x00, 0xf4, 0xff, 0xff, 0xe3, 0xff, 0x0f, 0x00, 0x00, 0x00, 0x90, 0xff, 
	0xff, 0x0f, 0x00, 0x00, 0x00, 0xfa, 0xff, 0xff, 0xe1, 0xff, 0x1f, 0x00, 0x00, 0x00, 0xd0, 0xff, 
	0xff, 0x1f, 0x00, 0x00, 0x00, 0xfa, 0xff, 0xff, 0xcc, 0xfb, 0x3f, 0x00, 0x00, 0x00, 0xc8, 0xff, 
	0xff, 0x1f, 0x00, 0x00, 0x00, 0xff, 0xff, 0x7f, 0x8e, 0xf9, 0x3f, 0x00, 0x00, 0x00, 0xe4, 0xff, 
	0xff, 0x1f, 0x00, 0x00, 0x80, 0xff, 0xff, 0x13, 0x1f, 0xfc, 0x7f, 0x00, 0x00, 0x00, 0xf6, 0xff, 
	0xff, 0x7f, 0x00, 0x00, 0xc0, 0xff, 0xff, 0x83, 0x7f, 0xfc, 0xff, 0x00, 0x00, 0x00, 0xfb, 0xff, 
	0xff, 0xff, 0x00, 0x00, 0xc0, 0xff, 0xff, 0xff, 0xff, 0xff, 0xff, 0x03, 0x00, 0x80, 0xf8, 0xff, 
	0x3f, 0xf8, 0x03, 0x00, 0xc0, 0xff, 0xff, 0xff, 0xff, 0xff, 0xff, 0x07, 0x00, 0x60, 0xff, 0xff, 
	0xc1, 0x83, 0x07, 0x00, 0xf0, 0xff, 0xff, 0xff, 0xff, 0xff, 0xff, 0x1f, 0x10, 0xf8, 0xff, 0xff, 
	0xfc, 0x7f, 0x1e, 0x00, 0xfc, 0xff, 0xff, 0xff, 0xff, 0xff, 0xff, 0xff, 0x00, 0xff, 0x0f, 0xf8, 
	0xff, 0xff, 0xfe, 0xff, 0xff, 0xff, 0xff, 0xff, 0xff, 0xff, 0xff, 0xff, 0xff, 0xff, 0xe3, 0xc3, 
	0xfe, 0xff, 0xfe, 0xff, 0xff, 0xff, 0xff, 0xff, 0xff, 0xff, 0xff, 0xff, 0xff, 0xff, 0xfc, 0xbf, 
	0xf1, 0x0f, 0xff, 0xff, 0xff, 0xff, 0xff, 0xff, 0xff, 0xff, 0xff, 0xff, 0xff, 0xff, 0xf9, 0xcf, 
	0x07, 0xe0, 0xff, 0xff, 0xff, 0xff, 0xff, 0xff, 0xff, 0xff, 0xff, 0xff, 0xff, 0xff, 0x03, 0xe0, 
	0xff, 0xff, 0xff, 0xff, 0xff, 0xff, 0xff, 0xff, 0xff, 0xff, 0xff, 0xff, 0xff, 0xff, 0xff, 0xff, 
	0xff, 0xff, 0xff, 0xff, 0xff, 0xff, 0xff, 0xff, 0xff, 0xff, 0xff, 0xff, 0xff, 0xff, 0xff, 0xff, 
	0xff, 0xff, 0xff, 0xff, 0xff, 0xff, 0xff, 0xff, 0xff, 0xff, 0xff, 0xff, 0xff, 0xff, 0xff, 0xff
};
// 'dog0001', 128x50px
const unsigned char epd_bitmap_dog0001 [] PROGMEM = {
	0xff, 0x8f, 0xff, 0xff, 0xff, 0xff, 0xff, 0xff, 0xff, 0xff, 0xff, 0xff, 0xff, 0xff, 0xff, 0xff, 
	0xff, 0xc3, 0xff, 0xff, 0xff, 0xff, 0xff, 0xff, 0xff, 0xff, 0xff, 0xff, 0xff, 0xff, 0xc1, 0xff, 
	0xff, 0xf9, 0xff, 0xff, 0xff, 0xff, 0xff, 0xff, 0xff, 0xff, 0xff, 0xff, 0xff, 0xff, 0x07, 0xff, 
	0xff, 0xfc, 0xdf, 0xff, 0xff, 0xff, 0xff, 0xff, 0xff, 0xff, 0xff, 0xff, 0xff, 0xff, 0x3f, 0xfe, 
	0x7f, 0xfe, 0xcf, 0xff, 0xff, 0xff, 0xff, 0xff, 0xff, 0xff, 0xff, 0xff, 0xff, 0x9f, 0xff, 0xfc, 
	0x7f, 0xff, 0x67, 0x00, 0xfe, 0xff, 0xff, 0xff, 0xff, 0xff, 0xff, 0xff, 0x00, 0x38, 0xf0, 0xf9, 
	0x3f, 0xff, 0x71, 0x00, 0xfe, 0xff, 0xff, 0xff, 0xff, 0xff, 0xff, 0xff, 0x00, 0xf8, 0xc2, 0xf9, 
	0x9f, 0xff, 0x80, 0x07, 0xe0, 0xff, 0xff, 0xff, 0xff, 0xff, 0xff, 0x0f, 0x06, 0x80, 0x0f, 0xf9, 
	0x9f, 0x3f, 0xf2, 0x0f, 0xc0, 0xff, 0xff, 0xff, 0xff, 0xff, 0xff, 0xc7, 0x07, 0x00, 0x3e, 0xf9, 
	0xdf, 0x3f, 0xf8, 0x0f, 0x00, 0xff, 0xff, 0xff, 0xff, 0xff, 0xff, 0xf3, 0x03, 0x00, 0x7c, 0xf8, 
	0xcf, 0x0f, 0xfc, 0x07, 0x00, 0xfe, 0xff, 0xff, 0xff, 0xff, 0xff, 0xf8, 0x03, 0x00, 0xf8, 0xfc, 
	0xcf, 0x47, 0xff, 0x07, 0x00, 0xfc, 0xff, 0xff, 0xff, 0xff, 0x7f, 0xfc, 0x03, 0x00, 0xf0, 0xff, 
	0xcf, 0xa3, 0xff, 0x07, 0x00, 0xf8, 0xff, 0xff, 0xff, 0xff, 0x3f, 0xff, 0x03, 0x00, 0xf0, 0xff, 
	0xcf, 0xb9, 0xff, 0x07, 0x00, 0xf9, 0xff, 0xff, 0xff, 0xff, 0x1f, 0xff, 0x03, 0x00, 0xe0, 0xff, 
	0x9f, 0xec, 0xff, 0x03, 0x00, 0xf3, 0xff, 0xff, 0xff, 0xff, 0x9f, 0xff, 0x01, 0x00, 0xe0, 0xff, 
	0x3f, 0xe6, 0xff, 0x03, 0x00, 0xe6, 0xff, 0xff, 0xff, 0xff, 0xcf, 0xff, 0x01, 0x00, 0xc0, 0xff, 
	0x7f, 0xe6, 0xff, 0x03, 0x00, 0xec, 0xff, 0xff, 0xff, 0xff, 0xc7, 0xff, 0x00, 0x00, 0x40, 0xff, 
	0xff, 0xf7, 0xff, 0x03, 0x00, 0xec, 0xff, 0xff, 0xff, 0xff, 0xe7, 0xff, 0x00, 0x00, 0xc0, 0xff, 
	0xff, 0xf3, 0xff, 0x01, 0x00, 0xcc, 0xff, 0xff, 0xff, 0xff, 0xf3, 0x7f, 0x00, 0x00, 0x80, 0xfe, 
	0xff, 0xf3, 0xff, 0x01, 0x00, 0xc8, 0xff, 0xff, 0xff, 0xff, 0xf3, 0x7f, 0x00, 0x00, 0x80, 0xfe, 
	0xff, 0xfb, 0x7f, 0x00, 0x00, 0xc8, 0xff, 0xff, 0xff, 0xff, 0xf3, 0x3f, 0x00, 0x00, 0x80, 0xfe, 
	0xff, 0xfb, 0x3f, 0x00, 0x00, 0xc8, 0xff, 0xff, 0xff, 0xff, 0xf3, 0x1f, 0x00, 0x00, 0x80, 0xfe, 
	0xff, 0xfb, 0x1f, 0x00, 0x00, 0xc8, 0xff, 0xff, 0xff, 0xff, 0xf3, 0x0f, 0x00, 0x00, 0x80, 0xfe, 
	0xff, 0xfb, 0x07, 0x00, 0x00, 0x88, 0xff, 0xff, 0xff, 0xff, 0xf3, 0x03, 0x00, 0x00, 0x80, 0xfc, 
	0xff, 0x81, 0x00, 0x00, 0x00, 0x88, 0xff, 0xff, 0xff, 0xff, 0xf3, 0x01, 0x00, 0x00, 0x80, 0xfc, 
	0xff, 0x01, 0x00, 0x00, 0x00, 0xc8, 0xff, 0xff, 0x83, 0xff, 0x03, 0x00, 0x00, 0x00, 0x80, 0xfc, 
	0xff, 0x01, 0x00, 0x00, 0x00, 0xc8, 0xff, 0x1f, 0x00, 0xff, 0x07, 0x00, 0x00, 0x00, 0x80, 0xfe, 
	0xff, 0x01, 0x00, 0x00, 0x00, 0xcc, 0xff, 0x1f, 0x00, 0xff, 0x03, 0x00, 0x00, 0x00, 0x80, 0xfe, 
	0xff, 0x01, 0x00, 0x00, 0x00, 0xc4, 0xff, 0x1f, 0xc0, 0xff, 0x03, 0x00, 0x00, 0x00, 0x40, 0xfe, 
	0xff, 0x03, 0x00, 0x00, 0x00, 0xc4, 0xff, 0xff, 0xe0, 0xff, 0x03, 0x00, 0x00, 0x00, 0x40, 0xfe, 
	0xff, 0x03, 0x00, 0x00, 0x00, 0xe4, 0xff, 0xff, 0xf1, 0xff, 0x07, 0x00, 0x00, 0x00, 0x40, 0xfe, 
	0xff, 0x03, 0x00, 0x00, 0x00, 0xe4, 0xff, 0xff, 0xf3, 0xff, 0x07, 0x00, 0x00, 0x00, 0x20, 0xfe, 
	0xff, 0x03, 0x00, 0x00, 0x00, 0xe4, 0xff, 0xff, 0xf3, 0xff, 0x4f, 0x00, 0x00, 0x00, 0x20, 0xff, 
	0xff, 0x07, 0x00, 0x00, 0x00, 0xf4, 0xff, 0xff, 0xe3, 0xff, 0x0f, 0x00, 0x00, 0x00, 0x90, 0xff, 
	0xff, 0x0f, 0x00, 0x00, 0x00, 0xfa, 0xff, 0xff, 0xe1, 0xff, 0x1f, 0x00, 0x00, 0x00, 0xd0, 0xff, 
	0xff, 0x1f, 0x00, 0x00, 0x00, 0xfa, 0xff, 0xff, 0xcc, 0xfb, 0x3f, 0x00, 0x00, 0x00, 0xc8, 0xff, 
	0xff, 0x1f, 0x00, 0x00, 0x00, 0xff, 0xff, 0x7f, 0x8e, 0xf9, 0x3f, 0x00, 0x00, 0x00, 0xe4, 0xff, 
	0xff, 0x1f, 0x00, 0x00, 0x80, 0xff, 0xff, 0x13, 0x1f, 0xfc, 0x7f, 0x00, 0x00, 0x00, 0xf6, 0xff, 
	0xff, 0x7f, 0x00, 0x00, 0xc0, 0xff, 0xff, 0x83, 0x7f, 0xfc, 0xff, 0x00, 0x00, 0x00, 0xfb, 0xff, 
	0xff, 0xff, 0x00, 0x00, 0xc0, 0xff, 0xff, 0xff, 0xff, 0xff, 0xff, 0x03, 0x00, 0x80, 0xf8, 0xff, 
	0x3f, 0xf8, 0x03, 0x00, 0xc0, 0xff, 0xff, 0xff, 0xff, 0xff, 0xff, 0x07, 0x00, 0x60, 0xff, 0xff, 
	0xc1, 0x83, 0x07, 0x00, 0xf0, 0xff, 0xff, 0xff, 0xff, 0xff, 0xff, 0x1f, 0x10, 0xf8, 0xff, 0xff, 
	0xfc, 0x7f, 0x1e, 0x00, 0xfc, 0xff, 0xff, 0xff, 0xff, 0xff, 0xff, 0xff, 0x00, 0xff, 0x0f, 0xf8, 
	0xff, 0xff, 0xfe, 0xff, 0xff, 0xff, 0xff, 0xff, 0xff, 0xff, 0xff, 0xff, 0xff, 0xff, 0xe3, 0xc3, 
	0xfe, 0xff, 0xfe, 0xff, 0xff, 0xff, 0xff, 0xff, 0xff, 0xff, 0xff, 0xff, 0xff, 0xff, 0xfc, 0xbf, 
	0xf1, 0x0f, 0xff, 0xff, 0xff, 0xff, 0xff, 0xff, 0xff, 0xff, 0xff, 0xff, 0xff, 0xff, 0xf9, 0xcf, 
	0x07, 0xe0, 0xff, 0xff, 0xff, 0xff, 0xff, 0xff, 0xff, 0xff, 0xff, 0xff, 0xff, 0xff, 0x03, 0xe0, 
	0xff, 0xff, 0xff, 0xff, 0xff, 0xff, 0xff, 0xff, 0xff, 0xff, 0xff, 0xff, 0xff, 0xff, 0xff, 0xff, 
	0xff, 0xff, 0xff, 0xff, 0xff, 0xff, 0xff, 0xff, 0xff, 0xff, 0xff, 0xff, 0xff, 0xff, 0xff, 0xff, 
	0xff, 0xff, 0xff, 0xff, 0xff, 0xff, 0xff, 0xff, 0xff, 0xff, 0xff, 0xff, 0xff, 0xff, 0xff, 0xff
};
// 'dog0004', 128x50px
const unsigned char epd_bitmap_dog0004 [] PROGMEM = {
	0xff, 0xff, 0xff, 0xff, 0xff, 0xff, 0xff, 0xff, 0xff, 0xff, 0xff, 0xff, 0xff, 0xff, 0xff, 0xff, 
	0xff, 0xff, 0xff, 0xff, 0xff, 0xff, 0xff, 0xff, 0xff, 0xff, 0xff, 0xff, 0xff, 0xcf, 0xff, 0xff, 
	0xff, 0xff, 0xff, 0xff, 0xff, 0xff, 0xff, 0xff, 0xff, 0xff, 0xff, 0xff, 0xff, 0x0f, 0xff, 0xff, 
	0xff, 0x7f, 0xfc, 0xff, 0xff, 0xff, 0xff, 0xff, 0xff, 0xff, 0xff, 0xff, 0xff, 0x3f, 0xe0, 0xff, 
	0xff, 0x0f, 0xfe, 0xff, 0xff, 0xff, 0xff, 0xff, 0xff, 0xff, 0xff, 0xff, 0xff, 0xff, 0xc3, 0xff, 
	0xff, 0xc7, 0xff, 0xff, 0xff, 0xff, 0xff, 0xff, 0xff, 0xff, 0xff, 0xff, 0xff, 0xff, 0x9f, 0xff, 
	0xff, 0xf3, 0xff, 0xff, 0xff, 0xff, 0xff, 0xff, 0xff, 0xff, 0xff, 0xff, 0xff, 0xff, 0x3f, 0xff, 
	0xff, 0xf9, 0xff, 0xff, 0xff, 0xff, 0xff, 0xff, 0xff, 0xff, 0xff, 0xff, 0xff, 0xcf, 0x3f, 0xff, 
	0xff, 0xf9, 0xef, 0xff, 0xff, 0xff, 0xff, 0xff, 0xff, 0xff, 0xff, 0xff, 0xff, 0x0f, 0x7e, 0xfe, 
	0xff, 0xfc, 0xc3, 0xff, 0xff, 0xff, 0xff, 0xff, 0xff, 0xff, 0xff, 0xff, 0xff, 0x7f, 0xfc, 0xfe, 
	0xff, 0xfc, 0xd8, 0xff, 0xff, 0xff, 0xff, 0xff, 0xff, 0xff, 0xff, 0xff, 0xff, 0xff, 0xf9, 0xfc, 
	0xff, 0x7c, 0xfc, 0xff, 0xff, 0xff, 0xff, 0xff, 0xff, 0xff, 0xff, 0x03, 0xfc, 0xff, 0xf3, 0xfc, 
	0xff, 0x01, 0xff, 0xff, 0xe7, 0xff, 0xff, 0xff, 0xff, 0xff, 0xff, 0x0f, 0x80, 0xff, 0x07, 0xfe, 
	0xff, 0xc7, 0xff, 0x7f, 0xe0, 0xff, 0xff, 0xff, 0xff, 0xff, 0xff, 0xff, 0x1f, 0xfe, 0x9f, 0xff, 
	0xff, 0xff, 0xff, 0x0f, 0xfc, 0xff, 0xff, 0xff, 0xff, 0xff, 0xff, 0xff, 0xff, 0xff, 0xff, 0xff, 
	0xff, 0xff, 0x7f, 0xc0, 0xff, 0xff, 0xff, 0xff, 0xff, 0xff, 0xff, 0xff, 0xff, 0xff, 0xff, 0xff, 
	0xff, 0xff, 0x7f, 0xfe, 0xff, 0xff, 0xff, 0xff, 0xff, 0xff, 0xff, 0xff, 0xff, 0xff, 0xff, 0xff, 
	0xff, 0xff, 0xff, 0xff, 0xff, 0xff, 0xff, 0xff, 0xff, 0xff, 0xff, 0xff, 0xff, 0xff, 0xff, 0xff, 
	0xff, 0xff, 0xff, 0xff, 0xff, 0xff, 0xff, 0xff, 0xff, 0xff, 0xff, 0xff, 0xff, 0xff, 0xff, 0xff, 
	0xff, 0xff, 0xff, 0xff, 0xff, 0xff, 0xff, 0xff, 0xff, 0xff, 0xff, 0xff, 0xff, 0xff, 0xff, 0xff, 
	0xff, 0xff, 0xff, 0xff, 0xff, 0xff, 0xff, 0xff, 0xff, 0xff, 0xff, 0xff, 0xff, 0xff, 0xff, 0xff, 
	0xff, 0xff, 0xff, 0xff, 0xff, 0xff, 0xff, 0xff, 0xff, 0xff, 0xff, 0xff, 0xff, 0xff, 0x9f, 0xff, 
	0xff, 0xff, 0xff, 0xff, 0xff, 0xff, 0xff, 0xff, 0xff, 0xff, 0xff, 0xff, 0xff, 0xff, 0x0f, 0xff, 
	0xff, 0xf9, 0xff, 0xff, 0xff, 0xff, 0xff, 0xff, 0xff, 0xff, 0xff, 0xff, 0xff, 0xff, 0x0f, 0xff, 
	0xff, 0xf0, 0xff, 0xff, 0xff, 0xff, 0xff, 0x7f, 0xe0, 0xff, 0xff, 0xff, 0xff, 0xff, 0x87, 0xff, 
	0xff, 0xe1, 0xff, 0xff, 0xff, 0xff, 0xff, 0x3f, 0x80, 0xff, 0xff, 0xff, 0xff, 0xff, 0x83, 0xff, 
	0xff, 0x81, 0xff, 0xff, 0xff, 0xff, 0xff, 0x1f, 0x80, 0xff, 0x03, 0x00, 0xfe, 0x07, 0xc0, 0xff, 
	0xff, 0x03, 0xfe, 0xff, 0xff, 0xe7, 0xff, 0x1f, 0x80, 0xff, 0x03, 0x00, 0x00, 0x00, 0xe0, 0xff, 
	0xff, 0x07, 0xe0, 0xff, 0xff, 0xe0, 0xff, 0x1f, 0x80, 0xff, 0x07, 0x00, 0x00, 0x00, 0xf0, 0xff, 
	0xff, 0x1f, 0x00, 0x00, 0x00, 0xe0, 0xff, 0x7f, 0xf0, 0xff, 0xff, 0x07, 0x00, 0x00, 0xfe, 0xff, 
	0xff, 0x7f, 0x00, 0x00, 0x00, 0xf0, 0xff, 0xff, 0xf9, 0xff, 0xff, 0xff, 0xff, 0xff, 0xff, 0xff, 
	0xff, 0xff, 0x03, 0x00, 0x00, 0xfc, 0xff, 0xff, 0xf9, 0xff, 0xff, 0xff, 0xff, 0xff, 0xff, 0xff, 
	0xff, 0xff, 0xff, 0xff, 0xff, 0xff, 0xff, 0xff, 0xf9, 0xff, 0xff, 0xff, 0xff, 0xff, 0xff, 0xff, 
	0xff, 0xff, 0xff, 0xff, 0xff, 0xff, 0xff, 0xff, 0xf1, 0xff, 0xff, 0xff, 0xff, 0xff, 0xff, 0xff, 
	0xff, 0xff, 0xff, 0xff, 0xff, 0xff, 0xff, 0xfb, 0xe1, 0xf3, 0xff, 0xff, 0xff, 0xff, 0xff, 0xff, 
	0xff, 0xff, 0xff, 0xff, 0xff, 0xff, 0xff, 0xe1, 0xc4, 0xe1, 0xff, 0xff, 0xff, 0xff, 0xff, 0xff, 
	0xff, 0xff, 0xff, 0xff, 0xff, 0xff, 0xff, 0x01, 0x0c, 0xe0, 0xff, 0xff, 0xff, 0xff, 0xff, 0xff, 
	0xff, 0xff, 0xff, 0xff, 0xff, 0xff, 0xff, 0x03, 0x0e, 0xf8, 0xff, 0xff, 0xff, 0x07, 0xf0, 0xff, 
	0xff, 0xff, 0xff, 0xff, 0xff, 0xff, 0xff, 0x07, 0x7f, 0xfe, 0xff, 0xff, 0xff, 0x80, 0x00, 0xff, 
	0xff, 0xff, 0xff, 0xff, 0xff, 0xff, 0xff, 0x8f, 0xff, 0xff, 0xff, 0xff, 0x7f, 0xfe, 0x3f, 0xfe, 
	0xff, 0xff, 0xff, 0xff, 0xff, 0xff, 0xff, 0xff, 0xff, 0xff, 0xff, 0xff, 0x3f, 0xff, 0xff, 0xfe, 
	0xff, 0x00, 0xf8, 0xff, 0xff, 0xff, 0xff, 0xff, 0xff, 0xff, 0xff, 0xff, 0x3f, 0xff, 0x7f, 0xfe, 
	0x1f, 0x20, 0xc0, 0xff, 0xff, 0xff, 0xff, 0xff, 0xff, 0xff, 0xff, 0xff, 0x7f, 0xe0, 0x03, 0xff, 
	0x8f, 0xff, 0x9f, 0xff, 0xff, 0xff, 0xff, 0xff, 0xff, 0xff, 0xff, 0xff, 0xff, 0x01, 0xc0, 0xff, 
	0xcf, 0xff, 0x9f, 0xff, 0xff, 0xff, 0xff, 0xff, 0xff, 0xff, 0xff, 0xff, 0xff, 0xff, 0xff, 0xff, 
	0x1f, 0xfc, 0x81, 0xff, 0xff, 0xff, 0xff, 0xff, 0xff, 0xff, 0xff, 0xff, 0xff, 0xff, 0xff, 0xff, 
	0x3f, 0x00, 0xe0, 0xff, 0xff, 0xff, 0xff, 0xff, 0xff, 0xff, 0xff, 0xff, 0xff, 0xff, 0xff, 0xff, 
	0xff, 0xff, 0xff, 0xff, 0xff, 0xff, 0xff, 0xff, 0xff, 0xff, 0xff, 0xff, 0xff, 0xff, 0xff, 0xff, 
	0xff, 0xff, 0xff, 0xff, 0xff, 0xff, 0xff, 0xff, 0xff, 0xff, 0xff, 0xff, 0xff, 0xff, 0xff, 0xff, 
	0xff, 0xff, 0xff, 0xff, 0xff, 0xff, 0xff, 0xff, 0xff, 0xff, 0xff, 0xff, 0xff, 0xff, 0xff, 0xff
};
// 'dog0005', 128x50px
const unsigned char epd_bitmap_dog0005 [] PROGMEM = {
	0xff, 0xff, 0xff, 0xff, 0xff, 0xff, 0xff, 0xff, 0xff, 0xff, 0xff, 0xff, 0xff, 0xff, 0xff, 0xff, 
	0xff, 0xff, 0xff, 0xff, 0xff, 0xff, 0xff, 0xff, 0xff, 0xff, 0xff, 0xff, 0xff, 0xcf, 0xff, 0xff, 
	0xff, 0xff, 0xff, 0xff, 0xff, 0xff, 0xff, 0xff, 0xff, 0xff, 0xff, 0xff, 0xff, 0x0f, 0xff, 0xff, 
	0xff, 0x7f, 0xfc, 0xff, 0xff, 0xff, 0xff, 0xff, 0xff, 0xff, 0xff, 0xff, 0xff, 0x3f, 0xe0, 0xff, 
	0xff, 0x0f, 0xfe, 0xff, 0xff, 0xff, 0xff, 0xff, 0xff, 0xff, 0xff, 0xff, 0xff, 0xff, 0xc3, 0xff, 
	0xff, 0xc7, 0xff, 0xff, 0xff, 0xff, 0xff, 0xff, 0xff, 0xff, 0xff, 0xff, 0xff, 0xff, 0x9f, 0xff, 
	0xff, 0xf3, 0xff, 0xff, 0xff, 0xff, 0xff, 0xff, 0xff, 0xff, 0xff, 0xff, 0xff, 0xff, 0x3f, 0xff, 
	0xff, 0xf9, 0xff, 0xff, 0xff, 0xff, 0xff, 0xff, 0xff, 0xff, 0xff, 0xff, 0xff, 0xcf, 0x3f, 0xff, 
	0xff, 0xf9, 0xef, 0xff, 0xff, 0xff, 0xff, 0xff, 0xff, 0xff, 0xff, 0xff, 0xff, 0x0f, 0x7e, 0xfe, 
	0xff, 0xfc, 0xc3, 0xff, 0xff, 0xff, 0xff, 0xff, 0xff, 0xff, 0xff, 0xff, 0xff, 0x7f, 0xfc, 0xfe, 
	0xff, 0xfc, 0xd8, 0xff, 0xff, 0xff, 0xff, 0xff, 0xff, 0xff, 0xff, 0xff, 0xff, 0xff, 0xf9, 0xfc, 
	0xff, 0x7c, 0xfc, 0xff, 0xff, 0xff, 0xff, 0xff, 0xff, 0xff, 0xff, 0x03, 0xfc, 0xff, 0xf3, 0xfc, 
	0xff, 0x01, 0xff, 0xff, 0xe7, 0xff, 0xff, 0xff, 0xff, 0xff, 0xff, 0x0f, 0x80, 0xff, 0x07, 0xfe, 
	0xff, 0xc7, 0xff, 0x7f, 0xe0, 0xff, 0xff, 0xff, 0xff, 0xff, 0xff, 0xff, 0x1f, 0xfe, 0x9f, 0xff, 
	0xff, 0xff, 0xff, 0x0f, 0xfc, 0xff, 0xff, 0xff, 0xff, 0xff, 0xff, 0xff, 0xff, 0xff, 0xff, 0xff, 
	0xff, 0xff, 0x7f, 0xc0, 0xff, 0xff, 0xff, 0xff, 0xff, 0xff, 0xff, 0xff, 0xff, 0xff, 0xff, 0xff, 
	0xff, 0xff, 0x7f, 0xfe, 0xff, 0xff, 0xff, 0xff, 0xff, 0xff, 0xff, 0xff, 0xff, 0xff, 0xff, 0xff, 
	0xff, 0xff, 0xff, 0xff, 0xff, 0xff, 0xff, 0xff, 0xff, 0xff, 0xff, 0xff, 0xff, 0xff, 0xff, 0xff, 
	0xff, 0xff, 0xff, 0xff, 0xff, 0xff, 0xff, 0xff, 0xff, 0xff, 0xff, 0xff, 0xff, 0xff, 0xff, 0xff, 
	0xff, 0xff, 0xff, 0xff, 0xff, 0xff, 0xff, 0xff, 0xff, 0xff, 0xff, 0xff, 0xff, 0xff, 0xff, 0xff, 
	0xff, 0xff, 0xff, 0xff, 0xff, 0xff, 0xff, 0xff, 0xff, 0xff, 0xff, 0xff, 0xff, 0xff, 0xff, 0xff, 
	0xff, 0xff, 0xff, 0xff, 0xff, 0xff, 0xff, 0xff, 0xff, 0xff, 0xff, 0xff, 0xff, 0xff, 0x9f, 0xff, 
	0xff, 0xff, 0xff, 0xff, 0xff, 0xff, 0xff, 0xff, 0xff, 0xff, 0xff, 0xff, 0xff, 0xff, 0x0f, 0xff, 
	0xff, 0xf9, 0xff, 0xff, 0xff, 0xff, 0xff, 0xff, 0xff, 0xff, 0xff, 0xff, 0xff, 0xff, 0x0f, 0xff, 
	0xff, 0xf0, 0xff, 0xff, 0xff, 0xff, 0xff, 0x7f, 0xe0, 0xff, 0xff, 0xff, 0xff, 0xff, 0x87, 0xff, 
	0xff, 0xe1, 0xff, 0xff, 0xff, 0xff, 0xff, 0x3f, 0x80, 0xff, 0xff, 0xff, 0xff, 0xff, 0x83, 0xff, 
	0xff, 0x81, 0xff, 0xff, 0xff, 0xff, 0xff, 0x1f, 0x80, 0xff, 0x03, 0x00, 0xfe, 0x07, 0xc0, 0xff, 
	0xff, 0x03, 0xfe, 0xff, 0xff, 0xe7, 0xff, 0x1f, 0x80, 0xff, 0x03, 0x00, 0x00, 0x00, 0xe0, 0xff, 
	0xff, 0x07, 0xe0, 0xff, 0xff, 0xe0, 0xff, 0x1f, 0x80, 0xff, 0x07, 0x00, 0x00, 0x00, 0xf0, 0xff, 
	0xff, 0x1f, 0x00, 0x00, 0x00, 0xe0, 0xff, 0x7f, 0xf0, 0xff, 0xff, 0x07, 0x00, 0x00, 0xfe, 0xff, 
	0xff, 0x7f, 0x00, 0x00, 0x00, 0xf0, 0xff, 0xff, 0xf9, 0xff, 0xff, 0xff, 0xff, 0xff, 0xff, 0xff, 
	0xff, 0xff, 0x03, 0x00, 0x00, 0xfc, 0xff, 0xff, 0xf9, 0xff, 0xff, 0xff, 0xff, 0xff, 0xff, 0xff, 
	0xff, 0xff, 0xff, 0xff, 0xff, 0xff, 0xff, 0xff, 0xf9, 0xff, 0xff, 0xff, 0xff, 0xff, 0xff, 0xff, 
	0xff, 0xff, 0xff, 0xff, 0xff, 0xff, 0xff, 0xff, 0xf1, 0xff, 0xff, 0xff, 0xff, 0xff, 0xff, 0xff, 
	0xff, 0xff, 0xff, 0xff, 0xff, 0xff, 0xff, 0xfb, 0xe1, 0xf3, 0xff, 0xff, 0xff, 0xff, 0xff, 0xff, 
	0xff, 0xff, 0xff, 0xff, 0xff, 0xff, 0xff, 0xe1, 0xc4, 0xe1, 0xff, 0xff, 0xff, 0xff, 0xff, 0xff, 
	0xff, 0xff, 0xff, 0xff, 0xff, 0xff, 0xff, 0x01, 0x0c, 0xe0, 0xff, 0xff, 0xff, 0xff, 0xff, 0xff, 
	0xff, 0xff, 0xff, 0xff, 0xff, 0xff, 0xff, 0x03, 0x0e, 0xf8, 0xff, 0xff, 0xff, 0x07, 0xf0, 0xff, 
	0xff, 0xff, 0xff, 0xff, 0xff, 0xff, 0xff, 0x07, 0x7f, 0xfe, 0xff, 0xff, 0xff, 0x80, 0x00, 0xff, 
	0xff, 0xff, 0xff, 0xff, 0xff, 0xff, 0xff, 0x8f, 0xff, 0xff, 0xff, 0xff, 0x7f, 0xfe, 0x3f, 0xfe, 
	0xff, 0xff, 0xff, 0xff, 0xff, 0xff, 0xff, 0xff, 0xff, 0xff, 0xff, 0xff, 0x3f, 0xff, 0xff, 0xfe, 
	0xff, 0x00, 0xf8, 0xff, 0xff, 0xff, 0xff, 0xff, 0xff, 0xff, 0xff, 0xff, 0x3f, 0xff, 0x7f, 0xfe, 
	0x1f, 0x20, 0xc0, 0xff, 0xff, 0xff, 0xff, 0xff, 0xff, 0xff, 0xff, 0xff, 0x7f, 0xe0, 0x03, 0xff, 
	0x8f, 0xff, 0x9f, 0xff, 0xff, 0xff, 0xff, 0xff, 0xff, 0xff, 0xff, 0xff, 0xff, 0x01, 0xc0, 0xff, 
	0xcf, 0xff, 0x9f, 0xff, 0xff, 0xff, 0xff, 0xff, 0xff, 0xff, 0xff, 0xff, 0xff, 0xff, 0xff, 0xff, 
	0x1f, 0xfc, 0x81, 0xff, 0xff, 0xff, 0xff, 0xff, 0xff, 0xff, 0xff, 0xff, 0xff, 0xff, 0xff, 0xff, 
	0x3f, 0x00, 0xe0, 0xff, 0xff, 0xff, 0xff, 0xff, 0xff, 0xff, 0xff, 0xff, 0xff, 0xff, 0xff, 0xff, 
	0xff, 0xff, 0xff, 0xff, 0xff, 0xff, 0xff, 0xff, 0xff, 0xff, 0xff, 0xff, 0xff, 0xff, 0xff, 0xff, 
	0xff, 0xff, 0xff, 0xff, 0xff, 0xff, 0xff, 0xff, 0xff, 0xff, 0xff, 0xff, 0xff, 0xff, 0xff, 0xff, 
	0xff, 0xff, 0xff, 0xff, 0xff, 0xff, 0xff, 0xff, 0xff, 0xff, 0xff, 0xff, 0xff, 0xff, 0xff, 0xff
};
// 'dog0008', 128x50px
const unsigned char epd_bitmap_dog0008 [] PROGMEM = {
	0xff, 0xff, 0xff, 0xff, 0xff, 0xff, 0xff, 0xff, 0xff, 0xff, 0xff, 0xff, 0x0f, 0x00, 0xff, 0xff, 
	0xff, 0xe7, 0xff, 0xff, 0xff, 0xff, 0xff, 0xff, 0xff, 0xff, 0xff, 0xff, 0x03, 0x00, 0xfc, 0xff, 
	0xff, 0xe3, 0xff, 0xff, 0xff, 0xff, 0xff, 0xff, 0xff, 0xff, 0xff, 0xff, 0xe3, 0x3f, 0xf0, 0xff, 
	0xff, 0xf1, 0xff, 0xff, 0xff, 0xff, 0xff, 0xff, 0xff, 0xff, 0xff, 0xff, 0xff, 0xff, 0xe1, 0xff, 
	0xff, 0xf8, 0xff, 0xff, 0xff, 0xff, 0xff, 0xff, 0xff, 0xff, 0xff, 0xff, 0xff, 0xff, 0xc7, 0xff, 
	0xff, 0xf8, 0xff, 0xff, 0xff, 0xff, 0xff, 0xff, 0xff, 0xff, 0xff, 0xff, 0xff, 0xff, 0x8f, 0xff, 
	0x7f, 0xfc, 0xff, 0xff, 0xff, 0xff, 0xff, 0xff, 0xff, 0xff, 0xff, 0xff, 0xff, 0xff, 0x1f, 0xff, 
	0x7f, 0xfc, 0x3f, 0xff, 0xff, 0xff, 0xff, 0xff, 0xff, 0xff, 0xff, 0xff, 0x0f, 0xf8, 0x1f, 0xff, 
	0x7f, 0xfc, 0x07, 0xfe, 0xff, 0xff, 0xff, 0xff, 0xff, 0xff, 0xff, 0xff, 0x0f, 0xc0, 0x3f, 0xff, 
	0x7f, 0xfc, 0x00, 0xff, 0xff, 0xff, 0xff, 0xff, 0xff, 0xff, 0xff, 0xff, 0xff, 0x03, 0x1f, 0xff, 
	0x7f, 0x1c, 0xe0, 0xff, 0xff, 0xff, 0xff, 0xff, 0xff, 0xff, 0xff, 0xe3, 0xff, 0x0f, 0x00, 0xff, 
	0xff, 0x00, 0xfe, 0xff, 0xff, 0xff, 0xff, 0xff, 0xff, 0xff, 0xff, 0x03, 0xfc, 0x3f, 0x80, 0xff, 
	0xff, 0x81, 0xff, 0x1f, 0xfe, 0xff, 0xff, 0xff, 0xff, 0xff, 0xff, 0x07, 0x80, 0xff, 0xc0, 0xff, 
	0xff, 0xf1, 0xff, 0x03, 0xfe, 0xff, 0xff, 0xff, 0xff, 0xff, 0xff, 0x7f, 0x80, 0xff, 0xff, 0xff, 
	0xff, 0xff, 0x7f, 0x80, 0xff, 0xff, 0xff, 0xff, 0xff, 0xff, 0xff, 0xff, 0xff, 0xff, 0xff, 0xff, 
	0xff, 0xff, 0x3f, 0xf0, 0xff, 0xff, 0xff, 0xff, 0xff, 0xff, 0xff, 0xff, 0xff, 0xff, 0xff, 0xff, 
	0xff, 0xff, 0x7f, 0xfe, 0xff, 0xff, 0xff, 0xff, 0xff, 0xff, 0xff, 0xff, 0xff, 0xff, 0xff, 0xff, 
	0xff, 0xff, 0xff, 0xff, 0xff, 0xff, 0xff, 0xff, 0xff, 0xff, 0xff, 0xff, 0xff, 0xff, 0xff, 0xff, 
	0xff, 0xff, 0xff, 0xff, 0xff, 0xff, 0xff, 0xff, 0xff, 0xff, 0xff, 0xff, 0xff, 0xff, 0xff, 0xff, 
	0xff, 0xff, 0xff, 0xff, 0xff, 0xff, 0xff, 0xff, 0xff, 0xff, 0xff, 0xff, 0xff, 0xff, 0xff, 0xff, 
	0xff, 0xff, 0xff, 0xff, 0xff, 0xff, 0xff, 0xff, 0xff, 0xff, 0xff, 0xff, 0xff, 0xff, 0xff, 0xff, 
	0xff, 0xff, 0xff, 0xff, 0xff, 0xff, 0xff, 0xff, 0xff, 0xff, 0xff, 0xff, 0xff, 0xff, 0xff, 0xff, 
	0xff, 0xff, 0xff, 0xff, 0xff, 0xff, 0xff, 0xff, 0xff, 0xff, 0xff, 0x1f, 0x00, 0x00, 0xfe, 0xff, 
	0xff, 0xff, 0x03, 0xf8, 0x1f, 0xf8, 0xff, 0xff, 0xff, 0xff, 0x01, 0x00, 0x00, 0x00, 0xc0, 0xff, 
	0xff, 0x7f, 0x00, 0x00, 0x00, 0xf8, 0xff, 0x7f, 0x00, 0xfe, 0x01, 0x00, 0x00, 0x00, 0xc0, 0xff, 
	0xff, 0x07, 0x00, 0x00, 0x00, 0xe0, 0xff, 0x1f, 0x00, 0xfe, 0x01, 0x00, 0x00, 0x00, 0x80, 0xff, 
	0xff, 0x03, 0x00, 0x00, 0x00, 0xc0, 0xff, 0x0f, 0x00, 0xfc, 0x03, 0x00, 0x00, 0x00, 0x00, 0xff, 
	0xff, 0x03, 0x00, 0x00, 0x00, 0x80, 0xff, 0x0f, 0x00, 0xfe, 0x03, 0x00, 0x00, 0x00, 0x80, 0xff, 
	0xff, 0x03, 0x00, 0x00, 0x00, 0x80, 0xff, 0x0f, 0x00, 0xfe, 0x07, 0x00, 0x00, 0x00, 0xc0, 0xff, 
	0xff, 0x03, 0x00, 0x00, 0x00, 0x80, 0xff, 0x1f, 0x00, 0xfe, 0x3f, 0x00, 0x00, 0x00, 0xf0, 0xff, 
	0xff, 0x03, 0x00, 0x00, 0x00, 0xc0, 0xff, 0x7f, 0xa0, 0xff, 0xff, 0x7f, 0x00, 0xfc, 0xff, 0xff, 
	0xff, 0x0f, 0x00, 0x00, 0x00, 0xe0, 0xff, 0xff, 0xe1, 0xff, 0xff, 0xff, 0xff, 0xff, 0xff, 0xff, 
	0xff, 0x3f, 0x00, 0x00, 0x00, 0xfc, 0xff, 0xff, 0xc1, 0xff, 0xff, 0xff, 0xff, 0xff, 0xff, 0xff, 
	0xff, 0xff, 0xff, 0x00, 0xfe, 0xff, 0xff, 0xff, 0x08, 0xff, 0xff, 0xff, 0xff, 0xff, 0xff, 0xff, 
	0xff, 0xff, 0xff, 0xff, 0xff, 0xff, 0xff, 0x63, 0x1c, 0xf0, 0xff, 0xff, 0xff, 0xff, 0xff, 0xff, 
	0xff, 0xff, 0xff, 0xff, 0xff, 0xff, 0xff, 0x03, 0x7c, 0xe0, 0xff, 0xff, 0xff, 0xff, 0xff, 0xff, 
	0xff, 0xff, 0xff, 0xff, 0xff, 0xff, 0xff, 0x0f, 0xff, 0xf1, 0xff, 0xff, 0xff, 0xff, 0xff, 0xff, 
	0xff, 0xff, 0xff, 0xff, 0xff, 0xff, 0xff, 0xff, 0xff, 0xff, 0xff, 0xff, 0xff, 0xff, 0xff, 0xff, 
	0xff, 0xff, 0xff, 0xff, 0xff, 0xff, 0xff, 0xff, 0xff, 0xff, 0xff, 0xff, 0xff, 0xff, 0xff, 0xff, 
	0xff, 0xff, 0xef, 0xff, 0xff, 0xff, 0xff, 0xff, 0xff, 0xff, 0xff, 0xff, 0xff, 0xff, 0xff, 0xff, 
	0xff, 0x01, 0x00, 0x00, 0xff, 0xff, 0xff, 0xff, 0xff, 0xff, 0xff, 0xff, 0x0f, 0x00, 0xf8, 0xff, 
	0x7f, 0x00, 0x00, 0x00, 0xfc, 0xff, 0xff, 0xff, 0xff, 0xff, 0xff, 0xff, 0x03, 0x00, 0xe0, 0xff, 
	0x3f, 0xf0, 0xff, 0x1f, 0xf8, 0xff, 0xff, 0xff, 0xff, 0xff, 0xff, 0xff, 0x81, 0xff, 0xc1, 0xff, 
	0x3f, 0xfc, 0xff, 0x7f, 0xf0, 0xff, 0xff, 0xff, 0xff, 0xff, 0xff, 0xff, 0xf1, 0xff, 0x8f, 0xff, 
	0x3f, 0x00, 0x00, 0x00, 0xf8, 0xff, 0xff, 0xff, 0xff, 0xff, 0xff, 0xff, 0xe1, 0xff, 0x83, 0xff, 
	0xff, 0x00, 0x00, 0x00, 0xfe, 0xff, 0xff, 0xff, 0xff, 0xff, 0xff, 0xff, 0x03, 0x00, 0xc0, 0xff, 
	0xff, 0xff, 0x00, 0xfc, 0xff, 0xff, 0xff, 0xff, 0xff, 0xff, 0xff, 0xff, 0x07, 0x00, 0xf0, 0xff, 
	0xff, 0xff, 0xff, 0xff, 0xff, 0xff, 0xff, 0xff, 0xff, 0xff, 0xff, 0xff, 0xff, 0x81, 0xff, 0xff, 
	0xff, 0xff, 0xff, 0xff, 0xff, 0xff, 0xff, 0xff, 0xff, 0xff, 0xff, 0xff, 0xff, 0xff, 0xff, 0xff, 
	0xff, 0xff, 0xff, 0xff, 0xff, 0xff, 0xff, 0xff, 0xff, 0xff, 0xff, 0xff, 0xff, 0xff, 0xff, 0xff
};
// 'dog0006', 128x50px
const unsigned char epd_bitmap_dog0006 [] PROGMEM = {
	0xff, 0xff, 0xff, 0xff, 0xff, 0xff, 0xff, 0xff, 0xff, 0xff, 0xff, 0xff, 0x0f, 0x00, 0xff, 0xff, 
	0xff, 0xe7, 0xff, 0xff, 0xff, 0xff, 0xff, 0xff, 0xff, 0xff, 0xff, 0xff, 0x03, 0x00, 0xfc, 0xff, 
	0xff, 0xe3, 0xff, 0xff, 0xff, 0xff, 0xff, 0xff, 0xff, 0xff, 0xff, 0xff, 0xe3, 0x3f, 0xf0, 0xff, 
	0xff, 0xf1, 0xff, 0xff, 0xff, 0xff, 0xff, 0xff, 0xff, 0xff, 0xff, 0xff, 0xff, 0xff, 0xe1, 0xff, 
	0xff, 0xf8, 0xff, 0xff, 0xff, 0xff, 0xff, 0xff, 0xff, 0xff, 0xff, 0xff, 0xff, 0xff, 0xc7, 0xff, 
	0xff, 0xf8, 0xff, 0xff, 0xff, 0xff, 0xff, 0xff, 0xff, 0xff, 0xff, 0xff, 0xff, 0xff, 0x8f, 0xff, 
	0x7f, 0xfc, 0xff, 0xff, 0xff, 0xff, 0xff, 0xff, 0xff, 0xff, 0xff, 0xff, 0xff, 0xff, 0x1f, 0xff, 
	0x7f, 0xfc, 0x3f, 0xff, 0xff, 0xff, 0xff, 0xff, 0xff, 0xff, 0xff, 0xff, 0x0f, 0xf8, 0x1f, 0xff, 
	0x7f, 0xfc, 0x07, 0xfe, 0xff, 0xff, 0xff, 0xff, 0xff, 0xff, 0xff, 0xff, 0x0f, 0xc0, 0x3f, 0xff, 
	0x7f, 0xfc, 0x00, 0xff, 0xff, 0xff, 0xff, 0xff, 0xff, 0xff, 0xff, 0xff, 0xff, 0x03, 0x1f, 0xff, 
	0x7f, 0x1c, 0xe0, 0xff, 0xff, 0xff, 0xff, 0xff, 0xff, 0xff, 0xff, 0xe3, 0xff, 0x0f, 0x00, 0xff, 
	0xff, 0x00, 0xfe, 0xff, 0xff, 0xff, 0xff, 0xff, 0xff, 0xff, 0xff, 0x03, 0xfc, 0x3f, 0x80, 0xff, 
	0xff, 0x81, 0xff, 0x1f, 0xfe, 0xff, 0xff, 0xff, 0xff, 0xff, 0xff, 0x07, 0x80, 0xff, 0xc0, 0xff, 
	0xff, 0xf1, 0xff, 0x03, 0xfe, 0xff, 0xff, 0xff, 0xff, 0xff, 0xff, 0x7f, 0x80, 0xff, 0xff, 0xff, 
	0xff, 0xff, 0x7f, 0x80, 0xff, 0xff, 0xff, 0xff, 0xff, 0xff, 0xff, 0xff, 0xff, 0xff, 0xff, 0xff, 
	0xff, 0xff, 0x3f, 0xf0, 0xff, 0xff, 0xff, 0xff, 0xff, 0xff, 0xff, 0xff, 0xff, 0xff, 0xff, 0xff, 
	0xff, 0xff, 0x7f, 0xfe, 0xff, 0xff, 0xff, 0xff, 0xff, 0xff, 0xff, 0xff, 0xff, 0xff, 0xff, 0xff, 
	0xff, 0xff, 0xff, 0xff, 0xff, 0xff, 0xff, 0xff, 0xff, 0xff, 0xff, 0xff, 0xff, 0xff, 0xff, 0xff, 
	0xff, 0xff, 0xff, 0xff, 0xff, 0xff, 0xff, 0xff, 0xff, 0xff, 0xff, 0xff, 0xff, 0xff, 0xff, 0xff, 
	0xff, 0xff, 0xff, 0xff, 0xff, 0xff, 0xff, 0xff, 0xff, 0xff, 0xff, 0xff, 0xff, 0xff, 0xff, 0xff, 
	0xff, 0xff, 0xff, 0xff, 0xff, 0xff, 0xff, 0xff, 0xff, 0xff, 0xff, 0xff, 0xff, 0xff, 0xff, 0xff, 
	0xff, 0xff, 0xff, 0xff, 0xff, 0xff, 0xff, 0xff, 0xff, 0xff, 0xff, 0xff, 0xff, 0xff, 0xff, 0xff, 
	0xff, 0xff, 0xff, 0xff, 0xff, 0xff, 0xff, 0xff, 0xff, 0xff, 0xff, 0x1f, 0x00, 0x00, 0xfe, 0xff, 
	0xff, 0xff, 0x03, 0xf8, 0x1f, 0xf8, 0xff, 0xff, 0xff, 0xff, 0x01, 0x00, 0x00, 0x00, 0xc0, 0xff, 
	0xff, 0x7f, 0x00, 0x00, 0x00, 0xf8, 0xff, 0x7f, 0x00, 0xfe, 0x01, 0x00, 0x00, 0x00, 0xc0, 0xff, 
	0xff, 0x07, 0x00, 0x00, 0x00, 0xe0, 0xff, 0x1f, 0x00, 0xfe, 0x01, 0x00, 0x00, 0x00, 0x80, 0xff, 
	0xff, 0x03, 0x00, 0x00, 0x00, 0xc0, 0xff, 0x0f, 0x00, 0xfc, 0x03, 0x00, 0x00, 0x00, 0x00, 0xff, 
	0xff, 0x03, 0x00, 0x00, 0x00, 0x80, 0xff, 0x0f, 0x00, 0xfe, 0x03, 0x00, 0x00, 0x00, 0x80, 0xff, 
	0xff, 0x03, 0x00, 0x00, 0x00, 0x80, 0xff, 0x0f, 0x00, 0xfe, 0x07, 0x00, 0x00, 0x00, 0xc0, 0xff, 
	0xff, 0x03, 0x00, 0x00, 0x00, 0x80, 0xff, 0x1f, 0x00, 0xfe, 0x3f, 0x00, 0x00, 0x00, 0xf0, 0xff, 
	0xff, 0x03, 0x00, 0x00, 0x00, 0xc0, 0xff, 0x7f, 0xa0, 0xff, 0xff, 0x7f, 0x00, 0xfc, 0xff, 0xff, 
	0xff, 0x0f, 0x00, 0x00, 0x00, 0xe0, 0xff, 0xff, 0xe1, 0xff, 0xff, 0xff, 0xff, 0xff, 0xff, 0xff, 
	0xff, 0x3f, 0x00, 0x00, 0x00, 0xfc, 0xff, 0xff, 0xc1, 0xff, 0xff, 0xff, 0xff, 0xff, 0xff, 0xff, 
	0xff, 0xff, 0xff, 0x00, 0xfe, 0xff, 0xff, 0xff, 0x08, 0xff, 0xff, 0xff, 0xff, 0xff, 0xff, 0xff, 
	0xff, 0xff, 0xff, 0xff, 0xff, 0xff, 0xff, 0x63, 0x1c, 0xf0, 0xff, 0xff, 0xff, 0xff, 0xff, 0xff, 
	0xff, 0xff, 0xff, 0xff, 0xff, 0xff, 0xff, 0x03, 0x7c, 0xe0, 0xff, 0xff, 0xff, 0xff, 0xff, 0xff, 
	0xff, 0xff, 0xff, 0xff, 0xff, 0xff, 0xff, 0x0f, 0xff, 0xf1, 0xff, 0xff, 0xff, 0xff, 0xff, 0xff, 
	0xff, 0xff, 0xff, 0xff, 0xff, 0xff, 0xff, 0xff, 0xff, 0xff, 0xff, 0xff, 0xff, 0xff, 0xff, 0xff, 
	0xff, 0xff, 0xff, 0xff, 0xff, 0xff, 0xff, 0xff, 0xff, 0xff, 0xff, 0xff, 0xff, 0xff, 0xff, 0xff, 
	0xff, 0xff, 0xef, 0xff, 0xff, 0xff, 0xff, 0xff, 0xff, 0xff, 0xff, 0xff, 0xff, 0xff, 0xff, 0xff, 
	0xff, 0x01, 0x00, 0x00, 0xff, 0xff, 0xff, 0xff, 0xff, 0xff, 0xff, 0xff, 0x0f, 0x00, 0xf8, 0xff, 
	0x7f, 0x00, 0x00, 0x00, 0xfc, 0xff, 0xff, 0xff, 0xff, 0xff, 0xff, 0xff, 0x03, 0x00, 0xe0, 0xff, 
	0x3f, 0xf0, 0xff, 0x1f, 0xf8, 0xff, 0xff, 0xff, 0xff, 0xff, 0xff, 0xff, 0x81, 0xff, 0xc1, 0xff, 
	0x3f, 0xfc, 0xff, 0x7f, 0xf0, 0xff, 0xff, 0xff, 0xff, 0xff, 0xff, 0xff, 0xf1, 0xff, 0x8f, 0xff, 
	0x3f, 0x00, 0x00, 0x00, 0xf8, 0xff, 0xff, 0xff, 0xff, 0xff, 0xff, 0xff, 0xe1, 0xff, 0x83, 0xff, 
	0xff, 0x00, 0x00, 0x00, 0xfe, 0xff, 0xff, 0xff, 0xff, 0xff, 0xff, 0xff, 0x03, 0x00, 0xc0, 0xff, 
	0xff, 0xff, 0x00, 0xfc, 0xff, 0xff, 0xff, 0xff, 0xff, 0xff, 0xff, 0xff, 0x07, 0x00, 0xf0, 0xff, 
	0xff, 0xff, 0xff, 0xff, 0xff, 0xff, 0xff, 0xff, 0xff, 0xff, 0xff, 0xff, 0xff, 0x81, 0xff, 0xff, 
	0xff, 0xff, 0xff, 0xff, 0xff, 0xff, 0xff, 0xff, 0xff, 0xff, 0xff, 0xff, 0xff, 0xff, 0xff, 0xff, 
	0xff, 0xff, 0xff, 0xff, 0xff, 0xff, 0xff, 0xff, 0xff, 0xff, 0xff, 0xff, 0xff, 0xff, 0xff, 0xff
};
// 'dog0007', 128x50px
const unsigned char epd_bitmap_dog0007 [] PROGMEM = {
	0xff, 0xff, 0xff, 0xff, 0xff, 0xff, 0xff, 0xff, 0xff, 0xff, 0xff, 0xff, 0x0f, 0x00, 0xff, 0xff, 
	0xff, 0xe7, 0xff, 0xff, 0xff, 0xff, 0xff, 0xff, 0xff, 0xff, 0xff, 0xff, 0x03, 0x00, 0xfc, 0xff, 
	0xff, 0xe3, 0xff, 0xff, 0xff, 0xff, 0xff, 0xff, 0xff, 0xff, 0xff, 0xff, 0xe3, 0x3f, 0xf0, 0xff, 
	0xff, 0xf1, 0xff, 0xff, 0xff, 0xff, 0xff, 0xff, 0xff, 0xff, 0xff, 0xff, 0xff, 0xff, 0xe1, 0xff, 
	0xff, 0xf8, 0xff, 0xff, 0xff, 0xff, 0xff, 0xff, 0xff, 0xff, 0xff, 0xff, 0xff, 0xff, 0xc7, 0xff, 
	0xff, 0xf8, 0xff, 0xff, 0xff, 0xff, 0xff, 0xff, 0xff, 0xff, 0xff, 0xff, 0xff, 0xff, 0x8f, 0xff, 
	0x7f, 0xfc, 0xff, 0xff, 0xff, 0xff, 0xff, 0xff, 0xff, 0xff, 0xff, 0xff, 0xff, 0xff, 0x1f, 0xff, 
	0x7f, 0xfc, 0x3f, 0xff, 0xff, 0xff, 0xff, 0xff, 0xff, 0xff, 0xff, 0xff, 0x0f, 0xf8, 0x1f, 0xff, 
	0x7f, 0xfc, 0x07, 0xfe, 0xff, 0xff, 0xff, 0xff, 0xff, 0xff, 0xff, 0xff, 0x0f, 0xc0, 0x3f, 0xff, 
	0x7f, 0xfc, 0x00, 0xff, 0xff, 0xff, 0xff, 0xff, 0xff, 0xff, 0xff, 0xff, 0xff, 0x03, 0x1f, 0xff, 
	0x7f, 0x1c, 0xe0, 0xff, 0xff, 0xff, 0xff, 0xff, 0xff, 0xff, 0xff, 0xe3, 0xff, 0x0f, 0x00, 0xff, 
	0xff, 0x00, 0xfe, 0xff, 0xff, 0xff, 0xff, 0xff, 0xff, 0xff, 0xff, 0x03, 0xfc, 0x3f, 0x80, 0xff, 
	0xff, 0x81, 0xff, 0x1f, 0xfe, 0xff, 0xff, 0xff, 0xff, 0xff, 0xff, 0x07, 0x80, 0xff, 0xc0, 0xff, 
	0xff, 0xf1, 0xff, 0x03, 0xfe, 0xff, 0xff, 0xff, 0xff, 0xff, 0xff, 0x7f, 0x80, 0xff, 0xff, 0xff, 
	0xff, 0xff, 0x7f, 0x80, 0xff, 0xff, 0xff, 0xff, 0xff, 0xff, 0xff, 0xff, 0xff, 0xff, 0xff, 0xff, 
	0xff, 0xff, 0x3f, 0xf0, 0xff, 0xff, 0xff, 0xff, 0xff, 0xff, 0xff, 0xff, 0xff, 0xff, 0xff, 0xff, 
	0xff, 0xff, 0x7f, 0xfe, 0xff, 0xff, 0xff, 0xff, 0xff, 0xff, 0xff, 0xff, 0xff, 0xff, 0xff, 0xff, 
	0xff, 0xff, 0xff, 0xff, 0xff, 0xff, 0xff, 0xff, 0xff, 0xff, 0xff, 0xff, 0xff, 0xff, 0xff, 0xff, 
	0xff, 0xff, 0xff, 0xff, 0xff, 0xff, 0xff, 0xff, 0xff, 0xff, 0xff, 0xff, 0xff, 0xff, 0xff, 0xff, 
	0xff, 0xff, 0xff, 0xff, 0xff, 0xff, 0xff, 0xff, 0xff, 0xff, 0xff, 0xff, 0xff, 0xff, 0xff, 0xff, 
	0xff, 0xff, 0xff, 0xff, 0xff, 0xff, 0xff, 0xff, 0xff, 0xff, 0xff, 0xff, 0xff, 0xff, 0xff, 0xff, 
	0xff, 0xff, 0xff, 0xff, 0xff, 0xff, 0xff, 0xff, 0xff, 0xff, 0xff, 0xff, 0xff, 0xff, 0xff, 0xff, 
	0xff, 0xff, 0xff, 0xff, 0xff, 0xff, 0xff, 0xff, 0xff, 0xff, 0xff, 0x1f, 0x00, 0x00, 0xfe, 0xff, 
	0xff, 0xff, 0x03, 0xf8, 0x1f, 0xf8, 0xff, 0xff, 0xff, 0xff, 0x01, 0x00, 0x00, 0x00, 0xc0, 0xff, 
	0xff, 0x7f, 0x00, 0x00, 0x00, 0xf8, 0xff, 0x7f, 0x00, 0xfe, 0x01, 0x00, 0x00, 0x00, 0xc0, 0xff, 
	0xff, 0x07, 0x00, 0x00, 0x00, 0xe0, 0xff, 0x1f, 0x00, 0xfe, 0x01, 0x00, 0x00, 0x00, 0x80, 0xff, 
	0xff, 0x03, 0x00, 0x00, 0x00, 0xc0, 0xff, 0x0f, 0x00, 0xfc, 0x03, 0x00, 0x00, 0x00, 0x00, 0xff, 
	0xff, 0x03, 0x00, 0x00, 0x00, 0x80, 0xff, 0x0f, 0x00, 0xfe, 0x03, 0x00, 0x00, 0x00, 0x80, 0xff, 
	0xff, 0x03, 0x00, 0x00, 0x00, 0x80, 0xff, 0x0f, 0x00, 0xfe, 0x07, 0x00, 0x00, 0x00, 0xc0, 0xff, 
	0xff, 0x03, 0x00, 0x00, 0x00, 0x80, 0xff, 0x1f, 0x00, 0xfe, 0x3f, 0x00, 0x00, 0x00, 0xf0, 0xff, 
	0xff, 0x03, 0x00, 0x00, 0x00, 0xc0, 0xff, 0x7f, 0xa0, 0xff, 0xff, 0x7f, 0x00, 0xfc, 0xff, 0xff, 
	0xff, 0x0f, 0x00, 0x00, 0x00, 0xe0, 0xff, 0xff, 0xe1, 0xff, 0xff, 0xff, 0xff, 0xff, 0xff, 0xff, 
	0xff, 0x3f, 0x00, 0x00, 0x00, 0xfc, 0xff, 0xff, 0xc1, 0xff, 0xff, 0xff, 0xff, 0xff, 0xff, 0xff, 
	0xff, 0xff, 0xff, 0x00, 0xfe, 0xff, 0xff, 0xff, 0x08, 0xff, 0xff, 0xff, 0xff, 0xff, 0xff, 0xff, 
	0xff, 0xff, 0xff, 0xff, 0xff, 0xff, 0xff, 0x63, 0x1c, 0xf0, 0xff, 0xff, 0xff, 0xff, 0xff, 0xff, 
	0xff, 0xff, 0xff, 0xff, 0xff, 0xff, 0xff, 0x03, 0x7c, 0xe0, 0xff, 0xff, 0xff, 0xff, 0xff, 0xff, 
	0xff, 0xff, 0xff, 0xff, 0xff, 0xff, 0xff, 0x0f, 0xff, 0xf1, 0xff, 0xff, 0xff, 0xff, 0xff, 0xff, 
	0xff, 0xff, 0xff, 0xff, 0xff, 0xff, 0xff, 0xff, 0xff, 0xff, 0xff, 0xff, 0xff, 0xff, 0xff, 0xff, 
	0xff, 0xff, 0xff, 0xff, 0xff, 0xff, 0xff, 0xff, 0xff, 0xff, 0xff, 0xff, 0xff, 0xff, 0xff, 0xff, 
	0xff, 0xff, 0xef, 0xff, 0xff, 0xff, 0xff, 0xff, 0xff, 0xff, 0xff, 0xff, 0xff, 0xff, 0xff, 0xff, 
	0xff, 0x01, 0x00, 0x00, 0xff, 0xff, 0xff, 0xff, 0xff, 0xff, 0xff, 0xff, 0x0f, 0x00, 0xf8, 0xff, 
	0x7f, 0x00, 0x00, 0x00, 0xfc, 0xff, 0xff, 0xff, 0xff, 0xff, 0xff, 0xff, 0x03, 0x00, 0xe0, 0xff, 
	0x3f, 0xf0, 0xff, 0x1f, 0xf8, 0xff, 0xff, 0xff, 0xff, 0xff, 0xff, 0xff, 0x81, 0xff, 0xc1, 0xff, 
	0x3f, 0xfc, 0xff, 0x7f, 0xf0, 0xff, 0xff, 0xff, 0xff, 0xff, 0xff, 0xff, 0xf1, 0xff, 0x8f, 0xff, 
	0x3f, 0x00, 0x00, 0x00, 0xf8, 0xff, 0xff, 0xff, 0xff, 0xff, 0xff, 0xff, 0xe1, 0xff, 0x83, 0xff, 
	0xff, 0x00, 0x00, 0x00, 0xfe, 0xff, 0xff, 0xff, 0xff, 0xff, 0xff, 0xff, 0x03, 0x00, 0xc0, 0xff, 
	0xff, 0xff, 0x00, 0xfc, 0xff, 0xff, 0xff, 0xff, 0xff, 0xff, 0xff, 0xff, 0x07, 0x00, 0xf0, 0xff, 
	0xff, 0xff, 0xff, 0xff, 0xff, 0xff, 0xff, 0xff, 0xff, 0xff, 0xff, 0xff, 0xff, 0x81, 0xff, 0xff, 
	0xff, 0xff, 0xff, 0xff, 0xff, 0xff, 0xff, 0xff, 0xff, 0xff, 0xff, 0xff, 0xff, 0xff, 0xff, 0xff, 
	0xff, 0xff, 0xff, 0xff, 0xff, 0xff, 0xff, 0xff, 0xff, 0xff, 0xff, 0xff, 0xff, 0xff, 0xff, 0xff
};
// 'dog0009', 128x50px
const unsigned char epd_bitmap_dog0009 [] PROGMEM = {
	0xff, 0xff, 0xff, 0xff, 0xff, 0xff, 0xff, 0xff, 0xff, 0xff, 0xff, 0xff, 0xff, 0xff, 0xff, 0xff, 
	0xff, 0xff, 0xff, 0xff, 0xff, 0xff, 0xff, 0xff, 0xff, 0xff, 0xff, 0xff, 0xff, 0xf3, 0xff, 0xff, 
	0xff, 0xff, 0x00, 0xff, 0xff, 0xff, 0xff, 0xff, 0xff, 0xff, 0xff, 0xff, 0x3f, 0x00, 0xfc, 0xff, 
	0xff, 0x07, 0xf8, 0xff, 0xff, 0xff, 0xff, 0xff, 0xff, 0xff, 0xff, 0xff, 0x1f, 0x3e, 0xf0, 0xff, 
	0xff, 0xe3, 0xff, 0xff, 0xff, 0xff, 0xff, 0xff, 0xff, 0xff, 0xff, 0xff, 0xff, 0xff, 0xe3, 0xff, 
	0xff, 0xf9, 0x3f, 0xf8, 0xff, 0xff, 0xff, 0xff, 0xff, 0xff, 0xff, 0xff, 0x3f, 0xff, 0x8f, 0xff, 
	0xff, 0xfd, 0x07, 0xf8, 0xff, 0xff, 0xff, 0xff, 0xff, 0xff, 0xff, 0xff, 0x1f, 0xf8, 0x1f, 0xff, 
	0xff, 0xfc, 0xe1, 0xff, 0xff, 0xff, 0xff, 0xff, 0xff, 0xff, 0xff, 0xff, 0xff, 0x03, 0x3e, 0xff, 
	0xff, 0x7c, 0xfc, 0xff, 0xff, 0xff, 0xff, 0xff, 0xff, 0xff, 0xff, 0x0f, 0xfe, 0x1f, 0x78, 0xff, 
	0xff, 0x7c, 0xfe, 0x03, 0xf0, 0xff, 0xff, 0xff, 0xff, 0xff, 0xff, 0x07, 0xe0, 0xff, 0x03, 0xff, 
	0xff, 0x3d, 0xff, 0x00, 0xf0, 0xff, 0xff, 0xff, 0xff, 0xff, 0xff, 0x07, 0x80, 0xff, 0x8f, 0xff, 
	0xff, 0x39, 0xff, 0xf8, 0xff, 0xff, 0xff, 0xff, 0xff, 0xff, 0xff, 0xff, 0x87, 0xff, 0xff, 0xff, 
	0xff, 0x83, 0xff, 0xff, 0xff, 0xff, 0xff, 0xff, 0xff, 0xff, 0xff, 0xff, 0xff, 0xff, 0xff, 0xff, 
	0xff, 0xe7, 0xff, 0xff, 0xff, 0xff, 0xff, 0xff, 0xff, 0xff, 0xff, 0xff, 0xff, 0xff, 0xff, 0xff, 
	0xff, 0xff, 0xff, 0xff, 0xff, 0xff, 0xff, 0xff, 0xff, 0xff, 0xff, 0xff, 0xff, 0xff, 0xff, 0xff, 
	0xff, 0xff, 0xff, 0xff, 0xff, 0xff, 0xff, 0xff, 0xff, 0xff, 0xff, 0x0f, 0x00, 0x80, 0xff, 0xff, 
	0xff, 0xff, 0x07, 0x00, 0x80, 0xff, 0xff, 0xff, 0xff, 0xff, 0xff, 0x00, 0x00, 0x00, 0xfc, 0xff, 
	0xff, 0xff, 0x00, 0x00, 0x00, 0xf8, 0xff, 0xff, 0xff, 0xff, 0x3f, 0x40, 0x02, 0x00, 0xe0, 0xff, 
	0xff, 0x1f, 0xc0, 0x00, 0x00, 0xe0, 0xff, 0xff, 0xff, 0xff, 0x0f, 0x7c, 0x00, 0x00, 0x8c, 0xff, 
	0xff, 0x07, 0xfc, 0x00, 0x00, 0x80, 0xff, 0xff, 0xff, 0xff, 0x83, 0x3f, 0x01, 0x00, 0x18, 0xff, 
	0xff, 0x83, 0xff, 0x00, 0x00, 0x20, 0xfe, 0xff, 0xff, 0xff, 0xe3, 0x3f, 0x00, 0x00, 0x30, 0xfe, 
	0xff, 0xe1, 0xff, 0x00, 0x00, 0x40, 0xfc, 0xff, 0xff, 0xff, 0xf1, 0x1f, 0x00, 0x00, 0x40, 0xfe, 
	0xff, 0xf8, 0x7f, 0x00, 0x00, 0xc0, 0xfc, 0xff, 0xff, 0xff, 0xf9, 0x4f, 0x00, 0x00, 0x40, 0xfc, 
	0xff, 0xfc, 0x1f, 0x00, 0x00, 0x80, 0xf8, 0x7f, 0x00, 0xff, 0xf9, 0x27, 0x00, 0x00, 0x40, 0xfc, 
	0xff, 0xfc, 0x0f, 0x00, 0x00, 0x80, 0xf8, 0x3f, 0x00, 0xfc, 0xf1, 0x11, 0x00, 0x00, 0xc0, 0xfe, 
	0xff, 0xfc, 0x07, 0x00, 0x00, 0x80, 0xf9, 0x1f, 0x00, 0xf8, 0xe3, 0x04, 0x00, 0x00, 0xc0, 0xfe, 
	0xff, 0x78, 0x00, 0x00, 0x00, 0x80, 0xfc, 0x0f, 0x00, 0xf8, 0x03, 0x02, 0x00, 0x00, 0xe0, 0xfe, 
	0xff, 0x00, 0x00, 0x00, 0x00, 0x80, 0xfc, 0x0f, 0x00, 0xf8, 0x07, 0x02, 0x00, 0x00, 0x7c, 0xff, 
	0xff, 0xc1, 0x00, 0x00, 0x00, 0x40, 0xfe, 0x0f, 0x00, 0xf8, 0x1f, 0x00, 0x00, 0x00, 0x9f, 0xff, 
	0xff, 0x07, 0x00, 0x00, 0x00, 0x60, 0xff, 0x1f, 0x00, 0xfc, 0x7f, 0x00, 0x00, 0xf0, 0xe7, 0xff, 
	0xff, 0x1f, 0x00, 0x00, 0x00, 0xe0, 0xff, 0xff, 0x83, 0xff, 0xff, 0x03, 0x00, 0x00, 0xfe, 0xff, 
	0xff, 0x7f, 0x00, 0x00, 0x80, 0xfc, 0xff, 0xff, 0xf3, 0xff, 0xff, 0xff, 0x00, 0xfc, 0xff, 0xff, 
	0xff, 0xff, 0x03, 0x00, 0x00, 0xff, 0xff, 0xff, 0xf3, 0xff, 0xff, 0xff, 0xff, 0xff, 0xff, 0xff, 
	0xff, 0xff, 0xff, 0x00, 0xfc, 0xff, 0xff, 0xff, 0xf1, 0xff, 0xff, 0xff, 0xff, 0xff, 0xff, 0xff, 
	0xff, 0xff, 0xff, 0xff, 0xff, 0xff, 0xff, 0xff, 0xf3, 0xff, 0xff, 0xff, 0xff, 0xff, 0xff, 0xff, 
	0xff, 0xff, 0xff, 0xff, 0xff, 0xff, 0xff, 0xff, 0xf3, 0xff, 0xff, 0xff, 0xff, 0xff, 0xff, 0xff, 
	0xff, 0xff, 0xff, 0xff, 0xff, 0xff, 0xff, 0xe7, 0xf1, 0xff, 0xff, 0xff, 0xff, 0xff, 0xff, 0xff, 
	0xff, 0xff, 0xff, 0xff, 0xff, 0xff, 0xff, 0xe7, 0xe0, 0xcf, 0xff, 0xff, 0xff, 0xff, 0xff, 0xff, 
	0xff, 0x7f, 0x00, 0xc0, 0xff, 0xff, 0xff, 0x0f, 0x8e, 0xe7, 0xff, 0xff, 0x3f, 0x00, 0xfe, 0xff, 
	0xff, 0x03, 0x40, 0x00, 0xf0, 0xff, 0xff, 0x9f, 0x3f, 0xe0, 0xff, 0xff, 0x01, 0x08, 0xc0, 0xff, 
	0xff, 0xf0, 0xff, 0xff, 0xc3, 0xff, 0xff, 0xff, 0xff, 0xff, 0xff, 0xff, 0xf8, 0xff, 0x1f, 0xff, 
	0x7f, 0xfe, 0xff, 0xff, 0xcf, 0xff, 0xff, 0xff, 0xff, 0xff, 0xff, 0x7f, 0xfe, 0xff, 0x3f, 0xff, 
	0x7f, 0xfc, 0xff, 0xff, 0xc7, 0xff, 0xff, 0xff, 0xff, 0xff, 0xff, 0x7f, 0xfc, 0xff, 0x1f, 0xff, 
	0xff, 0x01, 0xfc, 0x0f, 0xe0, 0xff, 0xff, 0xff, 0xff, 0xff, 0xff, 0xff, 0x00, 0xff, 0x80, 0xff, 
	0xff, 0x0f, 0x00, 0x00, 0xfc, 0xff, 0xff, 0xff, 0xff, 0xff, 0xff, 0xff, 0x07, 0x00, 0xf0, 0xff, 
	0xff, 0xff, 0xff, 0xff, 0xff, 0xff, 0xff, 0xff, 0xff, 0xff, 0xff, 0xff, 0xff, 0xff, 0xff, 0xff, 
	0xff, 0xff, 0xff, 0xff, 0xff, 0xff, 0xff, 0xff, 0xff, 0xff, 0xff, 0xff, 0xff, 0xff, 0xff, 0xff, 
	0xff, 0xff, 0xff, 0xff, 0xff, 0xff, 0xff, 0xff, 0xff, 0xff, 0xff, 0xff, 0xff, 0xff, 0xff, 0xff, 
	0xff, 0xff, 0xff, 0xff, 0xff, 0xff, 0xff, 0xff, 0xff, 0xff, 0xff, 0xff, 0xff, 0xff, 0xff, 0xff, 
	0xff, 0xff, 0xff, 0xff, 0xff, 0xff, 0xff, 0xff, 0xff, 0xff, 0xff, 0xff, 0xff, 0xff, 0xff, 0xff
};
// 'dog0010', 128x50px
const unsigned char epd_bitmap_dog0010 [] PROGMEM = {
	0xff, 0xff, 0xff, 0xff, 0xff, 0xff, 0xff, 0xff, 0xff, 0xff, 0xff, 0xff, 0xff, 0xff, 0xff, 0xff, 
	0xff, 0xff, 0xff, 0xff, 0xff, 0xff, 0xff, 0xff, 0xff, 0xff, 0xff, 0xff, 0xff, 0xf3, 0xff, 0xff, 
	0xff, 0xff, 0x00, 0xff, 0xff, 0xff, 0xff, 0xff, 0xff, 0xff, 0xff, 0xff, 0x3f, 0x00, 0xfc, 0xff, 
	0xff, 0x07, 0xf8, 0xff, 0xff, 0xff, 0xff, 0xff, 0xff, 0xff, 0xff, 0xff, 0x1f, 0x3e, 0xf0, 0xff, 
	0xff, 0xe3, 0xff, 0xff, 0xff, 0xff, 0xff, 0xff, 0xff, 0xff, 0xff, 0xff, 0xff, 0xff, 0xe3, 0xff, 
	0xff, 0xf9, 0x3f, 0xf8, 0xff, 0xff, 0xff, 0xff, 0xff, 0xff, 0xff, 0xff, 0x3f, 0xff, 0x8f, 0xff, 
	0xff, 0xfd, 0x07, 0xf8, 0xff, 0xff, 0xff, 0xff, 0xff, 0xff, 0xff, 0xff, 0x1f, 0xf8, 0x1f, 0xff, 
	0xff, 0xfc, 0xe1, 0xff, 0xff, 0xff, 0xff, 0xff, 0xff, 0xff, 0xff, 0xff, 0xff, 0x03, 0x3e, 0xff, 
	0xff, 0x7c, 0xfc, 0xff, 0xff, 0xff, 0xff, 0xff, 0xff, 0xff, 0xff, 0x0f, 0xfe, 0x1f, 0x78, 0xff, 
	0xff, 0x7c, 0xfe, 0x03, 0xf0, 0xff, 0xff, 0xff, 0xff, 0xff, 0xff, 0x07, 0xe0, 0xff, 0x03, 0xff, 
	0xff, 0x3d, 0xff, 0x00, 0xf0, 0xff, 0xff, 0xff, 0xff, 0xff, 0xff, 0x07, 0x80, 0xff, 0x8f, 0xff, 
	0xff, 0x39, 0xff, 0xf8, 0xff, 0xff, 0xff, 0xff, 0xff, 0xff, 0xff, 0xff, 0x87, 0xff, 0xff, 0xff, 
	0xff, 0x83, 0xff, 0xff, 0xff, 0xff, 0xff, 0xff, 0xff, 0xff, 0xff, 0xff, 0xff, 0xff, 0xff, 0xff, 
	0xff, 0xe7, 0xff, 0xff, 0xff, 0xff, 0xff, 0xff, 0xff, 0xff, 0xff, 0xff, 0xff, 0xff, 0xff, 0xff, 
	0xff, 0xff, 0xff, 0xff, 0xff, 0xff, 0xff, 0xff, 0xff, 0xff, 0xff, 0xff, 0xff, 0xff, 0xff, 0xff, 
	0xff, 0xff, 0xff, 0xff, 0xff, 0xff, 0xff, 0xff, 0xff, 0xff, 0xff, 0x0f, 0x00, 0x80, 0xff, 0xff, 
	0xff, 0xff, 0x07, 0x00, 0x80, 0xff, 0xff, 0xff, 0xff, 0xff, 0xff, 0x00, 0x00, 0x00, 0xfc, 0xff, 
	0xff, 0xff, 0x00, 0x00, 0x00, 0xf8, 0xff, 0xff, 0xff, 0xff, 0x3f, 0x40, 0x02, 0x00, 0xe0, 0xff, 
	0xff, 0x1f, 0xc0, 0x00, 0x00, 0xe0, 0xff, 0xff, 0xff, 0xff, 0x0f, 0x7c, 0x00, 0x00, 0x8c, 0xff, 
	0xff, 0x07, 0xfc, 0x00, 0x00, 0x80, 0xff, 0xff, 0xff, 0xff, 0x83, 0x3f, 0x01, 0x00, 0x18, 0xff, 
	0xff, 0x83, 0xff, 0x00, 0x00, 0x20, 0xfe, 0xff, 0xff, 0xff, 0xe3, 0x3f, 0x00, 0x00, 0x30, 0xfe, 
	0xff, 0xe1, 0xff, 0x00, 0x00, 0x40, 0xfc, 0xff, 0xff, 0xff, 0xf1, 0x1f, 0x00, 0x00, 0x40, 0xfe, 
	0xff, 0xf8, 0x7f, 0x00, 0x00, 0xc0, 0xfc, 0xff, 0xff, 0xff, 0xf9, 0x4f, 0x00, 0x00, 0x40, 0xfc, 
	0xff, 0xfc, 0x1f, 0x00, 0x00, 0x80, 0xf8, 0x7f, 0x00, 0xff, 0xf9, 0x27, 0x00, 0x00, 0x40, 0xfc, 
	0xff, 0xfc, 0x0f, 0x00, 0x00, 0x80, 0xf8, 0x3f, 0x00, 0xfc, 0xf1, 0x11, 0x00, 0x00, 0xc0, 0xfe, 
	0xff, 0xfc, 0x07, 0x00, 0x00, 0x80, 0xf9, 0x1f, 0x00, 0xf8, 0xe3, 0x04, 0x00, 0x00, 0xc0, 0xfe, 
	0xff, 0x78, 0x00, 0x00, 0x00, 0x80, 0xfc, 0x0f, 0x00, 0xf8, 0x03, 0x02, 0x00, 0x00, 0xe0, 0xfe, 
	0xff, 0x00, 0x00, 0x00, 0x00, 0x80, 0xfc, 0x0f, 0x00, 0xf8, 0x07, 0x02, 0x00, 0x00, 0x7c, 0xff, 
	0xff, 0xc1, 0x00, 0x00, 0x00, 0x40, 0xfe, 0x0f, 0x00, 0xf8, 0x1f, 0x00, 0x00, 0x00, 0x9f, 0xff, 
	0xff, 0x07, 0x00, 0x00, 0x00, 0x60, 0xff, 0x1f, 0x00, 0xfc, 0x7f, 0x00, 0x00, 0xf0, 0xe7, 0xff, 
	0xff, 0x1f, 0x00, 0x00, 0x00, 0xe0, 0xff, 0xff, 0x83, 0xff, 0xff, 0x03, 0x00, 0x00, 0xfe, 0xff, 
	0xff, 0x7f, 0x00, 0x00, 0x80, 0xfc, 0xff, 0xff, 0xf3, 0xff, 0xff, 0xff, 0x00, 0xfc, 0xff, 0xff, 
	0xff, 0xff, 0x03, 0x00, 0x00, 0xff, 0xff, 0xff, 0xf3, 0xff, 0xff, 0xff, 0xff, 0xff, 0xff, 0xff, 
	0xff, 0xff, 0xff, 0x00, 0xfc, 0xff, 0xff, 0xff, 0xf1, 0xff, 0xff, 0xff, 0xff, 0xff, 0xff, 0xff, 
	0xff, 0xff, 0xff, 0xff, 0xff, 0xff, 0xff, 0xff, 0xf3, 0xff, 0xff, 0xff, 0xff, 0xff, 0xff, 0xff, 
	0xff, 0xff, 0xff, 0xff, 0xff, 0xff, 0xff, 0xff, 0xf3, 0xff, 0xff, 0xff, 0xff, 0xff, 0xff, 0xff, 
	0xff, 0xff, 0xff, 0xff, 0xff, 0xff, 0xff, 0xe7, 0xf1, 0xff, 0xff, 0xff, 0xff, 0xff, 0xff, 0xff, 
	0xff, 0xff, 0xff, 0xff, 0xff, 0xff, 0xff, 0xe7, 0xe0, 0xcf, 0xff, 0xff, 0xff, 0xff, 0xff, 0xff, 
	0xff, 0x7f, 0x00, 0xc0, 0xff, 0xff, 0xff, 0x0f, 0x8e, 0xe7, 0xff, 0xff, 0x3f, 0x00, 0xfe, 0xff, 
	0xff, 0x03, 0x40, 0x00, 0xf0, 0xff, 0xff, 0x9f, 0x3f, 0xe0, 0xff, 0xff, 0x01, 0x08, 0xc0, 0xff, 
	0xff, 0xf0, 0xff, 0xff, 0xc3, 0xff, 0xff, 0xff, 0xff, 0xff, 0xff, 0xff, 0xf8, 0xff, 0x1f, 0xff, 
	0x7f, 0xfe, 0xff, 0xff, 0xcf, 0xff, 0xff, 0xff, 0xff, 0xff, 0xff, 0x7f, 0xfe, 0xff, 0x3f, 0xff, 
	0x7f, 0xfc, 0xff, 0xff, 0xc7, 0xff, 0xff, 0xff, 0xff, 0xff, 0xff, 0x7f, 0xfc, 0xff, 0x1f, 0xff, 
	0xff, 0x01, 0xfc, 0x0f, 0xe0, 0xff, 0xff, 0xff, 0xff, 0xff, 0xff, 0xff, 0x00, 0xff, 0x80, 0xff, 
	0xff, 0x0f, 0x00, 0x00, 0xfc, 0xff, 0xff, 0xff, 0xff, 0xff, 0xff, 0xff, 0x07, 0x00, 0xf0, 0xff, 
	0xff, 0xff, 0xff, 0xff, 0xff, 0xff, 0xff, 0xff, 0xff, 0xff, 0xff, 0xff, 0xff, 0xff, 0xff, 0xff, 
	0xff, 0xff, 0xff, 0xff, 0xff, 0xff, 0xff, 0xff, 0xff, 0xff, 0xff, 0xff, 0xff, 0xff, 0xff, 0xff, 
	0xff, 0xff, 0xff, 0xff, 0xff, 0xff, 0xff, 0xff, 0xff, 0xff, 0xff, 0xff, 0xff, 0xff, 0xff, 0xff, 
	0xff, 0xff, 0xff, 0xff, 0xff, 0xff, 0xff, 0xff, 0xff, 0xff, 0xff, 0xff, 0xff, 0xff, 0xff, 0xff, 
	0xff, 0xff, 0xff, 0xff, 0xff, 0xff, 0xff, 0xff, 0xff, 0xff, 0xff, 0xff, 0xff, 0xff, 0xff, 0xff
};
// 'dog0011', 128x50px
const unsigned char epd_bitmap_dog0011 [] PROGMEM = {
	0xff, 0xff, 0xff, 0xff, 0xff, 0xff, 0xff, 0xff, 0xff, 0xff, 0xff, 0xff, 0xff, 0xff, 0xff, 0xff, 
	0xff, 0xff, 0xff, 0xff, 0xff, 0xff, 0xff, 0xff, 0xff, 0xff, 0xff, 0xff, 0xff, 0xf3, 0xff, 0xff, 
	0xff, 0xff, 0x00, 0xff, 0xff, 0xff, 0xff, 0xff, 0xff, 0xff, 0xff, 0xff, 0x3f, 0x00, 0xfc, 0xff, 
	0xff, 0x07, 0xf8, 0xff, 0xff, 0xff, 0xff, 0xff, 0xff, 0xff, 0xff, 0xff, 0x1f, 0x3e, 0xf0, 0xff, 
	0xff, 0xe3, 0xff, 0xff, 0xff, 0xff, 0xff, 0xff, 0xff, 0xff, 0xff, 0xff, 0xff, 0xff, 0xe3, 0xff, 
	0xff, 0xf9, 0x3f, 0xf8, 0xff, 0xff, 0xff, 0xff, 0xff, 0xff, 0xff, 0xff, 0x3f, 0xff, 0x8f, 0xff, 
	0xff, 0xfd, 0x07, 0xf8, 0xff, 0xff, 0xff, 0xff, 0xff, 0xff, 0xff, 0xff, 0x1f, 0xf8, 0x1f, 0xff, 
	0xff, 0xfc, 0xe1, 0xff, 0xff, 0xff, 0xff, 0xff, 0xff, 0xff, 0xff, 0xff, 0xff, 0x03, 0x3e, 0xff, 
	0xff, 0x7c, 0xfc, 0xff, 0xff, 0xff, 0xff, 0xff, 0xff, 0xff, 0xff, 0x0f, 0xfe, 0x1f, 0x78, 0xff, 
	0xff, 0x7c, 0xfe, 0x03, 0xf0, 0xff, 0xff, 0xff, 0xff, 0xff, 0xff, 0x07, 0xe0, 0xff, 0x03, 0xff, 
	0xff, 0x3d, 0xff, 0x00, 0xf0, 0xff, 0xff, 0xff, 0xff, 0xff, 0xff, 0x07, 0x80, 0xff, 0x8f, 0xff, 
	0xff, 0x39, 0xff, 0xf8, 0xff, 0xff, 0xff, 0xff, 0xff, 0xff, 0xff, 0xff, 0x87, 0xff, 0xff, 0xff, 
	0xff, 0x83, 0xff, 0xff, 0xff, 0xff, 0xff, 0xff, 0xff, 0xff, 0xff, 0xff, 0xff, 0xff, 0xff, 0xff, 
	0xff, 0xe7, 0xff, 0xff, 0xff, 0xff, 0xff, 0xff, 0xff, 0xff, 0xff, 0xff, 0xff, 0xff, 0xff, 0xff, 
	0xff, 0xff, 0xff, 0xff, 0xff, 0xff, 0xff, 0xff, 0xff, 0xff, 0xff, 0xff, 0xff, 0xff, 0xff, 0xff, 
	0xff, 0xff, 0xff, 0xff, 0xff, 0xff, 0xff, 0xff, 0xff, 0xff, 0xff, 0x0f, 0x00, 0x80, 0xff, 0xff, 
	0xff, 0xff, 0x07, 0x00, 0x80, 0xff, 0xff, 0xff, 0xff, 0xff, 0xff, 0x00, 0x00, 0x00, 0xfc, 0xff, 
	0xff, 0xff, 0x00, 0x00, 0x00, 0xf8, 0xff, 0xff, 0xff, 0xff, 0x3f, 0x40, 0x02, 0x00, 0xe0, 0xff, 
	0xff, 0x1f, 0xc0, 0x00, 0x00, 0xe0, 0xff, 0xff, 0xff, 0xff, 0x0f, 0x7c, 0x00, 0x00, 0x8c, 0xff, 
	0xff, 0x07, 0xfc, 0x00, 0x00, 0x80, 0xff, 0xff, 0xff, 0xff, 0x83, 0x3f, 0x01, 0x00, 0x18, 0xff, 
	0xff, 0x83, 0xff, 0x00, 0x00, 0x20, 0xfe, 0xff, 0xff, 0xff, 0xe3, 0x3f, 0x00, 0x00, 0x30, 0xfe, 
	0xff, 0xe1, 0xff, 0x00, 0x00, 0x40, 0xfc, 0xff, 0xff, 0xff, 0xf1, 0x1f, 0x00, 0x00, 0x40, 0xfe, 
	0xff, 0xf8, 0x7f, 0x00, 0x00, 0xc0, 0xfc, 0xff, 0xff, 0xff, 0xf9, 0x4f, 0x00, 0x00, 0x40, 0xfc, 
	0xff, 0xfc, 0x1f, 0x00, 0x00, 0x80, 0xf8, 0x7f, 0x00, 0xff, 0xf9, 0x27, 0x00, 0x00, 0x40, 0xfc, 
	0xff, 0xfc, 0x0f, 0x00, 0x00, 0x80, 0xf8, 0x3f, 0x00, 0xfc, 0xf1, 0x11, 0x00, 0x00, 0xc0, 0xfe, 
	0xff, 0xfc, 0x07, 0x00, 0x00, 0x80, 0xf9, 0x1f, 0x00, 0xf8, 0xe3, 0x04, 0x00, 0x00, 0xc0, 0xfe, 
	0xff, 0x78, 0x00, 0x00, 0x00, 0x80, 0xfc, 0x0f, 0x00, 0xf8, 0x03, 0x02, 0x00, 0x00, 0xe0, 0xfe, 
	0xff, 0x00, 0x00, 0x00, 0x00, 0x80, 0xfc, 0x0f, 0x00, 0xf8, 0x07, 0x02, 0x00, 0x00, 0x7c, 0xff, 
	0xff, 0xc1, 0x00, 0x00, 0x00, 0x40, 0xfe, 0x0f, 0x00, 0xf8, 0x1f, 0x00, 0x00, 0x00, 0x9f, 0xff, 
	0xff, 0x07, 0x00, 0x00, 0x00, 0x60, 0xff, 0x1f, 0x00, 0xfc, 0x7f, 0x00, 0x00, 0xf0, 0xe7, 0xff, 
	0xff, 0x1f, 0x00, 0x00, 0x00, 0xe0, 0xff, 0xff, 0x83, 0xff, 0xff, 0x03, 0x00, 0x00, 0xfe, 0xff, 
	0xff, 0x7f, 0x00, 0x00, 0x80, 0xfc, 0xff, 0xff, 0xf3, 0xff, 0xff, 0xff, 0x00, 0xfc, 0xff, 0xff, 
	0xff, 0xff, 0x03, 0x00, 0x00, 0xff, 0xff, 0xff, 0xf3, 0xff, 0xff, 0xff, 0xff, 0xff, 0xff, 0xff, 
	0xff, 0xff, 0xff, 0x00, 0xfc, 0xff, 0xff, 0xff, 0xf1, 0xff, 0xff, 0xff, 0xff, 0xff, 0xff, 0xff, 
	0xff, 0xff, 0xff, 0xff, 0xff, 0xff, 0xff, 0xff, 0xf3, 0xff, 0xff, 0xff, 0xff, 0xff, 0xff, 0xff, 
	0xff, 0xff, 0xff, 0xff, 0xff, 0xff, 0xff, 0xff, 0xf3, 0xff, 0xff, 0xff, 0xff, 0xff, 0xff, 0xff, 
	0xff, 0xff, 0xff, 0xff, 0xff, 0xff, 0xff, 0xe7, 0xf1, 0xff, 0xff, 0xff, 0xff, 0xff, 0xff, 0xff, 
	0xff, 0xff, 0xff, 0xff, 0xff, 0xff, 0xff, 0xe7, 0xe0, 0xcf, 0xff, 0xff, 0xff, 0xff, 0xff, 0xff, 
	0xff, 0x7f, 0x00, 0xc0, 0xff, 0xff, 0xff, 0x0f, 0x8e, 0xe7, 0xff, 0xff, 0x3f, 0x00, 0xfe, 0xff, 
	0xff, 0x03, 0x40, 0x00, 0xf0, 0xff, 0xff, 0x9f, 0x3f, 0xe0, 0xff, 0xff, 0x01, 0x08, 0xc0, 0xff, 
	0xff, 0xf0, 0xff, 0xff, 0xc3, 0xff, 0xff, 0xff, 0xff, 0xff, 0xff, 0xff, 0xf8, 0xff, 0x1f, 0xff, 
	0x7f, 0xfe, 0xff, 0xff, 0xcf, 0xff, 0xff, 0xff, 0xff, 0xff, 0xff, 0x7f, 0xfe, 0xff, 0x3f, 0xff, 
	0x7f, 0xfc, 0xff, 0xff, 0xc7, 0xff, 0xff, 0xff, 0xff, 0xff, 0xff, 0x7f, 0xfc, 0xff, 0x1f, 0xff, 
	0xff, 0x01, 0xfc, 0x0f, 0xe0, 0xff, 0xff, 0xff, 0xff, 0xff, 0xff, 0xff, 0x00, 0xff, 0x80, 0xff, 
	0xff, 0x0f, 0x00, 0x00, 0xfc, 0xff, 0xff, 0xff, 0xff, 0xff, 0xff, 0xff, 0x07, 0x00, 0xf0, 0xff, 
	0xff, 0xff, 0xff, 0xff, 0xff, 0xff, 0xff, 0xff, 0xff, 0xff, 0xff, 0xff, 0xff, 0xff, 0xff, 0xff, 
	0xff, 0xff, 0xff, 0xff, 0xff, 0xff, 0xff, 0xff, 0xff, 0xff, 0xff, 0xff, 0xff, 0xff, 0xff, 0xff, 
	0xff, 0xff, 0xff, 0xff, 0xff, 0xff, 0xff, 0xff, 0xff, 0xff, 0xff, 0xff, 0xff, 0xff, 0xff, 0xff, 
	0xff, 0xff, 0xff, 0xff, 0xff, 0xff, 0xff, 0xff, 0xff, 0xff, 0xff, 0xff, 0xff, 0xff, 0xff, 0xff, 
	0xff, 0xff, 0xff, 0xff, 0xff, 0xff, 0xff, 0xff, 0xff, 0xff, 0xff, 0xff, 0xff, 0xff, 0xff, 0xff
};
// 'dog0012', 128x50px
const unsigned char epd_bitmap_dog0012 [] PROGMEM = {
	0xff, 0xff, 0xff, 0xff, 0xff, 0xff, 0xff, 0xff, 0xff, 0xff, 0xff, 0xff, 0xff, 0xff, 0xff, 0xff, 
	0xff, 0xff, 0xff, 0xff, 0xff, 0xff, 0xff, 0xff, 0xff, 0xff, 0xff, 0xff, 0xff, 0xf3, 0xff, 0xff, 
	0xff, 0xff, 0x00, 0xff, 0xff, 0xff, 0xff, 0xff, 0xff, 0xff, 0xff, 0xff, 0x3f, 0x00, 0xfc, 0xff, 
	0xff, 0x07, 0xf8, 0xff, 0xff, 0xff, 0xff, 0xff, 0xff, 0xff, 0xff, 0xff, 0x1f, 0x3e, 0xf0, 0xff, 
	0xff, 0xe3, 0xff, 0xff, 0xff, 0xff, 0xff, 0xff, 0xff, 0xff, 0xff, 0xff, 0xff, 0xff, 0xe3, 0xff, 
	0xff, 0xf9, 0x3f, 0xf8, 0xff, 0xff, 0xff, 0xff, 0xff, 0xff, 0xff, 0xff, 0x3f, 0xff, 0x8f, 0xff, 
	0xff, 0xfd, 0x07, 0xf8, 0xff, 0xff, 0xff, 0xff, 0xff, 0xff, 0xff, 0xff, 0x1f, 0xf8, 0x1f, 0xff, 
	0xff, 0xfc, 0xe1, 0xff, 0xff, 0xff, 0xff, 0xff, 0xff, 0xff, 0xff, 0xff, 0xff, 0x03, 0x3e, 0xff, 
	0xff, 0x7c, 0xfc, 0xff, 0xff, 0xff, 0xff, 0xff, 0xff, 0xff, 0xff, 0x0f, 0xfe, 0x1f, 0x78, 0xff, 
	0xff, 0x7c, 0xfe, 0x03, 0xf0, 0xff, 0xff, 0xff, 0xff, 0xff, 0xff, 0x07, 0xe0, 0xff, 0x03, 0xff, 
	0xff, 0x3d, 0xff, 0x00, 0xf0, 0xff, 0xff, 0xff, 0xff, 0xff, 0xff, 0x07, 0x80, 0xff, 0x8f, 0xff, 
	0xff, 0x39, 0xff, 0xf8, 0xff, 0xff, 0xff, 0xff, 0xff, 0xff, 0xff, 0xff, 0x87, 0xff, 0xff, 0xff, 
	0xff, 0x83, 0xff, 0xff, 0xff, 0xff, 0xff, 0xff, 0xff, 0xff, 0xff, 0xff, 0xff, 0xff, 0xff, 0xff, 
	0xff, 0xe7, 0xff, 0xff, 0xff, 0xff, 0xff, 0xff, 0xff, 0xff, 0xff, 0xff, 0xff, 0xff, 0xff, 0xff, 
	0xff, 0xff, 0xff, 0xff, 0xff, 0xff, 0xff, 0xff, 0xff, 0xff, 0xff, 0xff, 0xff, 0xff, 0xff, 0xff, 
	0xff, 0xff, 0xff, 0xff, 0xff, 0xff, 0xff, 0xff, 0xff, 0xff, 0xff, 0x0f, 0x00, 0x80, 0xff, 0xff, 
	0xff, 0xff, 0x07, 0x00, 0x80, 0xff, 0xff, 0xff, 0xff, 0xff, 0xff, 0x00, 0x00, 0x00, 0xfc, 0xff, 
	0xff, 0xff, 0x00, 0x00, 0x00, 0xf8, 0xff, 0xff, 0xff, 0xff, 0x3f, 0x40, 0x02, 0x00, 0xe0, 0xff, 
	0xff, 0x1f, 0xc0, 0x00, 0x00, 0xe0, 0xff, 0xff, 0xff, 0xff, 0x0f, 0x7c, 0x00, 0x00, 0x8c, 0xff, 
	0xff, 0x07, 0xfc, 0x00, 0x00, 0x80, 0xff, 0xff, 0xff, 0xff, 0x83, 0x3f, 0x01, 0x00, 0x18, 0xff, 
	0xff, 0x83, 0xff, 0x00, 0x00, 0x20, 0xfe, 0xff, 0xff, 0xff, 0xe3, 0x3f, 0x00, 0x00, 0x30, 0xfe, 
	0xff, 0xe1, 0xff, 0x00, 0x00, 0x40, 0xfc, 0xff, 0xff, 0xff, 0xf1, 0x1f, 0x00, 0x00, 0x40, 0xfe, 
	0xff, 0xf8, 0x7f, 0x00, 0x00, 0xc0, 0xfc, 0xff, 0xff, 0xff, 0xf9, 0x4f, 0x00, 0x00, 0x40, 0xfc, 
	0xff, 0xfc, 0x1f, 0x00, 0x00, 0x80, 0xf8, 0x7f, 0x00, 0xff, 0xf9, 0x27, 0x00, 0x00, 0x40, 0xfc, 
	0xff, 0xfc, 0x0f, 0x00, 0x00, 0x80, 0xf8, 0x3f, 0x00, 0xfc, 0xf1, 0x11, 0x00, 0x00, 0xc0, 0xfe, 
	0xff, 0xfc, 0x07, 0x00, 0x00, 0x80, 0xf9, 0x1f, 0x00, 0xf8, 0xe3, 0x04, 0x00, 0x00, 0xc0, 0xfe, 
	0xff, 0x78, 0x00, 0x00, 0x00, 0x80, 0xfc, 0x0f, 0x00, 0xf8, 0x03, 0x02, 0x00, 0x00, 0xe0, 0xfe, 
	0xff, 0x00, 0x00, 0x00, 0x00, 0x80, 0xfc, 0x0f, 0x00, 0xf8, 0x07, 0x02, 0x00, 0x00, 0x7c, 0xff, 
	0xff, 0xc1, 0x00, 0x00, 0x00, 0x40, 0xfe, 0x0f, 0x00, 0xf8, 0x1f, 0x00, 0x00, 0x00, 0x9f, 0xff, 
	0xff, 0x07, 0x00, 0x00, 0x00, 0x60, 0xff, 0x1f, 0x00, 0xfc, 0x7f, 0x00, 0x00, 0xf0, 0xe7, 0xff, 
	0xff, 0x1f, 0x00, 0x00, 0x00, 0xe0, 0xff, 0xff, 0x83, 0xff, 0xff, 0x03, 0x00, 0x00, 0xfe, 0xff, 
	0xff, 0x7f, 0x00, 0x00, 0x80, 0xfc, 0xff, 0xff, 0xf3, 0xff, 0xff, 0xff, 0x00, 0xfc, 0xff, 0xff, 
	0xff, 0xff, 0x03, 0x00, 0x00, 0xff, 0xff, 0xff, 0xf3, 0xff, 0xff, 0xff, 0xff, 0xff, 0xff, 0xff, 
	0xff, 0xff, 0xff, 0x00, 0xfc, 0xff, 0xff, 0xff, 0xf1, 0xff, 0xff, 0xff, 0xff, 0xff, 0xff, 0xff, 
	0xff, 0xff, 0xff, 0xff, 0xff, 0xff, 0xff, 0xff, 0xf3, 0xff, 0xff, 0xff, 0xff, 0xff, 0xff, 0xff, 
	0xff, 0xff, 0xff, 0xff, 0xff, 0xff, 0xff, 0xff, 0xf3, 0xff, 0xff, 0xff, 0xff, 0xff, 0xff, 0xff, 
	0xff, 0xff, 0xff, 0xff, 0xff, 0xff, 0xff, 0xe7, 0xf1, 0xff, 0xff, 0xff, 0xff, 0xff, 0xff, 0xff, 
	0xff, 0xff, 0xff, 0xff, 0xff, 0xff, 0xff, 0xe7, 0xe0, 0xcf, 0xff, 0xff, 0xff, 0xff, 0xff, 0xff, 
	0xff, 0x7f, 0x00, 0xc0, 0xff, 0xff, 0xff, 0x0f, 0x8e, 0xe7, 0xff, 0xff, 0x3f, 0x00, 0xfe, 0xff, 
	0xff, 0x03, 0x40, 0x00, 0xf0, 0xff, 0xff, 0x9f, 0x3f, 0xe0, 0xff, 0xff, 0x01, 0x08, 0xc0, 0xff, 
	0xff, 0xf0, 0xff, 0xff, 0xc3, 0xff, 0xff, 0xff, 0xff, 0xff, 0xff, 0xff, 0xf8, 0xff, 0x1f, 0xff, 
	0x7f, 0xfe, 0xff, 0xff, 0xcf, 0xff, 0xff, 0xff, 0xff, 0xff, 0xff, 0x7f, 0xfe, 0xff, 0x3f, 0xff, 
	0x7f, 0xfc, 0xff, 0xff, 0xc7, 0xff, 0xff, 0xff, 0xff, 0xff, 0xff, 0x7f, 0xfc, 0xff, 0x1f, 0xff, 
	0xff, 0x01, 0xfc, 0x0f, 0xe0, 0xff, 0xff, 0xff, 0xff, 0xff, 0xff, 0xff, 0x00, 0xff, 0x80, 0xff, 
	0xff, 0x0f, 0x00, 0x00, 0xfc, 0xff, 0xff, 0xff, 0xff, 0xff, 0xff, 0xff, 0x07, 0x00, 0xf0, 0xff, 
	0xff, 0xff, 0xff, 0xff, 0xff, 0xff, 0xff, 0xff, 0xff, 0xff, 0xff, 0xff, 0xff, 0xff, 0xff, 0xff, 
	0xff, 0xff, 0xff, 0xff, 0xff, 0xff, 0xff, 0xff, 0xff, 0xff, 0xff, 0xff, 0xff, 0xff, 0xff, 0xff, 
	0xff, 0xff, 0xff, 0xff, 0xff, 0xff, 0xff, 0xff, 0xff, 0xff, 0xff, 0xff, 0xff, 0xff, 0xff, 0xff, 
	0xff, 0xff, 0xff, 0xff, 0xff, 0xff, 0xff, 0xff, 0xff, 0xff, 0xff, 0xff, 0xff, 0xff, 0xff, 0xff, 
	0xff, 0xff, 0xff, 0xff, 0xff, 0xff, 0xff, 0xff, 0xff, 0xff, 0xff, 0xff, 0xff, 0xff, 0xff, 0xff
};
// 'dog0013', 128x50px
const unsigned char epd_bitmap_dog0013 [] PROGMEM = {
	0xff, 0xff, 0xff, 0xff, 0xff, 0xff, 0xff, 0xff, 0xff, 0xff, 0xff, 0xff, 0xff, 0xff, 0xff, 0xff, 
	0xff, 0xff, 0xff, 0xff, 0xff, 0xff, 0xff, 0xff, 0xff, 0xff, 0xff, 0xff, 0xff, 0xf3, 0xff, 0xff, 
	0xff, 0xff, 0x00, 0xff, 0xff, 0xff, 0xff, 0xff, 0xff, 0xff, 0xff, 0xff, 0x3f, 0x00, 0xfc, 0xff, 
	0xff, 0x07, 0xf8, 0xff, 0xff, 0xff, 0xff, 0xff, 0xff, 0xff, 0xff, 0xff, 0x1f, 0x3e, 0xf0, 0xff, 
	0xff, 0xe3, 0xff, 0xff, 0xff, 0xff, 0xff, 0xff, 0xff, 0xff, 0xff, 0xff, 0xff, 0xff, 0xe3, 0xff, 
	0xff, 0xf9, 0x3f, 0xf8, 0xff, 0xff, 0xff, 0xff, 0xff, 0xff, 0xff, 0xff, 0x3f, 0xff, 0x8f, 0xff, 
	0xff, 0xfd, 0x07, 0xf8, 0xff, 0xff, 0xff, 0xff, 0xff, 0xff, 0xff, 0xff, 0x1f, 0xf8, 0x1f, 0xff, 
	0xff, 0xfc, 0xe1, 0xff, 0xff, 0xff, 0xff, 0xff, 0xff, 0xff, 0xff, 0xff, 0xff, 0x03, 0x3e, 0xff, 
	0xff, 0x7c, 0xfc, 0xff, 0xff, 0xff, 0xff, 0xff, 0xff, 0xff, 0xff, 0x0f, 0xfe, 0x1f, 0x78, 0xff, 
	0xff, 0x7c, 0xfe, 0x03, 0xf0, 0xff, 0xff, 0xff, 0xff, 0xff, 0xff, 0x07, 0xe0, 0xff, 0x03, 0xff, 
	0xff, 0x3d, 0xff, 0x00, 0xf0, 0xff, 0xff, 0xff, 0xff, 0xff, 0xff, 0x07, 0x80, 0xff, 0x8f, 0xff, 
	0xff, 0x39, 0xff, 0xf8, 0xff, 0xff, 0xff, 0xff, 0xff, 0xff, 0xff, 0xff, 0x87, 0xff, 0xff, 0xff, 
	0xff, 0x83, 0xff, 0xff, 0xff, 0xff, 0xff, 0xff, 0xff, 0xff, 0xff, 0xff, 0xff, 0xff, 0xff, 0xff, 
	0xff, 0xe7, 0xff, 0xff, 0xff, 0xff, 0xff, 0xff, 0xff, 0xff, 0xff, 0xff, 0xff, 0xff, 0xff, 0xff, 
	0xff, 0xff, 0xff, 0xff, 0xff, 0xff, 0xff, 0xff, 0xff, 0xff, 0xff, 0xff, 0xff, 0xff, 0xff, 0xff, 
	0xff, 0xff, 0xff, 0xff, 0xff, 0xff, 0xff, 0xff, 0xff, 0xff, 0xff, 0x0f, 0x00, 0x80, 0xff, 0xff, 
	0xff, 0xff, 0x07, 0x00, 0x80, 0xff, 0xff, 0xff, 0xff, 0xff, 0xff, 0x00, 0x00, 0x00, 0xfc, 0xff, 
	0xff, 0xff, 0x00, 0x00, 0x00, 0xf8, 0xff, 0xff, 0xff, 0xff, 0x3f, 0x40, 0x02, 0x00, 0xe0, 0xff, 
	0xff, 0x1f, 0xc0, 0x00, 0x00, 0xe0, 0xff, 0xff, 0xff, 0xff, 0x0f, 0x7c, 0x00, 0x00, 0x8c, 0xff, 
	0xff, 0x07, 0xfc, 0x00, 0x00, 0x80, 0xff, 0xff, 0xff, 0xff, 0x83, 0x3f, 0x01, 0x00, 0x18, 0xff, 
	0xff, 0x83, 0xff, 0x00, 0x00, 0x20, 0xfe, 0xff, 0xff, 0xff, 0xe3, 0x3f, 0x00, 0x00, 0x30, 0xfe, 
	0xff, 0xe1, 0xff, 0x00, 0x00, 0x40, 0xfc, 0xff, 0xff, 0xff, 0xf1, 0x1f, 0x00, 0x00, 0x40, 0xfe, 
	0xff, 0xf8, 0x7f, 0x00, 0x00, 0xc0, 0xfc, 0xff, 0xff, 0xff, 0xf9, 0x4f, 0x00, 0x00, 0x40, 0xfc, 
	0xff, 0xfc, 0x1f, 0x00, 0x00, 0x80, 0xf8, 0x7f, 0x00, 0xff, 0xf9, 0x27, 0x00, 0x00, 0x40, 0xfc, 
	0xff, 0xfc, 0x0f, 0x00, 0x00, 0x80, 0xf8, 0x3f, 0x00, 0xfc, 0xf1, 0x11, 0x00, 0x00, 0xc0, 0xfe, 
	0xff, 0xfc, 0x07, 0x00, 0x00, 0x80, 0xf9, 0x1f, 0x00, 0xf8, 0xe3, 0x04, 0x00, 0x00, 0xc0, 0xfe, 
	0xff, 0x78, 0x00, 0x00, 0x00, 0x80, 0xfc, 0x0f, 0x00, 0xf8, 0x03, 0x02, 0x00, 0x00, 0xe0, 0xfe, 
	0xff, 0x00, 0x00, 0x00, 0x00, 0x80, 0xfc, 0x0f, 0x00, 0xf8, 0x07, 0x02, 0x00, 0x00, 0x7c, 0xff, 
	0xff, 0xc1, 0x00, 0x00, 0x00, 0x40, 0xfe, 0x0f, 0x00, 0xf8, 0x1f, 0x00, 0x00, 0x00, 0x9f, 0xff, 
	0xff, 0x07, 0x00, 0x00, 0x00, 0x60, 0xff, 0x1f, 0x00, 0xfc, 0x7f, 0x00, 0x00, 0xf0, 0xe7, 0xff, 
	0xff, 0x1f, 0x00, 0x00, 0x00, 0xe0, 0xff, 0xff, 0x83, 0xff, 0xff, 0x03, 0x00, 0x00, 0xfe, 0xff, 
	0xff, 0x7f, 0x00, 0x00, 0x80, 0xfc, 0xff, 0xff, 0xf3, 0xff, 0xff, 0xff, 0x00, 0xfc, 0xff, 0xff, 
	0xff, 0xff, 0x03, 0x00, 0x00, 0xff, 0xff, 0xff, 0xf3, 0xff, 0xff, 0xff, 0xff, 0xff, 0xff, 0xff, 
	0xff, 0xff, 0xff, 0x00, 0xfc, 0xff, 0xff, 0xff, 0xf1, 0xff, 0xff, 0xff, 0xff, 0xff, 0xff, 0xff, 
	0xff, 0xff, 0xff, 0xff, 0xff, 0xff, 0xff, 0xff, 0xf3, 0xff, 0xff, 0xff, 0xff, 0xff, 0xff, 0xff, 
	0xff, 0xff, 0xff, 0xff, 0xff, 0xff, 0xff, 0xff, 0xf3, 0xff, 0xff, 0xff, 0xff, 0xff, 0xff, 0xff, 
	0xff, 0xff, 0xff, 0xff, 0xff, 0xff, 0xff, 0xe7, 0xf1, 0xff, 0xff, 0xff, 0xff, 0xff, 0xff, 0xff, 
	0xff, 0xff, 0xff, 0xff, 0xff, 0xff, 0xff, 0xe7, 0xe0, 0xcf, 0xff, 0xff, 0xff, 0xff, 0xff, 0xff, 
	0xff, 0x7f, 0x00, 0xc0, 0xff, 0xff, 0xff, 0x0f, 0x8e, 0xe7, 0xff, 0xff, 0x3f, 0x00, 0xfe, 0xff, 
	0xff, 0x03, 0x40, 0x00, 0xf0, 0xff, 0xff, 0x9f, 0x3f, 0xe0, 0xff, 0xff, 0x01, 0x08, 0xc0, 0xff, 
	0xff, 0xf0, 0xff, 0xff, 0xc3, 0xff, 0xff, 0xff, 0xff, 0xff, 0xff, 0xff, 0xf8, 0xff, 0x1f, 0xff, 
	0x7f, 0xfe, 0xff, 0xff, 0xcf, 0xff, 0xff, 0xff, 0xff, 0xff, 0xff, 0x7f, 0xfe, 0xff, 0x3f, 0xff, 
	0x7f, 0xfc, 0xff, 0xff, 0xc7, 0xff, 0xff, 0xff, 0xff, 0xff, 0xff, 0x7f, 0xfc, 0xff, 0x1f, 0xff, 
	0xff, 0x01, 0xfc, 0x0f, 0xe0, 0xff, 0xff, 0xff, 0xff, 0xff, 0xff, 0xff, 0x00, 0xff, 0x80, 0xff, 
	0xff, 0x0f, 0x00, 0x00, 0xfc, 0xff, 0xff, 0xff, 0xff, 0xff, 0xff, 0xff, 0x07, 0x00, 0xf0, 0xff, 
	0xff, 0xff, 0xff, 0xff, 0xff, 0xff, 0xff, 0xff, 0xff, 0xff, 0xff, 0xff, 0xff, 0xff, 0xff, 0xff, 
	0xff, 0xff, 0xff, 0xff, 0xff, 0xff, 0xff, 0xff, 0xff, 0xff, 0xff, 0xff, 0xff, 0xff, 0xff, 0xff, 
	0xff, 0xff, 0xff, 0xff, 0xff, 0xff, 0xff, 0xff, 0xff, 0xff, 0xff, 0xff, 0xff, 0xff, 0xff, 0xff, 
	0xff, 0xff, 0xff, 0xff, 0xff, 0xff, 0xff, 0xff, 0xff, 0xff, 0xff, 0xff, 0xff, 0xff, 0xff, 0xff, 
	0xff, 0xff, 0xff, 0xff, 0xff, 0xff, 0xff, 0xff, 0xff, 0xff, 0xff, 0xff, 0xff, 0xff, 0xff, 0xff
};
// 'dog0017', 128x50px
const unsigned char epd_bitmap_dog0017 [] PROGMEM = {
	0xff, 0x8f, 0xff, 0xff, 0xff, 0xff, 0xff, 0xff, 0xff, 0xff, 0xff, 0xff, 0xff, 0xff, 0xff, 0xff, 
	0xff, 0xc3, 0xff, 0xff, 0xff, 0xff, 0xff, 0xff, 0xff, 0xff, 0xff, 0xff, 0xff, 0xff, 0xc1, 0xff, 
	0xff, 0xf9, 0xff, 0xff, 0xff, 0xff, 0xff, 0xff, 0xff, 0xff, 0xff, 0xff, 0xff, 0xff, 0x07, 0xff, 
	0xff, 0xfc, 0xdf, 0xff, 0xff, 0xff, 0xff, 0xff, 0xff, 0xff, 0xff, 0xff, 0xff, 0xff, 0x3f, 0xfe, 
	0x7f, 0xfe, 0xcf, 0xff, 0xff, 0xff, 0xff, 0xff, 0xff, 0xff, 0xff, 0xff, 0xff, 0x9f, 0xff, 0xfc, 
	0x7f, 0xff, 0x67, 0x00, 0xfe, 0xff, 0xff, 0xff, 0xff, 0xff, 0xff, 0xff, 0x00, 0x38, 0xf0, 0xf9, 
	0x3f, 0xff, 0x71, 0x00, 0xfe, 0xff, 0xff, 0xff, 0xff, 0xff, 0xff, 0xff, 0x00, 0xf8, 0xc2, 0xf9, 
	0x9f, 0xff, 0x80, 0x07, 0xe0, 0xff, 0xff, 0xff, 0xff, 0xff, 0xff, 0x0f, 0x06, 0x80, 0x0f, 0xf9, 
	0x9f, 0x3f, 0xf2, 0x0f, 0xc0, 0xff, 0xff, 0xff, 0xff, 0xff, 0xff, 0xc7, 0x07, 0x00, 0x3e, 0xf9, 
	0xdf, 0x3f, 0xf8, 0x0f, 0x00, 0xff, 0xff, 0xff, 0xff, 0xff, 0xff, 0xf3, 0x03, 0x00, 0x7c, 0xf8, 
	0xcf, 0x0f, 0xfc, 0x07, 0x00, 0xfe, 0xff, 0xff, 0xff, 0xff, 0xff, 0xf8, 0x03, 0x00, 0xf8, 0xfc, 
	0xcf, 0x47, 0xff, 0x07, 0x00, 0xfc, 0xff, 0xff, 0xff, 0xff, 0x7f, 0xfc, 0x03, 0x00, 0xf0, 0xff, 
	0xcf, 0xa3, 0xff, 0x07, 0x00, 0xf8, 0xff, 0xff, 0xff, 0xff, 0x3f, 0xff, 0x03, 0x00, 0xf0, 0xff, 
	0xcf, 0xb9, 0xff, 0x07, 0x00, 0xf9, 0xff, 0xff, 0xff, 0xff, 0x1f, 0xff, 0x03, 0x00, 0xe0, 0xff, 
	0x9f, 0xec, 0xff, 0x03, 0x00, 0xf3, 0xff, 0xff, 0xff, 0xff, 0x9f, 0xff, 0x01, 0x00, 0xe0, 0xff, 
	0x3f, 0xe6, 0xff, 0x03, 0x00, 0xe6, 0xff, 0xff, 0xff, 0xff, 0xcf, 0xff, 0x01, 0x00, 0xc0, 0xff, 
	0x7f, 0xe6, 0xff, 0x03, 0x00, 0xec, 0xff, 0xff, 0xff, 0xff, 0xc7, 0xff, 0x00, 0x00, 0x40, 0xff, 
	0xff, 0xf7, 0xff, 0x03, 0x00, 0xec, 0xff, 0xff, 0xff, 0xff, 0xe7, 0xff, 0x00, 0x00, 0xc0, 0xff, 
	0xff, 0xf3, 0xff, 0x01, 0x00, 0xcc, 0xff, 0xff, 0xff, 0xff, 0xf3, 0x7f, 0x00, 0x00, 0x80, 0xfe, 
	0xff, 0xf3, 0xff, 0x01, 0x00, 0xc8, 0xff, 0xff, 0xff, 0xff, 0xf3, 0x7f, 0x00, 0x00, 0x80, 0xfe, 
	0xff, 0xfb, 0x7f, 0x00, 0x00, 0xc8, 0xff, 0xff, 0xff, 0xff, 0xf3, 0x3f, 0x00, 0x00, 0x80, 0xfe, 
	0xff, 0xfb, 0x3f, 0x00, 0x00, 0xc8, 0xff, 0xff, 0xff, 0xff, 0xf3, 0x1f, 0x00, 0x00, 0x80, 0xfe, 
	0xff, 0xfb, 0x1f, 0x00, 0x00, 0xc8, 0xff, 0xff, 0xff, 0xff, 0xf3, 0x0f, 0x00, 0x00, 0x80, 0xfe, 
	0xff, 0xfb, 0x07, 0x00, 0x00, 0x88, 0xff, 0xff, 0xff, 0xff, 0xf3, 0x03, 0x00, 0x00, 0x80, 0xfc, 
	0xff, 0x81, 0x00, 0x00, 0x00, 0x88, 0xff, 0xff, 0xff, 0xff, 0xf3, 0x01, 0x00, 0x00, 0x80, 0xfc, 
	0xff, 0x01, 0x00, 0x00, 0x00, 0xc8, 0xff, 0xff, 0x83, 0xff, 0x03, 0x00, 0x00, 0x00, 0x80, 0xfc, 
	0xff, 0x01, 0x00, 0x00, 0x00, 0xc8, 0xff, 0x1f, 0x00, 0xff, 0x07, 0x00, 0x00, 0x00, 0x80, 0xfe, 
	0xff, 0x01, 0x00, 0x00, 0x00, 0xcc, 0xff, 0x1f, 0x00, 0xff, 0x03, 0x00, 0x00, 0x00, 0x80, 0xfe, 
	0xff, 0x01, 0x00, 0x00, 0x00, 0xc4, 0xff, 0x1f, 0xc0, 0xff, 0x03, 0x00, 0x00, 0x00, 0x40, 0xfe, 
	0xff, 0x03, 0x00, 0x00, 0x00, 0xc4, 0xff, 0xff, 0xe0, 0xff, 0x03, 0x00, 0x00, 0x00, 0x40, 0xfe, 
	0xff, 0x03, 0x00, 0x00, 0x00, 0xe4, 0xff, 0xff, 0xf1, 0xff, 0x07, 0x00, 0x00, 0x00, 0x40, 0xfe, 
	0xff, 0x03, 0x00, 0x00, 0x00, 0xe4, 0xff, 0xff, 0xf3, 0xff, 0x07, 0x00, 0x00, 0x00, 0x20, 0xfe, 
	0xff, 0x03, 0x00, 0x00, 0x00, 0xe4, 0xff, 0xff, 0xf3, 0xff, 0x4f, 0x00, 0x00, 0x00, 0x20, 0xff, 
	0xff, 0x07, 0x00, 0x00, 0x00, 0xf4, 0xff, 0xff, 0xe3, 0xff, 0x0f, 0x00, 0x00, 0x00, 0x90, 0xff, 
	0xff, 0x0f, 0x00, 0x00, 0x00, 0xfa, 0xff, 0xff, 0xe1, 0xff, 0x1f, 0x00, 0x00, 0x00, 0xd0, 0xff, 
	0xff, 0x1f, 0x00, 0x00, 0x00, 0xfa, 0xff, 0xff, 0xcc, 0xfb, 0x3f, 0x00, 0x00, 0x00, 0xc8, 0xff, 
	0xff, 0x1f, 0x00, 0x00, 0x00, 0xff, 0xff, 0x7f, 0x8e, 0xf9, 0x3f, 0x00, 0x00, 0x00, 0xe4, 0xff, 
	0xff, 0x1f, 0x00, 0x00, 0x80, 0xff, 0xff, 0x13, 0x1f, 0xfc, 0x7f, 0x00, 0x00, 0x00, 0xf6, 0xff, 
	0xff, 0x7f, 0x00, 0x00, 0xc0, 0xff, 0xff, 0x83, 0x7f, 0xfc, 0xff, 0x00, 0x00, 0x00, 0xfb, 0xff, 
	0xff, 0xff, 0x00, 0x00, 0xc0, 0xff, 0xff, 0xff, 0xff, 0xff, 0xff, 0x03, 0x00, 0x80, 0xf8, 0xff, 
	0x3f, 0xf8, 0x03, 0x00, 0xc0, 0xff, 0xff, 0xff, 0xff, 0xff, 0xff, 0x07, 0x00, 0x60, 0xff, 0xff, 
	0xc1, 0x83, 0x07, 0x00, 0xf0, 0xff, 0xff, 0xff, 0xff, 0xff, 0xff, 0x1f, 0x10, 0xf8, 0xff, 0xff, 
	0xfc, 0x7f, 0x1e, 0x00, 0xfc, 0xff, 0xff, 0xff, 0xff, 0xff, 0xff, 0xff, 0x00, 0xff, 0x0f, 0xf8, 
	0xff, 0xff, 0xfe, 0xff, 0xff, 0xff, 0xff, 0xff, 0xff, 0xff, 0xff, 0xff, 0xff, 0xff, 0xe3, 0xc3, 
	0xfe, 0xff, 0xfe, 0xff, 0xff, 0xff, 0xff, 0xff, 0xff, 0xff, 0xff, 0xff, 0xff, 0xff, 0xfc, 0xbf, 
	0xf1, 0x0f, 0xff, 0xff, 0xff, 0xff, 0xff, 0xff, 0xff, 0xff, 0xff, 0xff, 0xff, 0xff, 0xf9, 0xcf, 
	0x07, 0xe0, 0xff, 0xff, 0xff, 0xff, 0xff, 0xff, 0xff, 0xff, 0xff, 0xff, 0xff, 0xff, 0x03, 0xe0, 
	0xff, 0xff, 0xff, 0xff, 0xff, 0xff, 0xff, 0xff, 0xff, 0xff, 0xff, 0xff, 0xff, 0xff, 0xff, 0xff, 
	0xff, 0xff, 0xff, 0xff, 0xff, 0xff, 0xff, 0xff, 0xff, 0xff, 0xff, 0xff, 0xff, 0xff, 0xff, 0xff, 
	0xff, 0xff, 0xff, 0xff, 0xff, 0xff, 0xff, 0xff, 0xff, 0xff, 0xff, 0xff, 0xff, 0xff, 0xff, 0xff
};
// 'dog0018', 128x50px
const unsigned char epd_bitmap_dog0018 [] PROGMEM = {
	0xff, 0x8f, 0xff, 0xff, 0xff, 0xff, 0xff, 0xff, 0xff, 0xff, 0xff, 0xff, 0xff, 0xff, 0xff, 0xff, 
	0xff, 0xc3, 0xff, 0xff, 0xff, 0xff, 0xff, 0xff, 0xff, 0xff, 0xff, 0xff, 0xff, 0xff, 0xc1, 0xff, 
	0xff, 0xf9, 0xff, 0xff, 0xff, 0xff, 0xff, 0xff, 0xff, 0xff, 0xff, 0xff, 0xff, 0xff, 0x07, 0xff, 
	0xff, 0xfc, 0xdf, 0xff, 0xff, 0xff, 0xff, 0xff, 0xff, 0xff, 0xff, 0xff, 0xff, 0xff, 0x3f, 0xfe, 
	0x7f, 0xfe, 0xcf, 0xff, 0xff, 0xff, 0xff, 0xff, 0xff, 0xff, 0xff, 0xff, 0xff, 0x9f, 0xff, 0xfc, 
	0x7f, 0xff, 0x67, 0x00, 0xfe, 0xff, 0xff, 0xff, 0xff, 0xff, 0xff, 0xff, 0x00, 0x38, 0xf0, 0xf9, 
	0x3f, 0xff, 0x71, 0x00, 0xfe, 0xff, 0xff, 0xff, 0xff, 0xff, 0xff, 0xff, 0x00, 0xf8, 0xc2, 0xf9, 
	0x9f, 0xff, 0x80, 0x07, 0xe0, 0xff, 0xff, 0xff, 0xff, 0xff, 0xff, 0x0f, 0x06, 0x80, 0x0f, 0xf9, 
	0x9f, 0x3f, 0xf2, 0x0f, 0xc0, 0xff, 0xff, 0xff, 0xff, 0xff, 0xff, 0xc7, 0x07, 0x00, 0x3e, 0xf9, 
	0xdf, 0x3f, 0xf8, 0x0f, 0x00, 0xff, 0xff, 0xff, 0xff, 0xff, 0xff, 0xf3, 0x03, 0x00, 0x7c, 0xf8, 
	0xcf, 0x0f, 0xfc, 0x07, 0x00, 0xfe, 0xff, 0xff, 0xff, 0xff, 0xff, 0xf8, 0x03, 0x00, 0xf8, 0xfc, 
	0xcf, 0x47, 0xff, 0x07, 0x00, 0xfc, 0xff, 0xff, 0xff, 0xff, 0x7f, 0xfc, 0x03, 0x00, 0xf0, 0xff, 
	0xcf, 0xa3, 0xff, 0x07, 0x00, 0xf8, 0xff, 0xff, 0xff, 0xff, 0x3f, 0xff, 0x03, 0x00, 0xf0, 0xff, 
	0xcf, 0xb9, 0xff, 0x07, 0x00, 0xf9, 0xff, 0xff, 0xff, 0xff, 0x1f, 0xff, 0x03, 0x00, 0xe0, 0xff, 
	0x9f, 0xec, 0xff, 0x03, 0x00, 0xf3, 0xff, 0xff, 0xff, 0xff, 0x9f, 0xff, 0x01, 0x00, 0xe0, 0xff, 
	0x3f, 0xe6, 0xff, 0x03, 0x00, 0xe6, 0xff, 0xff, 0xff, 0xff, 0xcf, 0xff, 0x01, 0x00, 0xc0, 0xff, 
	0x7f, 0xe6, 0xff, 0x03, 0x00, 0xec, 0xff, 0xff, 0xff, 0xff, 0xc7, 0xff, 0x00, 0x00, 0x40, 0xff, 
	0xff, 0xf7, 0xff, 0x03, 0x00, 0xec, 0xff, 0xff, 0xff, 0xff, 0xe7, 0xff, 0x00, 0x00, 0xc0, 0xff, 
	0xff, 0xf3, 0xff, 0x01, 0x00, 0xcc, 0xff, 0xff, 0xff, 0xff, 0xf3, 0x7f, 0x00, 0x00, 0x80, 0xfe, 
	0xff, 0xf3, 0xff, 0x01, 0x00, 0xc8, 0xff, 0xff, 0xff, 0xff, 0xf3, 0x7f, 0x00, 0x00, 0x80, 0xfe, 
	0xff, 0xfb, 0x7f, 0x00, 0x00, 0xc8, 0xff, 0xff, 0xff, 0xff, 0xf3, 0x3f, 0x00, 0x00, 0x80, 0xfe, 
	0xff, 0xfb, 0x3f, 0x00, 0x00, 0xc8, 0xff, 0xff, 0xff, 0xff, 0xf3, 0x1f, 0x00, 0x00, 0x80, 0xfe, 
	0xff, 0xfb, 0x1f, 0x00, 0x00, 0xc8, 0xff, 0xff, 0xff, 0xff, 0xf3, 0x0f, 0x00, 0x00, 0x80, 0xfe, 
	0xff, 0xfb, 0x07, 0x00, 0x00, 0x88, 0xff, 0xff, 0xff, 0xff, 0xf3, 0x03, 0x00, 0x00, 0x80, 0xfc, 
	0xff, 0x81, 0x00, 0x00, 0x00, 0x88, 0xff, 0xff, 0xff, 0xff, 0xf3, 0x01, 0x00, 0x00, 0x80, 0xfc, 
	0xff, 0x01, 0x00, 0x00, 0x00, 0xc8, 0xff, 0xff, 0x83, 0xff, 0x03, 0x00, 0x00, 0x00, 0x80, 0xfc, 
	0xff, 0x01, 0x00, 0x00, 0x00, 0xc8, 0xff, 0x1f, 0x00, 0xff, 0x07, 0x00, 0x00, 0x00, 0x80, 0xfe, 
	0xff, 0x01, 0x00, 0x00, 0x00, 0xcc, 0xff, 0x1f, 0x00, 0xff, 0x03, 0x00, 0x00, 0x00, 0x80, 0xfe, 
	0xff, 0x01, 0x00, 0x00, 0x00, 0xc4, 0xff, 0x1f, 0xc0, 0xff, 0x03, 0x00, 0x00, 0x00, 0x40, 0xfe, 
	0xff, 0x03, 0x00, 0x00, 0x00, 0xc4, 0xff, 0xff, 0xe0, 0xff, 0x03, 0x00, 0x00, 0x00, 0x40, 0xfe, 
	0xff, 0x03, 0x00, 0x00, 0x00, 0xe4, 0xff, 0xff, 0xf1, 0xff, 0x07, 0x00, 0x00, 0x00, 0x40, 0xfe, 
	0xff, 0x03, 0x00, 0x00, 0x00, 0xe4, 0xff, 0xff, 0xf3, 0xff, 0x07, 0x00, 0x00, 0x00, 0x20, 0xfe, 
	0xff, 0x03, 0x00, 0x00, 0x00, 0xe4, 0xff, 0xff, 0xf3, 0xff, 0x4f, 0x00, 0x00, 0x00, 0x20, 0xff, 
	0xff, 0x07, 0x00, 0x00, 0x00, 0xf4, 0xff, 0xff, 0xe3, 0xff, 0x0f, 0x00, 0x00, 0x00, 0x90, 0xff, 
	0xff, 0x0f, 0x00, 0x00, 0x00, 0xfa, 0xff, 0xff, 0xe1, 0xff, 0x1f, 0x00, 0x00, 0x00, 0xd0, 0xff, 
	0xff, 0x1f, 0x00, 0x00, 0x00, 0xfa, 0xff, 0xff, 0xcc, 0xfb, 0x3f, 0x00, 0x00, 0x00, 0xc8, 0xff, 
	0xff, 0x1f, 0x00, 0x00, 0x00, 0xff, 0xff, 0x7f, 0x8e, 0xf9, 0x3f, 0x00, 0x00, 0x00, 0xe4, 0xff, 
	0xff, 0x1f, 0x00, 0x00, 0x80, 0xff, 0xff, 0x13, 0x1f, 0xfc, 0x7f, 0x00, 0x00, 0x00, 0xf6, 0xff, 
	0xff, 0x7f, 0x00, 0x00, 0xc0, 0xff, 0xff, 0x83, 0x7f, 0xfc, 0xff, 0x00, 0x00, 0x00, 0xfb, 0xff, 
	0xff, 0xff, 0x00, 0x00, 0xc0, 0xff, 0xff, 0xff, 0xff, 0xff, 0xff, 0x03, 0x00, 0x80, 0xf8, 0xff, 
	0x3f, 0xf8, 0x03, 0x00, 0xc0, 0xff, 0xff, 0xff, 0xff, 0xff, 0xff, 0x07, 0x00, 0x60, 0xff, 0xff, 
	0xc1, 0x83, 0x07, 0x00, 0xf0, 0xff, 0xff, 0xff, 0xff, 0xff, 0xff, 0x1f, 0x10, 0xf8, 0xff, 0xff, 
	0xfc, 0x7f, 0x1e, 0x00, 0xfc, 0xff, 0xff, 0xff, 0xff, 0xff, 0xff, 0xff, 0x00, 0xff, 0x0f, 0xf8, 
	0xff, 0xff, 0xfe, 0xff, 0xff, 0xff, 0xff, 0xff, 0xff, 0xff, 0xff, 0xff, 0xff, 0xff, 0xe3, 0xc3, 
	0xfe, 0xff, 0xfe, 0xff, 0xff, 0xff, 0xff, 0xff, 0xff, 0xff, 0xff, 0xff, 0xff, 0xff, 0xfc, 0xbf, 
	0xf1, 0x0f, 0xff, 0xff, 0xff, 0xff, 0xff, 0xff, 0xff, 0xff, 0xff, 0xff, 0xff, 0xff, 0xf9, 0xcf, 
	0x07, 0xe0, 0xff, 0xff, 0xff, 0xff, 0xff, 0xff, 0xff, 0xff, 0xff, 0xff, 0xff, 0xff, 0x03, 0xe0, 
	0xff, 0xff, 0xff, 0xff, 0xff, 0xff, 0xff, 0xff, 0xff, 0xff, 0xff, 0xff, 0xff, 0xff, 0xff, 0xff, 
	0xff, 0xff, 0xff, 0xff, 0xff, 0xff, 0xff, 0xff, 0xff, 0xff, 0xff, 0xff, 0xff, 0xff, 0xff, 0xff, 
	0xff, 0xff, 0xff, 0xff, 0xff, 0xff, 0xff, 0xff, 0xff, 0xff, 0xff, 0xff, 0xff, 0xff, 0xff, 0xff
};
// 'dog0019', 128x50px
const unsigned char epd_bitmap_dog0019 [] PROGMEM = {
	0xff, 0x8f, 0xff, 0xff, 0xff, 0xff, 0xff, 0xff, 0xff, 0xff, 0xff, 0xff, 0xff, 0xff, 0xff, 0xff, 
	0xff, 0xc3, 0xff, 0xff, 0xff, 0xff, 0xff, 0xff, 0xff, 0xff, 0xff, 0xff, 0xff, 0xff, 0xc1, 0xff, 
	0xff, 0xf9, 0xff, 0xff, 0xff, 0xff, 0xff, 0xff, 0xff, 0xff, 0xff, 0xff, 0xff, 0xff, 0x07, 0xff, 
	0xff, 0xfc, 0xdf, 0xff, 0xff, 0xff, 0xff, 0xff, 0xff, 0xff, 0xff, 0xff, 0xff, 0xff, 0x3f, 0xfe, 
	0x7f, 0xfe, 0xcf, 0xff, 0xff, 0xff, 0xff, 0xff, 0xff, 0xff, 0xff, 0xff, 0xff, 0x9f, 0xff, 0xfc, 
	0x7f, 0xff, 0x67, 0x00, 0xfe, 0xff, 0xff, 0xff, 0xff, 0xff, 0xff, 0xff, 0x00, 0x38, 0xf0, 0xf9, 
	0x3f, 0xff, 0x71, 0x00, 0xfe, 0xff, 0xff, 0xff, 0xff, 0xff, 0xff, 0xff, 0x00, 0xf8, 0xc2, 0xf9, 
	0x9f, 0xff, 0x80, 0x07, 0xe0, 0xff, 0xff, 0xff, 0xff, 0xff, 0xff, 0x0f, 0x06, 0x80, 0x0f, 0xf9, 
	0x9f, 0x3f, 0xf2, 0x0f, 0xc0, 0xff, 0xff, 0xff, 0xff, 0xff, 0xff, 0xc7, 0x07, 0x00, 0x3e, 0xf9, 
	0xdf, 0x3f, 0xf8, 0x0f, 0x00, 0xff, 0xff, 0xff, 0xff, 0xff, 0xff, 0xf3, 0x03, 0x00, 0x7c, 0xf8, 
	0xcf, 0x0f, 0xfc, 0x07, 0x00, 0xfe, 0xff, 0xff, 0xff, 0xff, 0xff, 0xf8, 0x03, 0x00, 0xf8, 0xfc, 
	0xcf, 0x47, 0xff, 0x07, 0x00, 0xfc, 0xff, 0xff, 0xff, 0xff, 0x7f, 0xfc, 0x03, 0x00, 0xf0, 0xff, 
	0xcf, 0xa3, 0xff, 0x07, 0x00, 0xf8, 0xff, 0xff, 0xff, 0xff, 0x3f, 0xff, 0x03, 0x00, 0xf0, 0xff, 
	0xcf, 0xb9, 0xff, 0x07, 0x00, 0xf9, 0xff, 0xff, 0xff, 0xff, 0x1f, 0xff, 0x03, 0x00, 0xe0, 0xff, 
	0x9f, 0xec, 0xff, 0x03, 0x00, 0xf3, 0xff, 0xff, 0xff, 0xff, 0x9f, 0xff, 0x01, 0x00, 0xe0, 0xff, 
	0x3f, 0xe6, 0xff, 0x03, 0x00, 0xe6, 0xff, 0xff, 0xff, 0xff, 0xcf, 0xff, 0x01, 0x00, 0xc0, 0xff, 
	0x7f, 0xe6, 0xff, 0x03, 0x00, 0xec, 0xff, 0xff, 0xff, 0xff, 0xc7, 0xff, 0x00, 0x00, 0x40, 0xff, 
	0xff, 0xf7, 0xff, 0x03, 0x00, 0xec, 0xff, 0xff, 0xff, 0xff, 0xe7, 0xff, 0x00, 0x00, 0xc0, 0xff, 
	0xff, 0xf3, 0xff, 0x01, 0x00, 0xcc, 0xff, 0xff, 0xff, 0xff, 0xf3, 0x7f, 0x00, 0x00, 0x80, 0xfe, 
	0xff, 0xf3, 0xff, 0x01, 0x00, 0xc8, 0xff, 0xff, 0xff, 0xff, 0xf3, 0x7f, 0x00, 0x00, 0x80, 0xfe, 
	0xff, 0xfb, 0x7f, 0x00, 0x00, 0xc8, 0xff, 0xff, 0xff, 0xff, 0xf3, 0x3f, 0x00, 0x00, 0x80, 0xfe, 
	0xff, 0xfb, 0x3f, 0x00, 0x00, 0xc8, 0xff, 0xff, 0xff, 0xff, 0xf3, 0x1f, 0x00, 0x00, 0x80, 0xfe, 
	0xff, 0xfb, 0x1f, 0x00, 0x00, 0xc8, 0xff, 0xff, 0xff, 0xff, 0xf3, 0x0f, 0x00, 0x00, 0x80, 0xfe, 
	0xff, 0xfb, 0x07, 0x00, 0x00, 0x88, 0xff, 0xff, 0xff, 0xff, 0xf3, 0x03, 0x00, 0x00, 0x80, 0xfc, 
	0xff, 0x81, 0x00, 0x00, 0x00, 0x88, 0xff, 0xff, 0xff, 0xff, 0xf3, 0x01, 0x00, 0x00, 0x80, 0xfc, 
	0xff, 0x01, 0x00, 0x00, 0x00, 0xc8, 0xff, 0xff, 0x83, 0xff, 0x03, 0x00, 0x00, 0x00, 0x80, 0xfc, 
	0xff, 0x01, 0x00, 0x00, 0x00, 0xc8, 0xff, 0x1f, 0x00, 0xff, 0x07, 0x00, 0x00, 0x00, 0x80, 0xfe, 
	0xff, 0x01, 0x00, 0x00, 0x00, 0xcc, 0xff, 0x1f, 0x00, 0xff, 0x03, 0x00, 0x00, 0x00, 0x80, 0xfe, 
	0xff, 0x01, 0x00, 0x00, 0x00, 0xc4, 0xff, 0x1f, 0xc0, 0xff, 0x03, 0x00, 0x00, 0x00, 0x40, 0xfe, 
	0xff, 0x03, 0x00, 0x00, 0x00, 0xc4, 0xff, 0xff, 0xe0, 0xff, 0x03, 0x00, 0x00, 0x00, 0x40, 0xfe, 
	0xff, 0x03, 0x00, 0x00, 0x00, 0xe4, 0xff, 0xff, 0xf1, 0xff, 0x07, 0x00, 0x00, 0x00, 0x40, 0xfe, 
	0xff, 0x03, 0x00, 0x00, 0x00, 0xe4, 0xff, 0xff, 0xf3, 0xff, 0x07, 0x00, 0x00, 0x00, 0x20, 0xfe, 
	0xff, 0x03, 0x00, 0x00, 0x00, 0xe4, 0xff, 0xff, 0xf3, 0xff, 0x4f, 0x00, 0x00, 0x00, 0x20, 0xff, 
	0xff, 0x07, 0x00, 0x00, 0x00, 0xf4, 0xff, 0xff, 0xe3, 0xff, 0x0f, 0x00, 0x00, 0x00, 0x90, 0xff, 
	0xff, 0x0f, 0x00, 0x00, 0x00, 0xfa, 0xff, 0xff, 0xe1, 0xff, 0x1f, 0x00, 0x00, 0x00, 0xd0, 0xff, 
	0xff, 0x1f, 0x00, 0x00, 0x00, 0xfa, 0xff, 0xff, 0xcc, 0xfb, 0x3f, 0x00, 0x00, 0x00, 0xc8, 0xff, 
	0xff, 0x1f, 0x00, 0x00, 0x00, 0xff, 0xff, 0x7f, 0x8e, 0xf9, 0x3f, 0x00, 0x00, 0x00, 0xe4, 0xff, 
	0xff, 0x1f, 0x00, 0x00, 0x80, 0xff, 0xff, 0x13, 0x1f, 0xfc, 0x7f, 0x00, 0x00, 0x00, 0xf6, 0xff, 
	0xff, 0x7f, 0x00, 0x00, 0xc0, 0xff, 0xff, 0x83, 0x7f, 0xfc, 0xff, 0x00, 0x00, 0x00, 0xfb, 0xff, 
	0xff, 0xff, 0x00, 0x00, 0xc0, 0xff, 0xff, 0xff, 0xff, 0xff, 0xff, 0x03, 0x00, 0x80, 0xf8, 0xff, 
	0x3f, 0xf8, 0x03, 0x00, 0xc0, 0xff, 0xff, 0xff, 0xff, 0xff, 0xff, 0x07, 0x00, 0x60, 0xff, 0xff, 
	0xc1, 0x83, 0x07, 0x00, 0xf0, 0xff, 0xff, 0xff, 0xff, 0xff, 0xff, 0x1f, 0x10, 0xf8, 0xff, 0xff, 
	0xfc, 0x7f, 0x1e, 0x00, 0xfc, 0xff, 0xff, 0xff, 0xff, 0xff, 0xff, 0xff, 0x00, 0xff, 0x0f, 0xf8, 
	0xff, 0xff, 0xfe, 0xff, 0xff, 0xff, 0xff, 0xff, 0xff, 0xff, 0xff, 0xff, 0xff, 0xff, 0xe3, 0xc3, 
	0xfe, 0xff, 0xfe, 0xff, 0xff, 0xff, 0xff, 0xff, 0xff, 0xff, 0xff, 0xff, 0xff, 0xff, 0xfc, 0xbf, 
	0xf1, 0x0f, 0xff, 0xff, 0xff, 0xff, 0xff, 0xff, 0xff, 0xff, 0xff, 0xff, 0xff, 0xff, 0xf9, 0xcf, 
	0x07, 0xe0, 0xff, 0xff, 0xff, 0xff, 0xff, 0xff, 0xff, 0xff, 0xff, 0xff, 0xff, 0xff, 0x03, 0xe0, 
	0xff, 0xff, 0xff, 0xff, 0xff, 0xff, 0xff, 0xff, 0xff, 0xff, 0xff, 0xff, 0xff, 0xff, 0xff, 0xff, 
	0xff, 0xff, 0xff, 0xff, 0xff, 0xff, 0xff, 0xff, 0xff, 0xff, 0xff, 0xff, 0xff, 0xff, 0xff, 0xff, 
	0xff, 0xff, 0xff, 0xff, 0xff, 0xff, 0xff, 0xff, 0xff, 0xff, 0xff, 0xff, 0xff, 0xff, 0xff, 0xff
};
// 'dog0020', 128x50px
const unsigned char epd_bitmap_dog0020 [] PROGMEM = {
	0xff, 0x8f, 0xff, 0xff, 0xff, 0xff, 0xff, 0xff, 0xff, 0xff, 0xff, 0xff, 0xff, 0xff, 0xff, 0xff, 
	0xff, 0xc3, 0xff, 0xff, 0xff, 0xff, 0xff, 0xff, 0xff, 0xff, 0xff, 0xff, 0xff, 0xff, 0xc1, 0xff, 
	0xff, 0xf9, 0xff, 0xff, 0xff, 0xff, 0xff, 0xff, 0xff, 0xff, 0xff, 0xff, 0xff, 0xff, 0x07, 0xff, 
	0xff, 0xfc, 0xdf, 0xff, 0xff, 0xff, 0xff, 0xff, 0xff, 0xff, 0xff, 0xff, 0xff, 0xff, 0x3f, 0xfe, 
	0x7f, 0xfe, 0xcf, 0xff, 0xff, 0xff, 0xff, 0xff, 0xff, 0xff, 0xff, 0xff, 0xff, 0x9f, 0xff, 0xfc, 
	0x7f, 0xff, 0x67, 0x00, 0xfe, 0xff, 0xff, 0xff, 0xff, 0xff, 0xff, 0xff, 0x00, 0x38, 0xf0, 0xf9, 
	0x3f, 0xff, 0x71, 0x00, 0xfe, 0xff, 0xff, 0xff, 0xff, 0xff, 0xff, 0xff, 0x00, 0xf8, 0xc2, 0xf9, 
	0x9f, 0xff, 0x80, 0x07, 0xe0, 0xff, 0xff, 0xff, 0xff, 0xff, 0xff, 0x0f, 0x06, 0x80, 0x0f, 0xf9, 
	0x9f, 0x3f, 0xf2, 0x0f, 0xc0, 0xff, 0xff, 0xff, 0xff, 0xff, 0xff, 0xc7, 0x07, 0x00, 0x3e, 0xf9, 
	0xdf, 0x3f, 0xf8, 0x0f, 0x00, 0xff, 0xff, 0xff, 0xff, 0xff, 0xff, 0xf3, 0x03, 0x00, 0x7c, 0xf8, 
	0xcf, 0x0f, 0xfc, 0x07, 0x00, 0xfe, 0xff, 0xff, 0xff, 0xff, 0xff, 0xf8, 0x03, 0x00, 0xf8, 0xfc, 
	0xcf, 0x47, 0xff, 0x07, 0x00, 0xfc, 0xff, 0xff, 0xff, 0xff, 0x7f, 0xfc, 0x03, 0x00, 0xf0, 0xff, 
	0xcf, 0xa3, 0xff, 0x07, 0x00, 0xf8, 0xff, 0xff, 0xff, 0xff, 0x3f, 0xff, 0x03, 0x00, 0xf0, 0xff, 
	0xcf, 0xb9, 0xff, 0x07, 0x00, 0xf9, 0xff, 0xff, 0xff, 0xff, 0x1f, 0xff, 0x03, 0x00, 0xe0, 0xff, 
	0x9f, 0xec, 0xff, 0x03, 0x00, 0xf3, 0xff, 0xff, 0xff, 0xff, 0x9f, 0xff, 0x01, 0x00, 0xe0, 0xff, 
	0x3f, 0xe6, 0xff, 0x03, 0x00, 0xe6, 0xff, 0xff, 0xff, 0xff, 0xcf, 0xff, 0x01, 0x00, 0xc0, 0xff, 
	0x7f, 0xe6, 0xff, 0x03, 0x00, 0xec, 0xff, 0xff, 0xff, 0xff, 0xc7, 0xff, 0x00, 0x00, 0x40, 0xff, 
	0xff, 0xf7, 0xff, 0x03, 0x00, 0xec, 0xff, 0xff, 0xff, 0xff, 0xe7, 0xff, 0x00, 0x00, 0xc0, 0xff, 
	0xff, 0xf3, 0xff, 0x01, 0x00, 0xcc, 0xff, 0xff, 0xff, 0xff, 0xf3, 0x7f, 0x00, 0x00, 0x80, 0xfe, 
	0xff, 0xf3, 0xff, 0x01, 0x00, 0xc8, 0xff, 0xff, 0xff, 0xff, 0xf3, 0x7f, 0x00, 0x00, 0x80, 0xfe, 
	0xff, 0xfb, 0x7f, 0x00, 0x00, 0xc8, 0xff, 0xff, 0xff, 0xff, 0xf3, 0x3f, 0x00, 0x00, 0x80, 0xfe, 
	0xff, 0xfb, 0x3f, 0x00, 0x00, 0xc8, 0xff, 0xff, 0xff, 0xff, 0xf3, 0x1f, 0x00, 0x00, 0x80, 0xfe, 
	0xff, 0xfb, 0x1f, 0x00, 0x00, 0xc8, 0xff, 0xff, 0xff, 0xff, 0xf3, 0x0f, 0x00, 0x00, 0x80, 0xfe, 
	0xff, 0xfb, 0x07, 0x00, 0x00, 0x88, 0xff, 0xff, 0xff, 0xff, 0xf3, 0x03, 0x00, 0x00, 0x80, 0xfc, 
	0xff, 0x81, 0x00, 0x00, 0x00, 0x88, 0xff, 0xff, 0xff, 0xff, 0xf3, 0x01, 0x00, 0x00, 0x80, 0xfc, 
	0xff, 0x01, 0x00, 0x00, 0x00, 0xc8, 0xff, 0xff, 0x83, 0xff, 0x03, 0x00, 0x00, 0x00, 0x80, 0xfc, 
	0xff, 0x01, 0x00, 0x00, 0x00, 0xc8, 0xff, 0x1f, 0x00, 0xff, 0x07, 0x00, 0x00, 0x00, 0x80, 0xfe, 
	0xff, 0x01, 0x00, 0x00, 0x00, 0xcc, 0xff, 0x1f, 0x00, 0xff, 0x03, 0x00, 0x00, 0x00, 0x80, 0xfe, 
	0xff, 0x01, 0x00, 0x00, 0x00, 0xc4, 0xff, 0x1f, 0xc0, 0xff, 0x03, 0x00, 0x00, 0x00, 0x40, 0xfe, 
	0xff, 0x03, 0x00, 0x00, 0x00, 0xc4, 0xff, 0xff, 0xe0, 0xff, 0x03, 0x00, 0x00, 0x00, 0x40, 0xfe, 
	0xff, 0x03, 0x00, 0x00, 0x00, 0xe4, 0xff, 0xff, 0xf1, 0xff, 0x07, 0x00, 0x00, 0x00, 0x40, 0xfe, 
	0xff, 0x03, 0x00, 0x00, 0x00, 0xe4, 0xff, 0xff, 0xf3, 0xff, 0x07, 0x00, 0x00, 0x00, 0x20, 0xfe, 
	0xff, 0x03, 0x00, 0x00, 0x00, 0xe4, 0xff, 0xff, 0xf3, 0xff, 0x4f, 0x00, 0x00, 0x00, 0x20, 0xff, 
	0xff, 0x07, 0x00, 0x00, 0x00, 0xf4, 0xff, 0xff, 0xe3, 0xff, 0x0f, 0x00, 0x00, 0x00, 0x90, 0xff, 
	0xff, 0x0f, 0x00, 0x00, 0x00, 0xfa, 0xff, 0xff, 0xe1, 0xff, 0x1f, 0x00, 0x00, 0x00, 0xd0, 0xff, 
	0xff, 0x1f, 0x00, 0x00, 0x00, 0xfa, 0xff, 0xff, 0xcc, 0xfb, 0x3f, 0x00, 0x00, 0x00, 0xc8, 0xff, 
	0xff, 0x1f, 0x00, 0x00, 0x00, 0xff, 0xff, 0x7f, 0x8e, 0xf9, 0x3f, 0x00, 0x00, 0x00, 0xe4, 0xff, 
	0xff, 0x1f, 0x00, 0x00, 0x80, 0xff, 0xff, 0x13, 0x1f, 0xfc, 0x7f, 0x00, 0x00, 0x00, 0xf6, 0xff, 
	0xff, 0x7f, 0x00, 0x00, 0xc0, 0xff, 0xff, 0x83, 0x7f, 0xfc, 0xff, 0x00, 0x00, 0x00, 0xfb, 0xff, 
	0xff, 0xff, 0x00, 0x00, 0xc0, 0xff, 0xff, 0xff, 0xff, 0xff, 0xff, 0x03, 0x00, 0x80, 0xf8, 0xff, 
	0x3f, 0xf8, 0x03, 0x00, 0xc0, 0xff, 0xff, 0xff, 0xff, 0xff, 0xff, 0x07, 0x00, 0x60, 0xff, 0xff, 
	0xc1, 0x83, 0x07, 0x00, 0xf0, 0xff, 0xff, 0xff, 0xff, 0xff, 0xff, 0x1f, 0x10, 0xf8, 0xff, 0xff, 
	0xfc, 0x7f, 0x1e, 0x00, 0xfc, 0xff, 0xff, 0xff, 0xff, 0xff, 0xff, 0xff, 0x00, 0xff, 0x0f, 0xf8, 
	0xff, 0xff, 0xfe, 0xff, 0xff, 0xff, 0xff, 0xff, 0xff, 0xff, 0xff, 0xff, 0xff, 0xff, 0xe3, 0xc3, 
	0xfe, 0xff, 0xfe, 0xff, 0xff, 0xff, 0xff, 0xff, 0xff, 0xff, 0xff, 0xff, 0xff, 0xff, 0xfc, 0xbf, 
	0xf1, 0x0f, 0xff, 0xff, 0xff, 0xff, 0xff, 0xff, 0xff, 0xff, 0xff, 0xff, 0xff, 0xff, 0xf9, 0xcf, 
	0x07, 0xe0, 0xff, 0xff, 0xff, 0xff, 0xff, 0xff, 0xff, 0xff, 0xff, 0xff, 0xff, 0xff, 0x03, 0xe0, 
	0xff, 0xff, 0xff, 0xff, 0xff, 0xff, 0xff, 0xff, 0xff, 0xff, 0xff, 0xff, 0xff, 0xff, 0xff, 0xff, 
	0xff, 0xff, 0xff, 0xff, 0xff, 0xff, 0xff, 0xff, 0xff, 0xff, 0xff, 0xff, 0xff, 0xff, 0xff, 0xff, 
	0xff, 0xff, 0xff, 0xff, 0xff, 0xff, 0xff, 0xff, 0xff, 0xff, 0xff, 0xff, 0xff, 0xff, 0xff, 0xff
};
// 'dog0014', 128x50px
const unsigned char epd_bitmap_dog0014 [] PROGMEM = {
	0xff, 0xff, 0xff, 0xff, 0xff, 0xff, 0xff, 0xff, 0xff, 0xff, 0xff, 0xff, 0xff, 0xff, 0xff, 0xff, 
	0xff, 0xff, 0xff, 0xff, 0xff, 0xff, 0xff, 0xff, 0xff, 0xff, 0xff, 0xff, 0xff, 0xff, 0xff, 0xff, 
	0xff, 0xf9, 0xff, 0xff, 0xff, 0xff, 0xff, 0xff, 0xff, 0xff, 0xff, 0xff, 0xff, 0x00, 0xf0, 0xff, 
	0x7f, 0xfc, 0xff, 0xff, 0xff, 0xff, 0xff, 0xff, 0xff, 0xff, 0xff, 0xff, 0xff, 0x03, 0xc0, 0xff, 
	0x0f, 0xfe, 0xff, 0xff, 0xff, 0xff, 0xff, 0xff, 0xff, 0xff, 0xff, 0xff, 0xff, 0xff, 0x8f, 0xff, 
	0xef, 0xff, 0xf1, 0xff, 0xff, 0xff, 0xff, 0xff, 0xff, 0xff, 0xff, 0xff, 0xff, 0xff, 0x3f, 0xff, 
	0xe7, 0xff, 0xf4, 0xff, 0xff, 0xff, 0xff, 0xff, 0xff, 0xff, 0xff, 0xff, 0xff, 0x81, 0x7f, 0xfe, 
	0xe7, 0xff, 0xfe, 0xff, 0xff, 0xff, 0xff, 0xff, 0xff, 0xff, 0xff, 0xff, 0xff, 0x01, 0x7c, 0xfe, 
	0xe7, 0x7f, 0xfe, 0x01, 0xfc, 0xff, 0xff, 0xff, 0xff, 0xff, 0xff, 0xff, 0xff, 0xff, 0x78, 0xff, 
	0xef, 0x3f, 0x1f, 0x00, 0x80, 0xff, 0xff, 0xff, 0xff, 0xff, 0xff, 0xff, 0x00, 0xfc, 0x03, 0xff, 
	0xef, 0x9f, 0xc7, 0x07, 0x00, 0xfe, 0xff, 0xff, 0xff, 0xff, 0xff, 0x07, 0x10, 0xc0, 0x87, 0xff, 
	0xe7, 0x8f, 0xf0, 0x03, 0x00, 0xf8, 0xff, 0xff, 0xff, 0xff, 0xff, 0xe1, 0x01, 0x00, 0xfe, 0xff, 
	0xe7, 0x47, 0xfc, 0x03, 0x00, 0xe4, 0xff, 0xff, 0xff, 0xff, 0x3f, 0xfc, 0x01, 0x00, 0xf8, 0xff, 
	0xf3, 0x30, 0xff, 0x03, 0x00, 0xd8, 0xff, 0xff, 0xff, 0xff, 0x1f, 0xff, 0x01, 0x00, 0xe0, 0xff, 
	0x03, 0x9c, 0xff, 0x03, 0x00, 0xe0, 0xff, 0xff, 0xff, 0xff, 0xcf, 0xff, 0x01, 0x00, 0xc0, 0xff, 
	0x83, 0xcf, 0xff, 0x03, 0x00, 0xc0, 0xff, 0xff, 0xff, 0xff, 0xe7, 0xff, 0x05, 0x00, 0x90, 0xff, 
	0xff, 0xe7, 0xff, 0x01, 0x00, 0x40, 0xff, 0xff, 0xff, 0xff, 0xf1, 0xff, 0x04, 0x00, 0x20, 0xff, 
	0xff, 0xf3, 0xff, 0x01, 0x00, 0x80, 0xfe, 0xff, 0xff, 0xff, 0xf9, 0xff, 0x00, 0x00, 0x40, 0xfe, 
	0xff, 0xf3, 0xff, 0x01, 0x00, 0x80, 0xfc, 0xff, 0xff, 0xff, 0xfc, 0xff, 0x00, 0x00, 0xc0, 0xfe, 
	0xff, 0xf9, 0xff, 0x01, 0x00, 0x00, 0xfc, 0xff, 0xff, 0xff, 0xfe, 0x7f, 0x02, 0x00, 0x80, 0xfc, 
	0xff, 0xf9, 0xff, 0x00, 0x00, 0x00, 0xfd, 0xff, 0xff, 0x7f, 0xfe, 0x7f, 0x00, 0x00, 0x80, 0xfc, 
	0xff, 0xf9, 0xff, 0x00, 0x00, 0x00, 0xfd, 0xff, 0xff, 0x7f, 0xfe, 0x3f, 0x01, 0x00, 0x80, 0xfc, 
	0xff, 0xfd, 0xff, 0x00, 0x00, 0x00, 0xf9, 0xff, 0xff, 0x7f, 0xfe, 0x9f, 0x00, 0x00, 0x80, 0xfc, 
	0xff, 0xf9, 0x7f, 0x00, 0x00, 0x00, 0xf9, 0xff, 0xff, 0x7f, 0xfe, 0x4f, 0x00, 0x00, 0x40, 0xfc, 
	0xff, 0xf9, 0x0f, 0x00, 0x00, 0x00, 0xf1, 0xff, 0xff, 0x7f, 0xfe, 0x07, 0x00, 0x00, 0x40, 0xfc, 
	0xff, 0x09, 0x00, 0x00, 0x00, 0x00, 0xf1, 0xff, 0x01, 0x7e, 0xfe, 0x03, 0x00, 0x00, 0x40, 0xfc, 
	0xff, 0x03, 0x00, 0x00, 0x00, 0x00, 0xf9, 0x1f, 0x00, 0xfc, 0xfc, 0x08, 0x00, 0x00, 0x20, 0xfe, 
	0xff, 0x03, 0x00, 0x00, 0x00, 0x80, 0xf8, 0x1f, 0x00, 0xfc, 0x00, 0x04, 0x00, 0x00, 0x00, 0xfe, 
	0xff, 0x07, 0x00, 0x00, 0x00, 0x00, 0xfe, 0x1f, 0x00, 0xfc, 0x01, 0x01, 0x00, 0x00, 0x10, 0xff, 
	0xff, 0x0f, 0x00, 0x00, 0x00, 0x40, 0xff, 0x3f, 0x00, 0xfc, 0x03, 0x00, 0x00, 0x00, 0x90, 0xff, 
	0xff, 0x0f, 0x00, 0x00, 0x00, 0xa0, 0xff, 0xff, 0xe3, 0xff, 0x07, 0x00, 0x00, 0x00, 0xc8, 0xff, 
	0xff, 0x1f, 0x00, 0x00, 0x00, 0xa0, 0xff, 0xff, 0xf7, 0xff, 0x0f, 0x00, 0x00, 0x00, 0xea, 0xff, 
	0xff, 0x3f, 0x02, 0x00, 0x00, 0xd0, 0xff, 0xff, 0xf3, 0xff, 0x1f, 0x04, 0x00, 0x00, 0xf8, 0xff, 
	0xff, 0xff, 0x00, 0x00, 0x00, 0xf0, 0xff, 0xff, 0xf3, 0xff, 0xff, 0x00, 0x00, 0x00, 0xfc, 0xff, 
	0xff, 0xff, 0x03, 0x00, 0x00, 0xfc, 0xff, 0xff, 0xe3, 0xff, 0xff, 0x03, 0x00, 0x80, 0xff, 0xff, 
	0xff, 0xff, 0x0f, 0x00, 0x80, 0xff, 0xff, 0xe7, 0xe3, 0xff, 0xff, 0x1f, 0x00, 0xf0, 0xff, 0xff, 
	0xff, 0xff, 0x7f, 0x00, 0xf0, 0xff, 0xff, 0xe7, 0x89, 0xcf, 0xff, 0xff, 0xff, 0xff, 0xff, 0xff, 
	0xff, 0xff, 0xff, 0xff, 0xff, 0xff, 0xff, 0x0f, 0x1c, 0x80, 0xff, 0xff, 0xff, 0xff, 0xff, 0xff, 
	0xff, 0xff, 0xff, 0xff, 0xff, 0xff, 0xff, 0xff, 0xff, 0xc7, 0xff, 0xff, 0xff, 0xff, 0xff, 0xff, 
	0xff, 0xff, 0xff, 0xff, 0xff, 0xff, 0xff, 0xff, 0xff, 0xff, 0xff, 0xff, 0xff, 0xff, 0xff, 0xff, 
	0xff, 0x3f, 0x00, 0xe0, 0xff, 0xff, 0xff, 0xff, 0xff, 0xff, 0xff, 0xff, 0x7f, 0x00, 0xfc, 0xff, 
	0xff, 0x03, 0x20, 0x00, 0xfc, 0xff, 0xff, 0xff, 0xff, 0xff, 0xff, 0xff, 0x07, 0x10, 0xe0, 0xff, 
	0xff, 0xf8, 0xff, 0xff, 0xf8, 0xff, 0xff, 0xff, 0xff, 0xff, 0xff, 0xff, 0xe3, 0xff, 0xcf, 0xff, 
	0xff, 0xfc, 0xff, 0xff, 0xf9, 0xff, 0xff, 0xff, 0xff, 0xff, 0xff, 0xff, 0xf3, 0xff, 0xcf, 0xff, 
	0xff, 0x01, 0xfe, 0x07, 0xfc, 0xff, 0xff, 0xff, 0xff, 0xff, 0xff, 0xff, 0x07, 0xfe, 0xc0, 0xff, 
	0xff, 0x0f, 0x00, 0x00, 0xff, 0xff, 0xff, 0xff, 0xff, 0xff, 0xff, 0xff, 0x1f, 0x00, 0xf8, 0xff, 
	0xff, 0xff, 0xff, 0xff, 0xff, 0xff, 0xff, 0xff, 0xff, 0xff, 0xff, 0xff, 0xff, 0xff, 0xff, 0xff, 
	0xff, 0xff, 0xff, 0xff, 0xff, 0xff, 0xff, 0xff, 0xff, 0xff, 0xff, 0xff, 0xff, 0xff, 0xff, 0xff, 
	0xff, 0xff, 0xff, 0xff, 0xff, 0xff, 0xff, 0xff, 0xff, 0xff, 0xff, 0xff, 0xff, 0xff, 0xff, 0xff, 
	0xff, 0xff, 0xff, 0xff, 0xff, 0xff, 0xff, 0xff, 0xff, 0xff, 0xff, 0xff, 0xff, 0xff, 0xff, 0xff
};
// 'dog0016', 128x50px
const unsigned char epd_bitmap_dog0016 [] PROGMEM = {
	0xff, 0xff, 0xff, 0xff, 0xff, 0xff, 0xff, 0xff, 0xff, 0xff, 0xff, 0xff, 0xff, 0xff, 0xff, 0xff, 
	0xff, 0xff, 0xff, 0xff, 0xff, 0xff, 0xff, 0xff, 0xff, 0xff, 0xff, 0xff, 0xff, 0xff, 0xff, 0xff, 
	0xff, 0xf9, 0xff, 0xff, 0xff, 0xff, 0xff, 0xff, 0xff, 0xff, 0xff, 0xff, 0xff, 0x00, 0xf0, 0xff, 
	0x7f, 0xfc, 0xff, 0xff, 0xff, 0xff, 0xff, 0xff, 0xff, 0xff, 0xff, 0xff, 0xff, 0x03, 0xc0, 0xff, 
	0x0f, 0xfe, 0xff, 0xff, 0xff, 0xff, 0xff, 0xff, 0xff, 0xff, 0xff, 0xff, 0xff, 0xff, 0x8f, 0xff, 
	0xef, 0xff, 0xf1, 0xff, 0xff, 0xff, 0xff, 0xff, 0xff, 0xff, 0xff, 0xff, 0xff, 0xff, 0x3f, 0xff, 
	0xe7, 0xff, 0xf4, 0xff, 0xff, 0xff, 0xff, 0xff, 0xff, 0xff, 0xff, 0xff, 0xff, 0x81, 0x7f, 0xfe, 
	0xe7, 0xff, 0xfe, 0xff, 0xff, 0xff, 0xff, 0xff, 0xff, 0xff, 0xff, 0xff, 0xff, 0x01, 0x7c, 0xfe, 
	0xe7, 0x7f, 0xfe, 0x01, 0xfc, 0xff, 0xff, 0xff, 0xff, 0xff, 0xff, 0xff, 0xff, 0xff, 0x78, 0xff, 
	0xef, 0x3f, 0x1f, 0x00, 0x80, 0xff, 0xff, 0xff, 0xff, 0xff, 0xff, 0xff, 0x00, 0xfc, 0x03, 0xff, 
	0xef, 0x9f, 0xc7, 0x07, 0x00, 0xfe, 0xff, 0xff, 0xff, 0xff, 0xff, 0x07, 0x10, 0xc0, 0x87, 0xff, 
	0xe7, 0x8f, 0xf0, 0x03, 0x00, 0xf8, 0xff, 0xff, 0xff, 0xff, 0xff, 0xe1, 0x01, 0x00, 0xfe, 0xff, 
	0xe7, 0x47, 0xfc, 0x03, 0x00, 0xe4, 0xff, 0xff, 0xff, 0xff, 0x3f, 0xfc, 0x01, 0x00, 0xf8, 0xff, 
	0xf3, 0x30, 0xff, 0x03, 0x00, 0xd8, 0xff, 0xff, 0xff, 0xff, 0x1f, 0xff, 0x01, 0x00, 0xe0, 0xff, 
	0x03, 0x9c, 0xff, 0x03, 0x00, 0xe0, 0xff, 0xff, 0xff, 0xff, 0xcf, 0xff, 0x01, 0x00, 0xc0, 0xff, 
	0x83, 0xcf, 0xff, 0x03, 0x00, 0xc0, 0xff, 0xff, 0xff, 0xff, 0xe7, 0xff, 0x05, 0x00, 0x90, 0xff, 
	0xff, 0xe7, 0xff, 0x01, 0x00, 0x40, 0xff, 0xff, 0xff, 0xff, 0xf1, 0xff, 0x04, 0x00, 0x20, 0xff, 
	0xff, 0xf3, 0xff, 0x01, 0x00, 0x80, 0xfe, 0xff, 0xff, 0xff, 0xf9, 0xff, 0x00, 0x00, 0x40, 0xfe, 
	0xff, 0xf3, 0xff, 0x01, 0x00, 0x80, 0xfc, 0xff, 0xff, 0xff, 0xfc, 0xff, 0x00, 0x00, 0xc0, 0xfe, 
	0xff, 0xf9, 0xff, 0x01, 0x00, 0x00, 0xfc, 0xff, 0xff, 0xff, 0xfe, 0x7f, 0x02, 0x00, 0x80, 0xfc, 
	0xff, 0xf9, 0xff, 0x00, 0x00, 0x00, 0xfd, 0xff, 0xff, 0x7f, 0xfe, 0x7f, 0x00, 0x00, 0x80, 0xfc, 
	0xff, 0xf9, 0xff, 0x00, 0x00, 0x00, 0xfd, 0xff, 0xff, 0x7f, 0xfe, 0x3f, 0x01, 0x00, 0x80, 0xfc, 
	0xff, 0xfd, 0xff, 0x00, 0x00, 0x00, 0xf9, 0xff, 0xff, 0x7f, 0xfe, 0x9f, 0x00, 0x00, 0x80, 0xfc, 
	0xff, 0xf9, 0x7f, 0x00, 0x00, 0x00, 0xf9, 0xff, 0xff, 0x7f, 0xfe, 0x4f, 0x00, 0x00, 0x40, 0xfc, 
	0xff, 0xf9, 0x0f, 0x00, 0x00, 0x00, 0xf1, 0xff, 0xff, 0x7f, 0xfe, 0x07, 0x00, 0x00, 0x40, 0xfc, 
	0xff, 0x09, 0x00, 0x00, 0x00, 0x00, 0xf1, 0xff, 0x01, 0x7e, 0xfe, 0x03, 0x00, 0x00, 0x40, 0xfc, 
	0xff, 0x03, 0x00, 0x00, 0x00, 0x00, 0xf9, 0x1f, 0x00, 0xfc, 0xfc, 0x08, 0x00, 0x00, 0x20, 0xfe, 
	0xff, 0x03, 0x00, 0x00, 0x00, 0x80, 0xf8, 0x1f, 0x00, 0xfc, 0x00, 0x04, 0x00, 0x00, 0x00, 0xfe, 
	0xff, 0x07, 0x00, 0x00, 0x00, 0x00, 0xfe, 0x1f, 0x00, 0xfc, 0x01, 0x01, 0x00, 0x00, 0x10, 0xff, 
	0xff, 0x0f, 0x00, 0x00, 0x00, 0x40, 0xff, 0x3f, 0x00, 0xfc, 0x03, 0x00, 0x00, 0x00, 0x90, 0xff, 
	0xff, 0x0f, 0x00, 0x00, 0x00, 0xa0, 0xff, 0xff, 0xe3, 0xff, 0x07, 0x00, 0x00, 0x00, 0xc8, 0xff, 
	0xff, 0x1f, 0x00, 0x00, 0x00, 0xa0, 0xff, 0xff, 0xf7, 0xff, 0x0f, 0x00, 0x00, 0x00, 0xea, 0xff, 
	0xff, 0x3f, 0x02, 0x00, 0x00, 0xd0, 0xff, 0xff, 0xf3, 0xff, 0x1f, 0x04, 0x00, 0x00, 0xf8, 0xff, 
	0xff, 0xff, 0x00, 0x00, 0x00, 0xf0, 0xff, 0xff, 0xf3, 0xff, 0xff, 0x00, 0x00, 0x00, 0xfc, 0xff, 
	0xff, 0xff, 0x03, 0x00, 0x00, 0xfc, 0xff, 0xff, 0xe3, 0xff, 0xff, 0x03, 0x00, 0x80, 0xff, 0xff, 
	0xff, 0xff, 0x0f, 0x00, 0x80, 0xff, 0xff, 0xe7, 0xe3, 0xff, 0xff, 0x1f, 0x00, 0xf0, 0xff, 0xff, 
	0xff, 0xff, 0x7f, 0x00, 0xf0, 0xff, 0xff, 0xe7, 0x89, 0xcf, 0xff, 0xff, 0xff, 0xff, 0xff, 0xff, 
	0xff, 0xff, 0xff, 0xff, 0xff, 0xff, 0xff, 0x0f, 0x1c, 0x80, 0xff, 0xff, 0xff, 0xff, 0xff, 0xff, 
	0xff, 0xff, 0xff, 0xff, 0xff, 0xff, 0xff, 0xff, 0xff, 0xc7, 0xff, 0xff, 0xff, 0xff, 0xff, 0xff, 
	0xff, 0xff, 0xff, 0xff, 0xff, 0xff, 0xff, 0xff, 0xff, 0xff, 0xff, 0xff, 0xff, 0xff, 0xff, 0xff, 
	0xff, 0x3f, 0x00, 0xe0, 0xff, 0xff, 0xff, 0xff, 0xff, 0xff, 0xff, 0xff, 0x7f, 0x00, 0xfc, 0xff, 
	0xff, 0x03, 0x20, 0x00, 0xfc, 0xff, 0xff, 0xff, 0xff, 0xff, 0xff, 0xff, 0x07, 0x10, 0xe0, 0xff, 
	0xff, 0xf8, 0xff, 0xff, 0xf8, 0xff, 0xff, 0xff, 0xff, 0xff, 0xff, 0xff, 0xe3, 0xff, 0xcf, 0xff, 
	0xff, 0xfc, 0xff, 0xff, 0xf9, 0xff, 0xff, 0xff, 0xff, 0xff, 0xff, 0xff, 0xf3, 0xff, 0xcf, 0xff, 
	0xff, 0x01, 0xfe, 0x07, 0xfc, 0xff, 0xff, 0xff, 0xff, 0xff, 0xff, 0xff, 0x07, 0xfe, 0xc0, 0xff, 
	0xff, 0x0f, 0x00, 0x00, 0xff, 0xff, 0xff, 0xff, 0xff, 0xff, 0xff, 0xff, 0x1f, 0x00, 0xf8, 0xff, 
	0xff, 0xff, 0xff, 0xff, 0xff, 0xff, 0xff, 0xff, 0xff, 0xff, 0xff, 0xff, 0xff, 0xff, 0xff, 0xff, 
	0xff, 0xff, 0xff, 0xff, 0xff, 0xff, 0xff, 0xff, 0xff, 0xff, 0xff, 0xff, 0xff, 0xff, 0xff, 0xff, 
	0xff, 0xff, 0xff, 0xff, 0xff, 0xff, 0xff, 0xff, 0xff, 0xff, 0xff, 0xff, 0xff, 0xff, 0xff, 0xff, 
	0xff, 0xff, 0xff, 0xff, 0xff, 0xff, 0xff, 0xff, 0xff, 0xff, 0xff, 0xff, 0xff, 0xff, 0xff, 0xff
};
// 'dog0015', 128x50px
const unsigned char epd_bitmap_dog0015 [] PROGMEM = {
	0xff, 0xff, 0xff, 0xff, 0xff, 0xff, 0xff, 0xff, 0xff, 0xff, 0xff, 0xff, 0xff, 0xff, 0xff, 0xff, 
	0xff, 0xff, 0xff, 0xff, 0xff, 0xff, 0xff, 0xff, 0xff, 0xff, 0xff, 0xff, 0xff, 0xff, 0xff, 0xff, 
	0xff, 0xf9, 0xff, 0xff, 0xff, 0xff, 0xff, 0xff, 0xff, 0xff, 0xff, 0xff, 0xff, 0x00, 0xf0, 0xff, 
	0x7f, 0xfc, 0xff, 0xff, 0xff, 0xff, 0xff, 0xff, 0xff, 0xff, 0xff, 0xff, 0xff, 0x03, 0xc0, 0xff, 
	0x0f, 0xfe, 0xff, 0xff, 0xff, 0xff, 0xff, 0xff, 0xff, 0xff, 0xff, 0xff, 0xff, 0xff, 0x8f, 0xff, 
	0xef, 0xff, 0xf1, 0xff, 0xff, 0xff, 0xff, 0xff, 0xff, 0xff, 0xff, 0xff, 0xff, 0xff, 0x3f, 0xff, 
	0xe7, 0xff, 0xf4, 0xff, 0xff, 0xff, 0xff, 0xff, 0xff, 0xff, 0xff, 0xff, 0xff, 0x81, 0x7f, 0xfe, 
	0xe7, 0xff, 0xfe, 0xff, 0xff, 0xff, 0xff, 0xff, 0xff, 0xff, 0xff, 0xff, 0xff, 0x01, 0x7c, 0xfe, 
	0xe7, 0x7f, 0xfe, 0x01, 0xfc, 0xff, 0xff, 0xff, 0xff, 0xff, 0xff, 0xff, 0xff, 0xff, 0x78, 0xff, 
	0xef, 0x3f, 0x1f, 0x00, 0x80, 0xff, 0xff, 0xff, 0xff, 0xff, 0xff, 0xff, 0x00, 0xfc, 0x03, 0xff, 
	0xef, 0x9f, 0xc7, 0x07, 0x00, 0xfe, 0xff, 0xff, 0xff, 0xff, 0xff, 0x07, 0x10, 0xc0, 0x87, 0xff, 
	0xe7, 0x8f, 0xf0, 0x03, 0x00, 0xf8, 0xff, 0xff, 0xff, 0xff, 0xff, 0xe1, 0x01, 0x00, 0xfe, 0xff, 
	0xe7, 0x47, 0xfc, 0x03, 0x00, 0xe4, 0xff, 0xff, 0xff, 0xff, 0x3f, 0xfc, 0x01, 0x00, 0xf8, 0xff, 
	0xf3, 0x30, 0xff, 0x03, 0x00, 0xd8, 0xff, 0xff, 0xff, 0xff, 0x1f, 0xff, 0x01, 0x00, 0xe0, 0xff, 
	0x03, 0x9c, 0xff, 0x03, 0x00, 0xe0, 0xff, 0xff, 0xff, 0xff, 0xcf, 0xff, 0x01, 0x00, 0xc0, 0xff, 
	0x83, 0xcf, 0xff, 0x03, 0x00, 0xc0, 0xff, 0xff, 0xff, 0xff, 0xe7, 0xff, 0x05, 0x00, 0x90, 0xff, 
	0xff, 0xe7, 0xff, 0x01, 0x00, 0x40, 0xff, 0xff, 0xff, 0xff, 0xf1, 0xff, 0x04, 0x00, 0x20, 0xff, 
	0xff, 0xf3, 0xff, 0x01, 0x00, 0x80, 0xfe, 0xff, 0xff, 0xff, 0xf9, 0xff, 0x00, 0x00, 0x40, 0xfe, 
	0xff, 0xf3, 0xff, 0x01, 0x00, 0x80, 0xfc, 0xff, 0xff, 0xff, 0xfc, 0xff, 0x00, 0x00, 0xc0, 0xfe, 
	0xff, 0xf9, 0xff, 0x01, 0x00, 0x00, 0xfc, 0xff, 0xff, 0xff, 0xfe, 0x7f, 0x02, 0x00, 0x80, 0xfc, 
	0xff, 0xf9, 0xff, 0x00, 0x00, 0x00, 0xfd, 0xff, 0xff, 0x7f, 0xfe, 0x7f, 0x00, 0x00, 0x80, 0xfc, 
	0xff, 0xf9, 0xff, 0x00, 0x00, 0x00, 0xfd, 0xff, 0xff, 0x7f, 0xfe, 0x3f, 0x01, 0x00, 0x80, 0xfc, 
	0xff, 0xfd, 0xff, 0x00, 0x00, 0x00, 0xf9, 0xff, 0xff, 0x7f, 0xfe, 0x9f, 0x00, 0x00, 0x80, 0xfc, 
	0xff, 0xf9, 0x7f, 0x00, 0x00, 0x00, 0xf9, 0xff, 0xff, 0x7f, 0xfe, 0x4f, 0x00, 0x00, 0x40, 0xfc, 
	0xff, 0xf9, 0x0f, 0x00, 0x00, 0x00, 0xf1, 0xff, 0xff, 0x7f, 0xfe, 0x07, 0x00, 0x00, 0x40, 0xfc, 
	0xff, 0x09, 0x00, 0x00, 0x00, 0x00, 0xf1, 0xff, 0x01, 0x7e, 0xfe, 0x03, 0x00, 0x00, 0x40, 0xfc, 
	0xff, 0x03, 0x00, 0x00, 0x00, 0x00, 0xf9, 0x1f, 0x00, 0xfc, 0xfc, 0x08, 0x00, 0x00, 0x20, 0xfe, 
	0xff, 0x03, 0x00, 0x00, 0x00, 0x80, 0xf8, 0x1f, 0x00, 0xfc, 0x00, 0x04, 0x00, 0x00, 0x00, 0xfe, 
	0xff, 0x07, 0x00, 0x00, 0x00, 0x00, 0xfe, 0x1f, 0x00, 0xfc, 0x01, 0x01, 0x00, 0x00, 0x10, 0xff, 
	0xff, 0x0f, 0x00, 0x00, 0x00, 0x40, 0xff, 0x3f, 0x00, 0xfc, 0x03, 0x00, 0x00, 0x00, 0x90, 0xff, 
	0xff, 0x0f, 0x00, 0x00, 0x00, 0xa0, 0xff, 0xff, 0xe3, 0xff, 0x07, 0x00, 0x00, 0x00, 0xc8, 0xff, 
	0xff, 0x1f, 0x00, 0x00, 0x00, 0xa0, 0xff, 0xff, 0xf7, 0xff, 0x0f, 0x00, 0x00, 0x00, 0xea, 0xff, 
	0xff, 0x3f, 0x02, 0x00, 0x00, 0xd0, 0xff, 0xff, 0xf3, 0xff, 0x1f, 0x04, 0x00, 0x00, 0xf8, 0xff, 
	0xff, 0xff, 0x00, 0x00, 0x00, 0xf0, 0xff, 0xff, 0xf3, 0xff, 0xff, 0x00, 0x00, 0x00, 0xfc, 0xff, 
	0xff, 0xff, 0x03, 0x00, 0x00, 0xfc, 0xff, 0xff, 0xe3, 0xff, 0xff, 0x03, 0x00, 0x80, 0xff, 0xff, 
	0xff, 0xff, 0x0f, 0x00, 0x80, 0xff, 0xff, 0xe7, 0xe3, 0xff, 0xff, 0x1f, 0x00, 0xf0, 0xff, 0xff, 
	0xff, 0xff, 0x7f, 0x00, 0xf0, 0xff, 0xff, 0xe7, 0x89, 0xcf, 0xff, 0xff, 0xff, 0xff, 0xff, 0xff, 
	0xff, 0xff, 0xff, 0xff, 0xff, 0xff, 0xff, 0x0f, 0x1c, 0x80, 0xff, 0xff, 0xff, 0xff, 0xff, 0xff, 
	0xff, 0xff, 0xff, 0xff, 0xff, 0xff, 0xff, 0xff, 0xff, 0xc7, 0xff, 0xff, 0xff, 0xff, 0xff, 0xff, 
	0xff, 0xff, 0xff, 0xff, 0xff, 0xff, 0xff, 0xff, 0xff, 0xff, 0xff, 0xff, 0xff, 0xff, 0xff, 0xff, 
	0xff, 0x3f, 0x00, 0xe0, 0xff, 0xff, 0xff, 0xff, 0xff, 0xff, 0xff, 0xff, 0x7f, 0x00, 0xfc, 0xff, 
	0xff, 0x03, 0x20, 0x00, 0xfc, 0xff, 0xff, 0xff, 0xff, 0xff, 0xff, 0xff, 0x07, 0x10, 0xe0, 0xff, 
	0xff, 0xf8, 0xff, 0xff, 0xf8, 0xff, 0xff, 0xff, 0xff, 0xff, 0xff, 0xff, 0xe3, 0xff, 0xcf, 0xff, 
	0xff, 0xfc, 0xff, 0xff, 0xf9, 0xff, 0xff, 0xff, 0xff, 0xff, 0xff, 0xff, 0xf3, 0xff, 0xcf, 0xff, 
	0xff, 0x01, 0xfe, 0x07, 0xfc, 0xff, 0xff, 0xff, 0xff, 0xff, 0xff, 0xff, 0x07, 0xfe, 0xc0, 0xff, 
	0xff, 0x0f, 0x00, 0x00, 0xff, 0xff, 0xff, 0xff, 0xff, 0xff, 0xff, 0xff, 0x1f, 0x00, 0xf8, 0xff, 
	0xff, 0xff, 0xff, 0xff, 0xff, 0xff, 0xff, 0xff, 0xff, 0xff, 0xff, 0xff, 0xff, 0xff, 0xff, 0xff, 
	0xff, 0xff, 0xff, 0xff, 0xff, 0xff, 0xff, 0xff, 0xff, 0xff, 0xff, 0xff, 0xff, 0xff, 0xff, 0xff, 
	0xff, 0xff, 0xff, 0xff, 0xff, 0xff, 0xff, 0xff, 0xff, 0xff, 0xff, 0xff, 0xff, 0xff, 0xff, 0xff, 
	0xff, 0xff, 0xff, 0xff, 0xff, 0xff, 0xff, 0xff, 0xff, 0xff, 0xff, 0xff, 0xff, 0xff, 0xff, 0xff
};

// Array of all bitmaps for convenience. (Total bytes used to store images in PROGMEM = 17136)
const int DOG = 21;
const unsigned char* epd_bitmap_Dog[DOG] = {
	epd_bitmap_dog0000,
	epd_bitmap_dog0001,
	epd_bitmap_dog0002,
	epd_bitmap_dog0003,
	epd_bitmap_dog0004,
	epd_bitmap_dog0005,
	epd_bitmap_dog0006,
	epd_bitmap_dog0007,
	epd_bitmap_dog0008,
	epd_bitmap_dog0009,
	epd_bitmap_dog0010,
	epd_bitmap_dog0011,
	epd_bitmap_dog0012,
	epd_bitmap_dog0013,
	epd_bitmap_dog0014,
	epd_bitmap_dog0015,
	epd_bitmap_dog0016,
	epd_bitmap_dog0017,
	epd_bitmap_dog0018,
	epd_bitmap_dog0019,
	epd_bitmap_dog0020
};

// --- Add this at the bottom of animation.h ---

const int FRAMES_TOO_CLOSE = 21;
const unsigned char* const epd_bitmap_tooClose[FRAMES_TOO_CLOSE] PROGMEM = {
  epd_bitmap_angy20000, epd_bitmap_angy20001, epd_bitmap_angy20002, epd_bitmap_angy20003,
  epd_bitmap_angy20004, epd_bitmap_angy20005, epd_bitmap_angy20006, epd_bitmap_angy20007,
  epd_bitmap_angy20008, epd_bitmap_angy20009, epd_bitmap_angy20010, epd_bitmap_angy20011,
  epd_bitmap_angy20012, epd_bitmap_angy20013, epd_bitmap_angy20014, epd_bitmap_angy20015,
  epd_bitmap_angy20016, epd_bitmap_angy20017, epd_bitmap_angy20018, epd_bitmap_angy20019,
  epd_bitmap_angy20020
};

const int FRAMES_OKAY = 21;
const unsigned char* const epd_bitmap_okay[FRAMES_OKAY] PROGMEM = {
  epd_bitmap_happi0000, epd_bitmap_happi0001, epd_bitmap_happi0002, epd_bitmap_happi0003,
  epd_bitmap_happi0004, epd_bitmap_happi0005, epd_bitmap_happi0006, epd_bitmap_happi0007,
  epd_bitmap_happi0008, epd_bitmap_happi0009, epd_bitmap_happi0010, epd_bitmap_happi0011,
  epd_bitmap_happi0012, epd_bitmap_happi0013, epd_bitmap_happi0014, epd_bitmap_happi0015,
  epd_bitmap_happi0016, epd_bitmap_happi0017, epd_bitmap_happi0018, epd_bitmap_happi0019,
  epd_bitmap_happi0020
};

const int FRAMES_TOO_FAR = 21;
const unsigned char* const epd_bitmap_tooFar[FRAMES_TOO_FAR] PROGMEM = {
  epd_bitmap_frame0000, epd_bitmap_frame0001, epd_bitmap_frame0002, epd_bitmap_frame0003,
  epd_bitmap_frame0004, epd_bitmap_frame0005, epd_bitmap_frame0006, epd_bitmap_frame0007,
  epd_bitmap_frame0008, epd_bitmap_frame0009, epd_bitmap_frame0010, epd_bitmap_frame0011,
  epd_bitmap_frame0012, epd_bitmap_frame0013, epd_bitmap_frame0014, epd_bitmap_frame0015,
  epd_bitmap_frame0016, epd_bitmap_frame0017, epd_bitmap_frame0018, epd_bitmap_frame0019,
  epd_bitmap_frame0020
};